시군구,번지,본번,부번,단지명,전용면적(㎡),계약년월,계약일,거래금액(만원),층,건축년도,도로명,NO,매수자,매도자,해제사유발생일,거래유형,중개사소재지
경상남도 창원진해구 이동,347-1,347,1,	(347-1)	,50.94,201501,13,"         8,400",2,2010.0,충장로407번길 9-15,,,,,,
경상남도 창원진해구 이동,347-1,347,1,	(347-1)	,50.94,201501,13,"         8,400",2,2010.0,충장로407번길 9-15,,,,,,
경상남도 창원진해구 회현동,3-1,3,1,하이존텔 3차,25.59,201501,28,"         3,350",6,2005.0,편백로8번길 3-2,,,,,,
경상남도 창원진해구 충무동,28-135,28,135,하이존텔,25.79,201501,15,"         3,000",6,2001.0,충장로176번길 18,,,,,,
경상남도 창원진해구 이동,538-28,538,28,우진오피스텔,44.25,201502,5,"         3,100",3,2003.0,충장로364번나길 14,,,,,,
경상남도 창원진해구 회현동,3-1,3,1,하이존텔 3차,25.59,201502,16,"         3,450",6,2005.0,편백로8번길 3-2,,,,,,
경상남도 창원진해구 화천동,2-4,2,4,로얄스톤2차,63.99,201502,14,"        12,000",2,2014.0,중원로85번길 23,,,,,,
경상남도 창원진해구 충무동,28-26,28,26,하이존텔2,39.8,201503,26,"         5,800",2,2002.0,충장로176번길 17,,,,,,
경상남도 창원진해구 광화동,26,26,0,진해미진이지비아,28.26,201504,20,"         7,870",6,2014.0,중원동로 33,,,,,,
경상남도 창원진해구 경화동,1153-14,1153,14,하이존텔4차,28.11,201505,26,"         3,600",7,2005.0,충장로273번길 16,,,,,,
경상남도 창원진해구 용원동,1135-6,1135,6,재상베네스타운,26.55,201505,25,"         3,550",2,2003.0,용원남로7번길 16,,,,,,
경상남도 창원진해구 경화동,887,887,0,한동 더 푸름,56.1,201505,6,"        13,000",7,2012.0,병암로37번길 8-10,,,,,,
경상남도 창원진해구 용원동,1135-6,1135,6,재상베네스타운,33.93,201505,7,"         3,750",6,2003.0,용원남로7번길 16,,,,,,
경상남도 창원진해구 이동,538-28,538,28,우진오피스텔,32.59,201505,4,"         3,500",6,2003.0,충장로364번나길 14,,,,,,
경상남도 창원진해구 속천동,7,7,0,진해유진에코블루스카이,29.69,201506,16,"         8,590",7,2015.0, ,,,,,,
경상남도 창원진해구 회현동,3-1,3,1,하이존텔 3차,25.59,201506,9,"         3,500",5,2005.0,편백로8번길 3-2,,,,,,
경상남도 창원진해구 속천동,7,7,0,진해유진에코블루스카이,29.69,201507,2,"         8,590",8,2015.0, ,,,,,,
경상남도 창원진해구 속천동,7,7,0,진해유진에코블루스카이,29.69,201507,2,"         8,590",9,2015.0, ,,,,,,
경상남도 창원진해구 속천동,7,7,0,진해유진에코블루스카이,29.69,201507,31,"         8,590",12,2015.0, ,,,,,,
경상남도 창원진해구 속천동,7,7,0,진해유진에코블루스카이,29.69,201507,31,"         8,590",8,2015.0, ,,,,,,
경상남도 창원진해구 풍호동,807-3,807,3,토원주택,75.01,201507,29,"        11,000",7,2003.0,천자로413번길 5,,,,,,
경상남도 창원진해구 속천동,7,7,0,진해유진에코블루스카이,29.69,201508,21,"         7,100",15,2015.0, ,,,,,,
경상남도 창원진해구 충무동,28-135,28,135,하이존텔,25.79,201508,22,"         2,700",2,2001.0,충장로176번길 18,,,,,,
경상남도 창원진해구 화천동,11-1,11,1,(11-1),37.44,201508,30,"         7,270",2,2015.0,중원로 83-1,,,,,,
경상남도 창원진해구 속천동,7,7,0,진해유진에코블루스카이,29.69,201508,27,"         8,590",13,2015.0, ,,,,,,
경상남도 창원진해구 속천동,7,7,0,진해유진에코블루스카이,29.69,201508,28,"         8,590",10,2015.0, ,,,,,,
경상남도 창원진해구 속천동,7,7,0,진해유진에코블루스카이,29.69,201509,21,"         8,500",15,2015.0, ,,,,,,
경상남도 창원진해구 속천동,7,7,0,진해유진에코블루스카이,29.69,201509,22,"         7,900",6,2015.0, ,,,,,,
경상남도 창원진해구 경화동,900,900,0,	(900)	,65.87,201509,22,"        16,500",8,2013.0,진해대로694번길 24,,,,,,
경상남도 창원진해구 용원동,1135-6,1135,6,재상베네스타운,33.93,201509,18,"         3,700",10,2003.0,용원남로7번길 16,,,,,,
경상남도 창원진해구 화천동,11-1,11,1,(11-1),41.94,201510,26,"         7,664",2,2015.0,중원로 83-1,,,,,,
경상남도 창원진해구 광화동,26,26,0,진해미진이지비아,26.04,201510,30,"         7,230",5,2014.0,중원동로 33,,,,,,
경상남도 창원진해구 광화동,26,26,0,진해미진이지비아,28.26,201510,30,"         7,260",2,2014.0,중원동로 33,,,,,,
경상남도 창원진해구 속천동,7,7,0,진해유진에코블루스카이,29.69,201510,13,"         8,590",12,2015.0, ,,,,,,
경상남도 창원진해구 경화동,1153-14,1153,14,하이존텔4차,41.71,201510,28,"         3,800",4,2005.0,충장로273번길 16,,,,,,
경상남도 창원진해구 회현동,3-1,3,1,하이존텔 3차,25.59,201511,5,"         3,050",5,2005.0,편백로8번길 3-2,,,,,,
경상남도 창원진해구 회현동,3-1,3,1,하이존텔 3차,25.59,201511,16,"         3,500",7,2005.0,편백로8번길 3-2,,,,,,
경상남도 창원진해구 이동,520-4,520,4,보람 더좋은 퍼스트,68.22,201511,19,"        15,000",2,2014.0,병암로7번길 8-25,,,,,,
경상남도 창원진해구 용원동,1135-6,1135,6,재상베네스타운,33.93,201511,10,"         3,650",5,2003.0,용원남로7번길 16,,,,,,
경상남도 창원진해구 이동,538-28,538,28,우진오피스텔,32.59,201512,16,"         4,200",4,2003.0,충장로364번나길 14,,,,,,
경상남도 창원진해구 용원동,1135-6,1135,6,재상베네스타운,33.93,201512,7,"         3,900",2,2003.0,용원남로7번길 16,,,,,,
경상남도 창원진해구 이동,538-28,538,28,우진오피스텔,30.88,201512,14,"         3,200",5,2003.0,충장로364번나길 14,,,,,,
경상남도 창원진해구 경화동,900,900,0,	(900)	,65.87,201601,25,"        17,000",8,2013.0,진해대로694번길 24,,,,,,
경상남도 창원진해구 중평동,1-3,1,3,미소오피스텔,35.27,201601,6,"         3,450",2,2004.0,중원서로 41-1,,,,,,
경상남도 창원진해구 광화동,26,26,0,진해미진이지비아,55.38,201601,11,"        15,190",13,2014.0,중원동로 33,,,,,,
경상남도 창원진해구 대죽동,41-4,41,4,미성빌리지4차,83.52,201603,25,"        20,000",4,2015.0,태평로 150,,,,,,
경상남도 창원진해구 풍호동,807-3,807,3,토원주택,49.5,201603,31,"         5,100",4,2003.0,천자로413번길 5,,,,,,
경상남도 창원진해구 회현동,3-1,3,1,하이존텔 3차,25.59,201604,11,"         3,500",4,2005.0,편백로8번길 3-2,,,,,,
경상남도 창원진해구 회현동,3-1,3,1,하이존텔 3차,25.59,201604,19,"         3,200",3,2005.0,편백로8번길 3-2,,,,,,
경상남도 창원진해구 회현동,3-1,3,1,하이존텔 3차,25.59,201604,13,"         2,500",6,2005.0,편백로8번길 3-2,,,,,,
경상남도 창원진해구 용원동,1135-6,1135,6,재상베네스타운,33.93,201604,12,"         3,800",2,2003.0,용원남로7번길 16,,,,,,
경상남도 창원진해구 이동,538-28,538,28,우진오피스텔,44.25,201604,1,"         4,300",5,2003.0,충장로364번나길 14,,,,,,
경상남도 창원진해구 이동,538-28,538,28,우진오피스텔,44.25,201604,25,"         4,000",7,2003.0,충장로364번나길 14,,,,,,
경상남도 창원진해구 용원동,1135-6,1135,6,재상베네스타운,33.93,201604,12,"         4,200",2,2003.0,용원남로7번길 16,,,,,,
경상남도 창원진해구 회현동,3-1,3,1,하이존텔 3차,25.59,201604,13,"         3,000",4,2005.0,편백로8번길 3-2,,,,,,
경상남도 창원진해구 풍호동,807-3,807,3,토원주택,36.9,201605,11,"         4,550",7,2003.0,천자로413번길 5,,,,,,
경상남도 창원진해구 이동,347-1,347,1,	(347-1)	,38.1,201605,2,"         7,800",2,2010.0,충장로407번길 9-15,,,,,,
경상남도 창원진해구 이동,538-28,538,28,우진오피스텔,44.25,201605,16,"         4,700",5,2003.0,충장로364번나길 14,,,,,,
경상남도 창원진해구 화천동,10-1,10,1,태연빌리지,41.94,201606,15,"         8,220",2,2015.0,중원로85번길 15,,,,,,
경상남도 창원진해구 화천동,10-1,10,1,태연빌리지,37.44,201607,6,"         6,710",2,2015.0,중원로85번길 15,,,,,,
경상남도 창원진해구 중앙동,11-2,11,2,진해비젼오피스텔,35.52,201607,13,"         5,000",3,2009.0,중원동로 60,,,,,,
경상남도 창원진해구 경화동,1153-14,1153,14,하이존텔4차,41.71,201608,29,"         4,000",2,2005.0,충장로273번길 16,,,,,,
경상남도 창원진해구 경화동,1165-2,1165,2,	(1165-2)	,59.72,201608,12,"        11,000",4,2012.0,경화로21번길 37,,,,,,
경상남도 창원진해구 풍호동,807-3,807,3,토원주택,75.01,201609,6,"         7,000",5,2003.0,천자로413번길 5,,,,,,
경상남도 창원진해구 풍호동,807-3,807,3,토원주택,75.01,201609,6,"         7,000",4,2003.0,천자로413번길 5,,,,,,
경상남도 창원진해구 용원동,1135-6,1135,6,재상베네스타운,26.55,201610,12,"         3,050",7,2003.0,용원남로7번길 16,,,,,,
경상남도 창원진해구 풍호동,807-3,807,3,토원주택,49.5,201610,24,"         4,600",4,2003.0,천자로413번길 5,,,,,,
경상남도 창원진해구 회현동,3-1,3,1,하이존텔 3차,25.59,201610,31,"         3,470",3,2005.0,편백로8번길 3-2,,,,,,
경상남도 창원진해구 충무동,28-135,28,135,하이존텔,27.72,201610,25,"         3,000",5,2001.0,충장로176번길 18,,,,,,
경상남도 창원진해구 풍호동,807-3,807,3,토원주택,36.9,201612,26,"         4,800",3,2003.0,천자로413번길 5,,,,,,
경상남도 창원진해구 광화동,26,26,0,진해미진이지비아,28.26,201612,22,"         7,083",5,2014.0,중원동로 33,,,,,,
경상남도 창원진해구 충무동,28-26,28,26,하이존텔2,42.16,201612,1,"         3,700",5,2002.0,충장로176번길 17,,,,,,
경상남도 창원진해구 광화동,26,26,0,진해미진이지비아,28.26,201612,22,"         7,083",9,2014.0,중원동로 33,,,,,,
경상남도 창원진해구 마천동,50-12,50,12,한결예다움,76.2,201701,2,"        18,560",3,2014.0,웅동로 103,,,,,,
경상남도 창원진해구 용원동,1135-6,1135,6,재상베네스타운,33.93,201701,7,"         4,100",6,2003.0,용원남로7번길 16,,,,,,
경상남도 창원진해구 용원동,1135-6,1135,6,재상베네스타운,33.93,201701,12,"         4,000",10,2003.0,용원남로7번길 16,,,,,,
경상남도 창원진해구 광화동,26,26,0,진해미진이지비아,26.04,201701,10,"         7,230",7,2014.0,중원동로 33,,,,,,
경상남도 창원진해구 두동,1121,1121,0,진해수성,22.67,201702,15,"         3,000",2,2005.0,남의로 115,,,,,,
경상남도 창원진해구 두동,1121,1121,0,진해수성,22.67,201702,15,"         3,000",2,2005.0,남의로 115,,,,,,
경상남도 창원진해구 두동,1121,1121,0,진해수성,22.67,201702,15,"         3,000",2,2005.0,남의로 115,,,,,,
경상남도 창원진해구 두동,1121,1121,0,진해수성,22.67,201702,15,"         3,000",1,2005.0,남의로 115,,,,,,
경상남도 창원진해구 두동,1121,1121,0,진해수성,22.67,201702,15,"         3,000",1,2005.0,남의로 115,,,,,,
경상남도 창원진해구 두동,1121,1121,0,진해수성,22.67,201702,15,"         3,000",1,2005.0,남의로 115,,,,,,
경상남도 창원진해구 광화동,26,26,0,진해미진이지비아,26.04,201702,3,"         7,829",11,2014.0,중원동로 33,,,,,,
경상남도 창원진해구 두동,1121,1121,0,진해수성,22.67,201702,15,"         3,000",4,2005.0,남의로 115,,,,,,
경상남도 창원진해구 두동,1121,1121,0,진해수성,22.67,201702,15,"         3,000",5,2005.0,남의로 115,,,,,,
경상남도 창원진해구 두동,1121,1121,0,진해수성,22.67,201702,15,"         3,000",5,2005.0,남의로 115,,,,,,
경상남도 창원진해구 두동,1121,1121,0,진해수성,22.67,201702,15,"         3,000",6,2005.0,남의로 115,,,,,,
경상남도 창원진해구 두동,1121,1121,0,진해수성,22.67,201702,15,"         3,000",6,2005.0,남의로 115,,,,,,
경상남도 창원진해구 두동,1121,1121,0,진해수성,22.67,201702,15,"         3,000",5,2005.0,남의로 115,,,,,,
경상남도 창원진해구 두동,1121,1121,0,진해수성,22.67,201702,15,"         3,000",5,2005.0,남의로 115,,,,,,
경상남도 창원진해구 두동,1121,1121,0,진해수성,22.67,201702,15,"         3,000",5,2005.0,남의로 115,,,,,,
경상남도 창원진해구 두동,1121,1121,0,진해수성,22.67,201702,15,"         3,000",5,2005.0,남의로 115,,,,,,
경상남도 창원진해구 두동,1121,1121,0,진해수성,22.67,201702,15,"         3,000",4,2005.0,남의로 115,,,,,,
경상남도 창원진해구 두동,1121,1121,0,진해수성,22.67,201702,15,"         3,000",4,2005.0,남의로 115,,,,,,
경상남도 창원진해구 두동,1121,1121,0,진해수성,22.67,201702,15,"         3,000",4,2005.0,남의로 115,,,,,,
경상남도 창원진해구 두동,1121,1121,0,진해수성,22.67,201702,15,"         3,000",4,2005.0,남의로 115,,,,,,
경상남도 창원진해구 두동,1121,1121,0,진해수성,22.67,201702,15,"         3,000",5,2005.0,남의로 115,,,,,,
경상남도 창원진해구 두동,1121,1121,0,진해수성,22.67,201702,15,"         3,000",5,2005.0,남의로 115,,,,,,
경상남도 창원진해구 두동,1121,1121,0,진해수성,22.67,201702,15,"         3,000",4,2005.0,남의로 115,,,,,,
경상남도 창원진해구 두동,1121,1121,0,진해수성,22.67,201702,15,"         3,000",4,2005.0,남의로 115,,,,,,
경상남도 창원진해구 두동,1121,1121,0,진해수성,27.45,201702,15,"         3,600",10,2005.0,남의로 115,,,,,,
경상남도 창원진해구 두동,1121,1121,0,진해수성,27.45,201702,15,"         3,600",10,2005.0,남의로 115,,,,,,
경상남도 창원진해구 두동,1121,1121,0,진해수성,27.45,201702,15,"         3,600",9,2005.0,남의로 115,,,,,,
경상남도 창원진해구 두동,1121,1121,0,진해수성,27.45,201702,15,"         3,600",9,2005.0,남의로 115,,,,,,
경상남도 창원진해구 두동,1121,1121,0,진해수성,27.45,201702,15,"         3,600",7,2005.0,남의로 115,,,,,,
경상남도 창원진해구 두동,1121,1121,0,진해수성,27.45,201702,15,"         3,600",7,2005.0,남의로 115,,,,,,
경상남도 창원진해구 두동,1121,1121,0,진해수성,27.45,201702,15,"         3,600",8,2005.0,남의로 115,,,,,,
경상남도 창원진해구 두동,1121,1121,0,진해수성,27.45,201702,15,"         3,600",8,2005.0,남의로 115,,,,,,
경상남도 창원진해구 두동,1121,1121,0,진해수성,27.45,201702,15,"         3,600",6,2005.0,남의로 115,,,,,,
경상남도 창원진해구 두동,1121,1121,0,진해수성,27.45,201702,15,"         3,600",6,2005.0,남의로 115,,,,,,
경상남도 창원진해구 두동,1121,1121,0,진해수성,22.67,201702,15,"         3,000",8,2005.0,남의로 115,,,,,,
경상남도 창원진해구 두동,1121,1121,0,진해수성,22.67,201702,15,"         3,000",8,2005.0,남의로 115,,,,,,
경상남도 창원진해구 두동,1121,1121,0,진해수성,22.67,201702,15,"         3,000",8,2005.0,남의로 115,,,,,,
경상남도 창원진해구 두동,1121,1121,0,진해수성,22.67,201702,15,"         3,000",8,2005.0,남의로 115,,,,,,
경상남도 창원진해구 두동,1121,1121,0,진해수성,22.67,201702,15,"         3,000",8,2005.0,남의로 115,,,,,,
경상남도 창원진해구 두동,1121,1121,0,진해수성,22.67,201702,15,"         3,000",8,2005.0,남의로 115,,,,,,
경상남도 창원진해구 두동,1121,1121,0,진해수성,22.67,201702,15,"         3,000",9,2005.0,남의로 115,,,,,,
경상남도 창원진해구 두동,1121,1121,0,진해수성,22.67,201702,15,"         3,000",9,2005.0,남의로 115,,,,,,
경상남도 창원진해구 두동,1121,1121,0,진해수성,22.67,201702,15,"         3,000",9,2005.0,남의로 115,,,,,,
경상남도 창원진해구 두동,1121,1121,0,진해수성,22.67,201702,15,"         3,000",9,2005.0,남의로 115,,,,,,
경상남도 창원진해구 두동,1121,1121,0,진해수성,22.67,201702,15,"         3,000",9,2005.0,남의로 115,,,,,,
경상남도 창원진해구 두동,1121,1121,0,진해수성,22.67,201702,15,"         3,000",9,2005.0,남의로 115,,,,,,
경상남도 창원진해구 두동,1121,1121,0,진해수성,22.67,201702,15,"         3,000",9,2005.0,남의로 115,,,,,,
경상남도 창원진해구 두동,1121,1121,0,진해수성,22.67,201702,15,"         3,000",9,2005.0,남의로 115,,,,,,
경상남도 창원진해구 두동,1121,1121,0,진해수성,22.67,201702,15,"         3,000",10,2005.0,남의로 115,,,,,,
경상남도 창원진해구 두동,1121,1121,0,진해수성,22.67,201702,15,"         3,000",10,2005.0,남의로 115,,,,,,
경상남도 창원진해구 두동,1121,1121,0,진해수성,22.67,201702,15,"         3,000",10,2005.0,남의로 115,,,,,,
경상남도 창원진해구 두동,1121,1121,0,진해수성,22.67,201702,15,"         3,000",10,2005.0,남의로 115,,,,,,
경상남도 창원진해구 두동,1121,1121,0,진해수성,22.67,201702,15,"         3,000",10,2005.0,남의로 115,,,,,,
경상남도 창원진해구 두동,1121,1121,0,진해수성,22.67,201702,15,"         3,000",10,2005.0,남의로 115,,,,,,
경상남도 창원진해구 두동,1121,1121,0,진해수성,22.67,201702,15,"         3,000",10,2005.0,남의로 115,,,,,,
경상남도 창원진해구 두동,1121,1121,0,진해수성,22.67,201702,15,"         3,000",10,2005.0,남의로 115,,,,,,
경상남도 창원진해구 두동,1121,1121,0,진해수성,27.45,201702,15,"         3,000",2,2005.0,남의로 115,,,,,,
경상남도 창원진해구 두동,1121,1121,0,진해수성,27.45,201702,15,"         3,600",2,2005.0,남의로 115,,,,,,
경상남도 창원진해구 두동,1121,1121,0,진해수성,27.45,201702,15,"         3,600",3,2005.0,남의로 115,,,,,,
경상남도 창원진해구 두동,1121,1121,0,진해수성,27.45,201702,15,"         3,600",3,2005.0,남의로 115,,,,,,
경상남도 창원진해구 두동,1121,1121,0,진해수성,27.45,201702,15,"         3,600",4,2005.0,남의로 115,,,,,,
경상남도 창원진해구 두동,1121,1121,0,진해수성,27.45,201702,15,"         3,600",4,2005.0,남의로 115,,,,,,
경상남도 창원진해구 두동,1121,1121,0,진해수성,27.45,201702,15,"         3,600",5,2005.0,남의로 115,,,,,,
경상남도 창원진해구 두동,1121,1121,0,진해수성,27.45,201702,15,"         3,600",5,2005.0,남의로 115,,,,,,
경상남도 창원진해구 두동,1121,1121,0,진해수성,22.67,201702,15,"         3,000",3,2005.0,남의로 115,,,,,,
경상남도 창원진해구 두동,1121,1121,0,진해수성,22.67,201702,15,"         3,000",3,2005.0,남의로 115,,,,,,
경상남도 창원진해구 두동,1121,1121,0,진해수성,22.67,201702,15,"         3,000",8,2005.0,남의로 115,,,,,,
경상남도 창원진해구 두동,1121,1121,0,진해수성,22.67,201702,15,"         3,000",8,2005.0,남의로 115,,,,,,
경상남도 창원진해구 두동,1121,1121,0,진해수성,22.67,201702,15,"         3,000",6,2005.0,남의로 115,,,,,,
경상남도 창원진해구 두동,1121,1121,0,진해수성,22.67,201702,15,"         3,000",6,2005.0,남의로 115,,,,,,
경상남도 창원진해구 두동,1121,1121,0,진해수성,22.67,201702,15,"         3,000",6,2005.0,남의로 115,,,,,,
경상남도 창원진해구 두동,1121,1121,0,진해수성,22.67,201702,15,"         3,000",6,2005.0,남의로 115,,,,,,
경상남도 창원진해구 두동,1121,1121,0,진해수성,22.67,201702,15,"         3,000",7,2005.0,남의로 115,,,,,,
경상남도 창원진해구 두동,1121,1121,0,진해수성,22.67,201702,15,"         3,000",7,2005.0,남의로 115,,,,,,
경상남도 창원진해구 두동,1121,1121,0,진해수성,22.67,201702,15,"         3,000",7,2005.0,남의로 115,,,,,,
경상남도 창원진해구 두동,1121,1121,0,진해수성,22.67,201702,15,"         3,000",7,2005.0,남의로 115,,,,,,
경상남도 창원진해구 두동,1121,1121,0,진해수성,22.67,201702,15,"         3,000",7,2005.0,남의로 115,,,,,,
경상남도 창원진해구 두동,1121,1121,0,진해수성,22.67,201702,15,"         3,000",7,2005.0,남의로 115,,,,,,
경상남도 창원진해구 두동,1121,1121,0,진해수성,22.67,201702,15,"         3,000",6,2005.0,남의로 115,,,,,,
경상남도 창원진해구 두동,1121,1121,0,진해수성,22.67,201702,15,"         3,000",6,2005.0,남의로 115,,,,,,
경상남도 창원진해구 두동,1121,1121,0,진해수성,22.67,201702,15,"         3,000",2,2005.0,남의로 115,,,,,,
경상남도 창원진해구 두동,1121,1121,0,진해수성,22.67,201702,15,"         3,000",2,2005.0,남의로 115,,,,,,
경상남도 창원진해구 두동,1121,1121,0,진해수성,22.67,201702,15,"         3,000",3,2005.0,남의로 115,,,,,,
경상남도 창원진해구 두동,1121,1121,0,진해수성,22.67,201702,15,"         3,000",3,2005.0,남의로 115,,,,,,
경상남도 창원진해구 두동,1121,1121,0,진해수성,22.67,201702,15,"         3,000",2,2005.0,남의로 115,,,,,,
경상남도 창원진해구 두동,1121,1121,0,진해수성,22.67,201702,15,"         3,000",2,2005.0,남의로 115,,,,,,
경상남도 창원진해구 두동,1121,1121,0,진해수성,22.67,201702,15,"         3,000",2,2005.0,남의로 115,,,,,,
경상남도 창원진해구 두동,1121,1121,0,진해수성,22.67,201702,15,"         3,000",3,2005.0,남의로 115,,,,,,
경상남도 창원진해구 두동,1121,1121,0,진해수성,22.67,201702,15,"         3,000",3,2005.0,남의로 115,,,,,,
경상남도 창원진해구 두동,1121,1121,0,진해수성,22.67,201702,15,"         3,000",3,2005.0,남의로 115,,,,,,
경상남도 창원진해구 두동,1121,1121,0,진해수성,22.67,201702,15,"         3,000",7,2005.0,남의로 115,,,,,,
경상남도 창원진해구 두동,1121,1121,0,진해수성,22.67,201702,15,"         3,000",7,2005.0,남의로 115,,,,,,
경상남도 창원진해구 두동,1121,1121,0,진해수성,22.67,201702,15,"         3,000",4,2005.0,남의로 115,,,,,,
경상남도 창원진해구 두동,1121,1121,0,진해수성,22.67,201702,15,"         3,000",3,2005.0,남의로 115,,,,,,
경상남도 창원진해구 용원동,1212-2,1212,2,벽송수피아빌딩,44.73,201703,9,"         7,200",8,2013.0,용재로 14,,,,,,
경상남도 창원진해구 경화동,1165-2,1165,2,	(1165-2)	,59.72,201703,11,"        12,200",5,2012.0,경화로21번길 37,,,,,,
경상남도 창원진해구 용원동,1212-2,1212,2,벽송수피아빌딩,43.72,201703,9,"         7,080",9,2013.0,용재로 14,,,,,,
경상남도 창원진해구 용원동,1212-2,1212,2,벽송수피아빌딩,42.03,201703,9,"         6,800",9,2013.0,용재로 14,,,,,,
경상남도 창원진해구 용원동,1212-2,1212,2,벽송수피아빌딩,43.72,201703,9,"         7,080",9,2013.0,용재로 14,,,,,,
경상남도 창원진해구 용원동,1212-2,1212,2,벽송수피아빌딩,43.72,201703,9,"         7,080",9,2013.0,용재로 14,,,,,,
경상남도 창원진해구 용원동,1212-2,1212,2,벽송수피아빌딩,41.08,201703,9,"         6,700",10,2013.0,용재로 14,,,,,,
경상남도 창원진해구 용원동,1212-2,1212,2,벽송수피아빌딩,41.08,201703,9,"         6,600",8,2013.0,용재로 14,,,,,,
경상남도 창원진해구 용원동,1212-2,1212,2,벽송수피아빌딩,41.08,201703,9,"         6,600",8,2013.0,용재로 14,,,,,,
경상남도 창원진해구 용원동,1212-2,1212,2,벽송수피아빌딩,41.08,201703,9,"         6,700",10,2013.0,용재로 14,,,,,,
경상남도 창원진해구 용원동,1212-2,1212,2,벽송수피아빌딩,41.08,201703,9,"         6,650",9,2013.0,용재로 14,,,,,,
경상남도 창원진해구 용원동,1212-2,1212,2,벽송수피아빌딩,41.08,201703,9,"         6,650",9,2013.0,용재로 14,,,,,,
경상남도 창원진해구 용원동,1212-2,1212,2,벽송수피아빌딩,44.73,201703,9,"         7,250",9,2013.0,용재로 14,,,,,,
경상남도 창원진해구 이동,538-28,538,28,우진오피스텔,32.59,201703,21,"         2,900",5,2003.0,충장로364번나길 14,,,,,,
경상남도 창원진해구 용원동,1212-2,1212,2,벽송수피아빌딩,41.08,201703,9,"         6,600",8,2013.0,용재로 14,,,,,,
경상남도 창원진해구 용원동,1212-2,1212,2,벽송수피아빌딩,43.18,201703,9,"         7,000",8,2013.0,용재로 14,,,,,,
경상남도 창원진해구 용원동,1212-2,1212,2,벽송수피아빌딩,43.18,201703,9,"         7,000",8,2013.0,용재로 14,,,,,,
경상남도 창원진해구 용원동,1212-2,1212,2,벽송수피아빌딩,42.03,201703,9,"         6,800",8,2013.0,용재로 14,,,,,,
경상남도 창원진해구 용원동,1212-2,1212,2,벽송수피아빌딩,41.08,201703,9,"         6,700",10,2013.0,용재로 14,,,,,,
경상남도 창원진해구 중평동,1-3,1,3,미소오피스텔,34.73,201703,15,"         3,700",6,2004.0,중원서로 41-1,,,,,,
경상남도 창원진해구 용원동,1212-2,1212,2,벽송수피아빌딩,41.08,201703,9,"         6,650",9,2013.0,용재로 14,,,,,,
경상남도 창원진해구 용원동,1212-2,1212,2,벽송수피아빌딩,39.78,201703,9,"         6,500",10,2013.0,용재로 14,,,,,,
경상남도 창원진해구 용원동,1212-2,1212,2,벽송수피아빌딩,38.88,201703,9,"         6,380",10,2013.0,용재로 14,,,,,,
경상남도 창원진해구 용원동,1212-2,1212,2,벽송수피아빌딩,38.88,201703,9,"         6,380",10,2013.0,용재로 14,,,,,,
경상남도 창원진해구 용원동,1212-2,1212,2,벽송수피아빌딩,38.88,201703,9,"         6,400",10,2013.0,용재로 14,,,,,,
경상남도 창원진해구 용원동,1212-2,1212,2,벽송수피아빌딩,42.03,201703,9,"         6,900",10,2013.0,용재로 14,,,,,,
경상남도 창원진해구 충무동,28-135,28,135,하이존텔,27.72,201703,16,"         3,000",5,2001.0,충장로176번길 18,,,,,,
경상남도 창원진해구 경화동,1153-14,1153,14,하이존텔4차,32.61,201703,7,"         3,450",5,2005.0,충장로273번길 16,,,,,,
경상남도 창원진해구 경화동,1153-14,1153,14,하이존텔4차,32.61,201703,27,"         3,350",6,2005.0,충장로273번길 16,,,,,,
경상남도 창원진해구 용원동,1212-2,1212,2,벽송수피아빌딩,43.18,201703,9,"         7,000",8,2013.0,용재로 14,,,,,,
경상남도 창원진해구 충무동,28-135,28,135,하이존텔,25.79,201704,3,"         1,600",2,2001.0,충장로176번길 18,,,,,,
경상남도 창원진해구 경화동,1153-14,1153,14,하이존텔4차,31.56,201704,2,"         3,400",4,2005.0,충장로273번길 16,,,,,,
경상남도 창원진해구 풍호동,807-3,807,3,토원주택,36.9,201705,3,"         3,300",7,2003.0,천자로413번길 5,,,,,,
경상남도 창원진해구 용원동,1135-6,1135,6,재상베네스타운,33.93,201705,31,"         4,400",9,2003.0,용원남로7번길 16,,,,,,
경상남도 창원진해구 경화동,1153-14,1153,14,하이존텔4차,31.56,201706,1,"         3,500",2,2005.0,충장로273번길 16,,,,,,
경상남도 창원진해구 경화동,1165-2,1165,2,	(1165-2)	,59.72,201706,1,"         8,700",4,2012.0,경화로21번길 37,,,,,,
경상남도 창원진해구 용원동,1351,1351,0,용원동 오송스퀘어,45.24,201706,7,"        16,333",4,2017.0, ,,,,,,
경상남도 창원진해구 용원동,1135-6,1135,6,재상베네스타운,33.93,201706,12,"         4,300",8,2003.0,용원남로7번길 16,,,,,,
경상남도 창원진해구 풍호동,807-3,807,3,토원주택,36.9,201707,22,"         3,500",6,2003.0,천자로413번길 5,,,,,,
경상남도 창원진해구 중평동,1-3,1,3,미소오피스텔,35.27,201707,12,"         3,500",2,2004.0,중원서로 41-1,,,,,,
경상남도 창원진해구 용원동,1135-6,1135,6,재상베네스타운,33.93,201708,30,"         3,800",2,2003.0,용원남로7번길 16,,,,,,
경상남도 창원진해구 이동,538-28,538,28,우진오피스텔,44.25,201709,1,"         5,100",5,2003.0,충장로364번나길 14,,,,,,
경상남도 창원진해구 용원동,1135-6,1135,6,재상베네스타운,26.55,201712,18,"         3,500",3,2003.0,용원남로7번길 16,,,,,,
경상남도 창원진해구 화천동,2-4,2,4,로얄스톤2차,42.07,201712,19,"         8,000",2,2014.0,중원로85번길 23,,,,,,
경상남도 창원진해구 회현동,3-1,3,1,하이존텔 3차,25.59,201712,18,"         2,500",3,2005.0,편백로8번길 3-2,,,,,,
경상남도 창원진해구 광화동,26,26,0,진해미진이지비아,28.26,201801,2,"         6,460",9,2014.0,중원동로 33,,,,,,
경상남도 창원진해구 광화동,26,26,0,진해미진이지비아,28.26,201801,2,"         6,460",5,2014.0,중원동로 33,,,,,,
경상남도 창원진해구 속천동,7,7,0,진해유진에코블루스카이,29.69,201801,25,"         7,300",10,2015.0, ,,,,,,
경상남도 창원진해구 용원동,1135-6,1135,6,재상베네스타운,33.93,201801,29,"         4,050",2,2003.0,용원남로7번길 16,,,,,,
경상남도 창원진해구 경화동,1153-14,1153,14,하이존텔4차,32.61,201801,4,"         3,400",6,2005.0,충장로273번길 16,,,,,,
경상남도 창원진해구 속천동,7,7,0,진해유진에코블루스카이,29.69,201801,25,"         7,300",9,2015.0, ,,,,,,
경상남도 창원진해구 속천동,7,7,0,진해유진에코블루스카이,29.69,201801,25,"         7,300",14,2015.0, ,,,,,,
경상남도 창원진해구 경화동,1165-2,1165,2,	(1165-2)	,59.72,201803,20,"         8,500",4,2012.0,경화로21번길 37,,,,,,
경상남도 창원진해구 이동,538-28,538,28,우진오피스텔,32.59,201803,1,"         3,200",5,2003.0,충장로364번나길 14,,,,,,
경상남도 창원진해구 경화동,1165-2,1165,2,	(1165-2)	,59.72,201803,30,"         8,500",3,2012.0,경화로21번길 37,,,,,,
경상남도 창원진해구 광화동,26,26,0,진해미진이지비아,28.26,201806,1,"         8,522",7,2014.0,중원동로 33,,,,,,
경상남도 창원진해구 속천동,7,7,0,진해유진에코블루스카이,29.69,201807,18,"         6,000",12,2015.0, ,,,,,,
경상남도 창원진해구 충무동,28-135,28,135,하이존텔,25.79,201809,7,"         2,700",6,2001.0,충장로176번길 18,,,,,,
경상남도 창원진해구 경화동,1153-14,1153,14,하이존텔4차,28.11,201810,16,"         2,750",7,2005.0,충장로273번길 16,,,,,,
경상남도 창원진해구 충무동,28-135,28,135,하이존텔,23.97,201812,28,"         1,750",3,2001.0,충장로176번길 18,,,,,,
경상남도 창원진해구 풍호동,807-3,807,3,토원주택,75.01,201812,31,"         7,550",5,2003.0,천자로413번길 5,,,,,,
경상남도 창원진해구 풍호동,807-3,807,3,토원주택,75.01,201812,31,"         7,550",4,2003.0,천자로413번길 5,,,,,,
경상남도 창원진해구 충무동,28-8,28,8,더 프라임,65.3,201812,6,"         7,380",2,,충장로 160,,,,,,
경상남도 창원진해구 경화동,1153-14,1153,14,하이존텔4차,31.56,201901,10,"         3,150",3,2005.0,충장로273번길 16,,,,,,
경상남도 창원진해구 속천동,7,7,0,진해유진에코블루스카이,29.69,201903,8,"         7,300",16,2015.0, ,,,,,,
경상남도 창원진해구 광화동,26,26,0,진해미진이지비아,26.04,201903,12,"         6,000",9,2014.0,중원동로 33,,,,,,
경상남도 창원진해구 경화동,1153-14,1153,14,하이존텔4차,41.71,201904,2,"         4,200",5,2005.0,충장로273번길 16,,,,,,
경상남도 창원진해구 충무동,28-26,28,26,하이존텔2,42.16,201904,16,"         4,300",4,2002.0,충장로176번길 17,,,,,,
경상남도 창원진해구 회현동,3-1,3,1,하이존텔 3차,25.59,201905,6,"         3,100",6,2005.0,편백로8번길 3-2,,,,,,
경상남도 창원진해구 회현동,3-1,3,1,하이존텔 3차,25.59,201907,28,"         2,500",3,2005.0,편백로8번길 3-2,,,,,,
경상남도 창원진해구 경화동,871-3,871,3,(871-3),80.55,201907,5,"        23,000",3,2017.0,충장로345번길 48-9,,,,,,
경상남도 창원진해구 경화동,871-3,871,3,(871-3),80.55,201907,1,"        20,000",3,2017.0,충장로345번길 48-9,,,,,,
경상남도 창원진해구 회현동,3-1,3,1,하이존텔 3차,25.59,201908,28,"         3,200",5,2005.0,편백로8번길 3-2,,,,,,
경상남도 창원진해구 경화동,900,900,0,	(900)	,65.87,201908,16,"        15,000",8,2013.0,진해대로694번길 24,,,,,,
경상남도 창원진해구 풍호동,807-3,807,3,토원주택,49.5,201910,11,"         2,550",3,2003.0,천자로413번길 5,,,,,,
경상남도 창원진해구 풍호동,807-3,807,3,토원주택,49.5,201910,11,"         2,550",3,2003.0,천자로413번길 5,,,,,,
경상남도 창원진해구 대죽동,41-4,41,4,미성빌리지4차,83.52,201910,18,"        13,500",6,2015.0,태평로 150,,,,,,
경상남도 창원진해구 회현동,3-1,3,1,하이존텔 3차,25.59,201911,12,"         2,500",7,2005.0,편백로8번길 3-2,,,,,,
경상남도 창원진해구 경화동,908,908,0,경화 보람 아름채 city,74.9,201912,20,"        15,000",2,,병암로45번길 13-18,,,,,,
경상남도 창원진해구 여좌동,760-56,760,56,동원베이힐즈,64.5,201912,27,"        19,200",9,2017.0, ,,,,,,
경상남도 창원진해구 용원동,1135-6,1135,6,재상베네스타운,26.55,201912,20,"         3,200",5,2003.0,용원남로7번길 16,,,,,,
경상남도 창원진해구 충무동,28-26,28,26,하이존텔2,42.16,201912,24,"         3,800",4,2002.0,충장로176번길 17,,,,,,
경상남도 창원진해구 용원동,1135-6,1135,6,재상베네스타운,33.93,201912,20,"         3,500",10,2003.0,용원남로7번길 16,,,,,,
경상남도 창원진해구 용원동,1135-6,1135,6,재상베네스타운,33.93,201912,5,"         3,600",7,2003.0,용원남로7번길 16,,,,,,
경상남도 창원진해구 광화동,26,26,0,진해미진이지비아,26.04,202001,6,"         5,400",8,2014.0,중원동로 33,,,,,,
경상남도 창원진해구 속천동,7,7,0,진해유진에코블루스카이,29.69,202001,2,"         5,800",16,2015.0, ,,,,,,
경상남도 창원진해구 광화동,26,26,0,진해미진이지비아,28.26,202002,28,"         5,300",2,2014.0,중원동로 33,,,,,,
경상남도 창원진해구 태평동,22-1,22,1,태평로얄스톤아파트,84.53,202002,25,"        16,000",2,2018.0,태평로 10,,,,,,
경상남도 창원진해구 익선동,7-1,7,1,주건축물제1동,52.34,202002,11,"         9,600",6,2018.0,편백로14번길 6,,,,,,
경상남도 창원진해구 회현동,3-1,3,1,하이존텔 3차,25.59,202002,13,"         2,500",3,2005.0,편백로8번길 3-2,,,,,,
경상남도 창원진해구 속천동,7,7,0,진해유진에코블루스카이,29.69,202002,15,"         6,200",10,2015.0, ,,,,,,
경상남도 창원진해구 태평동,22-1,22,1,태평로얄스톤아파트,82.68,202004,8,"        15,000",2,2018.0,태평로 10,,,,,,
경상남도 창원진해구 경화동,1153-14,1153,14,하이존텔4차,31.56,202004,2,"         3,000",2,2005.0,충장로273번길 16,,,,,,
경상남도 창원진해구 풍호동,807-3,807,3,토원주택,36.9,202004,29,"         3,000",5,2003.0,천자로413번길 5,,,,,,
경상남도 창원진해구 숭인동,3,3,0,아델펠리스,83.1,202006,23,"         9,300",2,,중원로9번길 6,,,,,,
경상남도 창원진해구 숭인동,3,3,0,아델펠리스,83.1,202006,23,"         9,300",2,,중원로9번길 6,,,,,,
경상남도 창원시 진해구 충의동,8-1,8,1,주건축물제1동(8-1),84.4875,202008,19,"12,300",3,2014.0,중원로16번길 6,34.0,-,-,-,-,-
경상남도 창원시 진해구 충무동,28-135,28,135,하이존텔,23.97,202008,13,"2,000",3,2001.0,충장로176번길 18,35.0,-,-,-,-,-
경상남도 창원시 진해구 여좌동,760-56,760,56,동원베이힐즈,64.4993,202009,21,"18,000",4,2017.0, ,30.0,-,-,-,-,-
경상남도 창원시 진해구 속천동,7,7,0,진해유진에코블루스카이,29.6915,202009,7,"6,500",12,2015.0, ,32.0,-,-,-,-,-
경상남도 창원시 진해구 충무동,28-135,28,135,하이존텔,27.7175,202009,14,"1,850",4,2001.0,충장로176번길 18,31.0,-,-,20201016,-,-
경상남도 창원시 진해구 회현동,3-1,3,1,하이존텔 3차,25.5875,202009,4,"2,500",2,2005.0,편백로8번길 3-2,33.0,-,-,-,-,-
경상남도 창원시 진해구 용원동,1212-2,1212,2,벽송수피아빌딩,41.075,202010,22,"6,650",9,2013.0,용재로 14,3.0,-,-,20210809,-,-
경상남도 창원시 진해구 용원동,1212-2,1212,2,벽송수피아빌딩,44.725,202010,22,"7,250",9,2013.0,용재로 14,6.0,-,-,20210809,-,-
경상남도 창원시 진해구 용원동,1212-2,1212,2,벽송수피아빌딩,41.075,202010,22,"6,600",8,2013.0,용재로 14,5.0,-,-,20210809,-,-
경상남도 창원시 진해구 속천동,7,7,0,진해유진에코블루스카이,29.6915,202010,22,"6,150",9,2015.0, ,4.0,-,-,-,-,-
경상남도 창원시 진해구 용원동,1212-2,1212,2,벽송수피아빌딩,39.775,202010,22,"6,500",10,2013.0,용재로 14,14.0,-,-,20210809,-,-
경상남도 창원시 진해구 용원동,1212-2,1212,2,벽송수피아빌딩,41.075,202010,22,"6,650",9,2013.0,용재로 14,13.0,-,-,20210809,-,-
경상남도 창원시 진해구 용원동,1212-2,1212,2,벽송수피아빌딩,41.075,202010,22,"6,650",9,2013.0,용재로 14,12.0,-,-,20210809,-,-
경상남도 창원시 진해구 용원동,1212-2,1212,2,벽송수피아빌딩,42.025,202010,22,"6,800",9,2013.0,용재로 14,11.0,-,-,20210809,-,-
경상남도 창원시 진해구 용원동,1212-2,1212,2,벽송수피아빌딩,43.715,202010,22,"7,080",9,2013.0,용재로 14,9.0,-,-,20210809,-,-
경상남도 창원시 진해구 용원동,1212-2,1212,2,벽송수피아빌딩,43.715,202010,22,"7,080",9,2013.0,용재로 14,10.0,-,-,20210809,-,-
경상남도 창원시 진해구 용원동,1212-2,1212,2,벽송수피아빌딩,43.715,202010,22,"7,080",9,2013.0,용재로 14,8.0,-,-,20210809,-,-
경상남도 창원시 진해구 용원동,1212-2,1212,2,벽송수피아빌딩,43.175,202010,22,"7,000",8,2013.0,용재로 14,7.0,-,-,20210809,-,-
경상남도 창원시 진해구 용원동,1212-2,1212,2,벽송수피아빌딩,41.075,202010,22,"6,600",8,2013.0,용재로 14,26.0,-,-,20210809,-,-
경상남도 창원시 진해구 용원동,1212-2,1212,2,벽송수피아빌딩,43.175,202010,22,"7,000",8,2013.0,용재로 14,27.0,-,-,20210809,-,-
경상남도 창원시 진해구 충무동,28-135,28,135,하이존텔,25.785,202010,19,"2,300",6,2001.0,충장로176번길 18,28.0,-,-,-,-,-
경상남도 창원시 진해구 풍호동,807-3,807,3,토원주택,36.9,202010,15,"2,500",3,2003.0,천자로413번길 5,29.0,-,-,-,-,-
경상남도 창원시 진해구 용원동,1212-2,1212,2,벽송수피아빌딩,43.175,202010,22,"7,000",8,2013.0,용재로 14,22.0,-,-,20210809,-,-
경상남도 창원시 진해구 용원동,1212-2,1212,2,벽송수피아빌딩,38.875,202010,22,"6,380",10,2013.0,용재로 14,15.0,-,-,20210809,-,-
경상남도 창원시 진해구 용원동,1212-2,1212,2,벽송수피아빌딩,38.875,202010,22,"6,400",10,2013.0,용재로 14,17.0,-,-,20210809,-,-
경상남도 창원시 진해구 용원동,1212-2,1212,2,벽송수피아빌딩,38.875,202010,22,"6,380",10,2013.0,용재로 14,16.0,-,-,20210809,-,-
경상남도 창원시 진해구 용원동,1212-2,1212,2,벽송수피아빌딩,41.075,202010,22,"6,700",10,2013.0,용재로 14,19.0,-,-,20210809,-,-
경상남도 창원시 진해구 용원동,1212-2,1212,2,벽송수피아빌딩,41.075,202010,22,"6,700",10,2013.0,용재로 14,20.0,-,-,20210809,-,-
경상남도 창원시 진해구 용원동,1212-2,1212,2,벽송수피아빌딩,41.075,202010,22,"6,700",10,2013.0,용재로 14,21.0,-,-,20210809,-,-
경상남도 창원시 진해구 용원동,1212-2,1212,2,벽송수피아빌딩,42.025,202010,22,"6,900",10,2013.0,용재로 14,18.0,-,-,20210809,-,-
경상남도 창원시 진해구 용원동,1212-2,1212,2,벽송수피아빌딩,41.075,202010,22,"6,600",8,2013.0,용재로 14,25.0,-,-,20210809,-,-
경상남도 창원시 진해구 용원동,1212-2,1212,2,벽송수피아빌딩,44.725,202010,22,"7,200",8,2013.0,용재로 14,23.0,-,-,20210809,-,-
경상남도 창원시 진해구 용원동,1212-2,1212,2,벽송수피아빌딩,42.025,202010,22,"6,800",8,2013.0,용재로 14,24.0,-,-,20210809,-,-
경상남도 창원시 진해구 여좌동,760-56,760,56,동원베이힐즈,64.4051,202011,20,"18,400",7,2017.0, ,2.0,-,-,-,-,-
경상남도 창원시 진해구 충무동,28-135,28,135,하이존텔,27.7175,202012,29,"2,000",2,2001.0,충장로176번길 18,1.0,-,-,-,-,-
경상남도 창원시 진해구 용원동,1347,1347,0,다인로얄팰리스 부산 신항2차,47.9999,202102,3,"13,000",16,2020.0,신항2로 114,71.0,-,-,-,-,-
경상남도 창원시 진해구 화천동,2-10,2,10,화천타워,67.995,202102,2,"8,300",2,2017.0,중원로85번길 21,72.0,-,-,-,-,-
경상남도 창원시 진해구 용원동,1347-1,1347,1,다인로얄팰리스 부산 신항1차,47.7961,202103,20,"16,051",8,2020.0,신항2로 106,70.0,-,-,-,-,-
경상남도 창원시 진해구 경화동,1153-14,1153,14,하이존텔4차,32.61,202103,22,"2,800",4,2005.0,충장로273번길 16,68.0,-,-,-,-,-
경상남도 창원시 진해구 속천동,7,7,0,진해유진에코블루스카이,29.6915,202103,21,"6,300",10,2015.0, ,69.0,-,-,-,-,-
경상남도 창원시 진해구 중앙동,11-2,11,2,진해비젼오피스텔,34.395,202103,30,"3,500",3,2009.0,중원동로 60,67.0,-,-,-,-,-
경상남도 창원시 진해구 풍호동,807-3,807,3,토원주택,49.5,202105,31,"2,500",7,2003.0,천자로413번길 5,65.0,-,-,-,-,-
경상남도 창원시 진해구 용원동,1135-6,1135,6,재상베네스타운,26.55,202105,31,"3,200",4,2003.0,용원남로7번길 16,64.0,-,-,-,-,-
경상남도 창원시 진해구 용원동,1347-1,1347,1,다인로얄팰리스 부산 신항1차,47.9701,202105,20,"13,300",5,2020.0,신항2로 106,66.0,-,-,-,-,-
경상남도 창원시 진해구 회현동,3-1,3,1,하이존텔 3차,25.5875,202106,23,"2,400",8,2005.0,편백로8번길 3-2,61.0,-,-,-,-,-
경상남도 창원시 진해구 중평동,1-3,1,3,미소오피스텔,35.27,202106,16,"1,550",4,2004.0,중원서로 41-1,63.0,-,-,-,-,-
경상남도 창원시 진해구 회현동,3-1,3,1,하이존텔 3차,25.5875,202106,20,"2,400",8,2005.0,편백로8번길 3-2,62.0,-,-,20210720,-,-
경상남도 창원시 진해구 충무동,5-10,5,10,A동,61.2277,202107,10,"24,750",2,2020.0,충장로52번길 3,57.0,-,-,-,-,-
경상남도 창원시 진해구 용원동,1347-1,1347,1,다인로얄팰리스 부산 신항1차,47.7961,202107,9,"15,400",16,2020.0,신항2로 106,59.0,-,-,-,-,-
경상남도 창원시 진해구 용원동,1347-1,1347,1,다인로얄팰리스 부산 신항1차,47.7961,202107,1,"16,930",18,2020.0,신항2로 106,60.0,-,-,-,-,-
경상남도 창원시 진해구 충무동,5-10,5,10,A동,82.2409,202107,10,"32,925",2,2020.0,충장로52번길 3,56.0,-,-,-,-,-
경상남도 창원시 진해구 충무동,5-10,5,10,A동,82.2409,202107,10,"32,925",2,2020.0,충장로52번길 3,58.0,-,-,-,-,-
경상남도 창원시 진해구 용원동,1212-2,1212,2,벽송수피아빌딩,38.875,202108,8,"6,380",10,2013.0,용재로 14,46.0,-,-,20220225,-,-
경상남도 창원시 진해구 용원동,1212-2,1212,2,벽송수피아빌딩,42.025,202108,8,"6,800",8,2013.0,용재로 14,43.0,-,-,20220225,-,-
경상남도 창원시 진해구 용원동,1212-2,1212,2,벽송수피아빌딩,43.715,202108,8,"7,080",9,2013.0,용재로 14,54.0,-,-,20220225,-,-
경상남도 창원시 진해구 용원동,1212-2,1212,2,벽송수피아빌딩,43.715,202108,8,"7,080",9,2013.0,용재로 14,53.0,-,-,20220225,-,-
경상남도 창원시 진해구 용원동,1212-2,1212,2,벽송수피아빌딩,42.025,202108,8,"6,800",9,2013.0,용재로 14,52.0,-,-,20220225,-,-
경상남도 창원시 진해구 용원동,1212-2,1212,2,벽송수피아빌딩,41.075,202108,8,"6,650",9,2013.0,용재로 14,51.0,-,-,20220225,-,-
경상남도 창원시 진해구 용원동,1212-2,1212,2,벽송수피아빌딩,41.075,202108,8,"6,650",9,2013.0,용재로 14,49.0,-,-,20220225,-,-
경상남도 창원시 진해구 용원동,1212-2,1212,2,벽송수피아빌딩,41.075,202108,8,"6,650",9,2013.0,용재로 14,50.0,-,-,20220225,-,-
경상남도 창원시 진해구 용원동,1212-2,1212,2,벽송수피아빌딩,39.775,202108,8,"6,500",10,2013.0,용재로 14,48.0,-,-,20220225,-,-
경상남도 창원시 진해구 이동,538-28,538,28,우진오피스텔,32.59,202108,21,"3,250",2,2003.0,충장로364번나길 14,30.0,-,-,-,-,-
경상남도 창원시 진해구 용원동,1212-2,1212,2,벽송수피아빌딩,38.875,202108,8,"6,380",10,2013.0,용재로 14,47.0,-,-,20220225,-,-
경상남도 창원시 진해구 용원동,1212-2,1212,2,벽송수피아빌딩,43.175,202108,8,"7,000",8,2013.0,용재로 14,40.0,-,-,20220225,-,-
경상남도 창원시 진해구 용원동,1212-2,1212,2,벽송수피아빌딩,43.175,202108,8,"7,000",8,2013.0,용재로 14,42.0,-,-,20220225,-,-
경상남도 창원시 진해구 용원동,1212-2,1212,2,벽송수피아빌딩,43.175,202108,8,"7,000",8,2013.0,용재로 14,41.0,-,-,20220225,-,-
경상남도 창원시 진해구 용원동,1212-2,1212,2,벽송수피아빌딩,41.075,202108,8,"6,600",8,2013.0,용재로 14,44.0,-,-,20220225,-,-
경상남도 창원시 진해구 용원동,1212-2,1212,2,벽송수피아빌딩,38.875,202108,8,"6,400",10,2013.0,용재로 14,45.0,-,-,20220225,-,-
경상남도 창원시 진해구 용원동,1212-2,1212,2,벽송수피아빌딩,41.075,202108,8,"6,700",10,2013.0,용재로 14,38.0,-,-,20220225,-,-
경상남도 창원시 진해구 용원동,1212-2,1212,2,벽송수피아빌딩,41.075,202108,8,"6,700",10,2013.0,용재로 14,37.0,-,-,20220225,-,-
경상남도 창원시 진해구 용원동,1212-2,1212,2,벽송수피아빌딩,44.725,202108,8,"7,250",9,2013.0,용재로 14,55.0,-,-,20220225,-,-
경상남도 창원시 진해구 용원동,1212-2,1212,2,벽송수피아빌딩,44.725,202108,8,"7,200",8,2013.0,용재로 14,39.0,-,-,20220225,-,-
경상남도 창원시 진해구 용원동,1212-2,1212,2,벽송수피아빌딩,41.075,202108,8,"6,700",10,2013.0,용재로 14,36.0,-,-,20220225,-,-
경상남도 창원시 진해구 용원동,1212-2,1212,2,벽송수피아빌딩,42.025,202108,8,"6,900",10,2013.0,용재로 14,35.0,-,-,20220225,-,-
경상남도 창원시 진해구 용원동,1212-2,1212,2,벽송수피아빌딩,41.075,202108,8,"6,600",8,2013.0,용재로 14,33.0,-,-,20220225,-,-
경상남도 창원시 진해구 용원동,1212-2,1212,2,벽송수피아빌딩,41.075,202108,8,"6,600",8,2013.0,용재로 14,34.0,-,-,20220225,-,-
경상남도 창원시 진해구 용원동,1212-2,1212,2,벽송수피아빌딩,43.715,202108,8,"7,080",9,2013.0,용재로 14,32.0,-,-,20220225,-,-
경상남도 창원시 진해구 속천동,7,7,0,진해유진에코블루스카이,29.6915,202108,14,"7,000",14,2015.0, ,31.0,-,-,-,-,-
경상남도 창원시 진해구 용원동,1347,1347,0,다인로얄팰리스 부산 신항2차,31.341,202109,30,"8,000",4,2020.0,신항2로 114,27.0,-,-,-,-,-
경상남도 창원시 진해구 화천동,10-1,10,1,태연빌리지,37.44,202109,18,"3,850",2,2015.0,중원로85번길 15,28.0,-,-,-,-,-
경상남도 창원시 진해구 풍호동,807-3,807,3,토원주택,49.5,202109,14,"3,500",3,2003.0,천자로413번길 5,29.0,-,-,-,-,-
경상남도 창원시 진해구 용원동,1347,1347,0,다인로얄팰리스 부산 신항2차,48.2187,202110,16,"17,000",8,2020.0,신항2로 114,22.0,-,-,-,-,-
경상남도 창원시 진해구 광화동,26,26,0,진해미진이지비아,26.0405,202110,7,"5,100",10,2014.0,중원동로 33,25.0,-,-,20211029,-,-
경상남도 창원시 진해구 인사동,1-19,1,19,유림빌,84.9,202110,4,"14,700",2,2013.0,충장로130번길 23,26.0,-,-,-,-,-
경상남도 창원시 진해구 충무동,28-135,28,135,하이존텔,27.7175,202110,13,"1,000",4,2001.0,충장로176번길 18,23.0,-,-,-,-,-
경상남도 창원시 진해구 광화동,26,26,0,진해미진이지비아,28.2649,202110,7,"5,500",14,2014.0,중원동로 33,24.0,-,-,-,-,-
경상남도 창원시 진해구 중평동,1-3,1,3,미소오피스텔,35.27,202110,25,"2,200",4,2004.0,중원서로 41-1,18.0,-,-,-,-,-
경상남도 창원시 진해구 용원동,1135-6,1135,6,재상베네스타운,33.93,202110,16,"3,900",4,2003.0,용원남로7번길 16,21.0,-,-,-,-,-
경상남도 창원시 진해구 경화동,1153-14,1153,14,하이존텔4차,41.71,202110,19,"3,500",6,2005.0,충장로273번길 16,20.0,-,-,-,-,-
경상남도 창원시 진해구 광화동,26,26,0,진해미진이지비아,26.0405,202110,20,"5,150",4,2014.0,중원동로 33,19.0,-,-,-,-,-
경상남도 창원시 진해구 화천동,8-1,8,1,중앙아파트,58.641,202110,29,"10,830",10,2018.0,중원로85번길 17,16.0,-,-,-,-,-
경상남도 창원시 진해구 화천동,8-1,8,1,중앙아파트,80.66,202110,29,"14,850",10,2018.0,중원로85번길 17,17.0,-,-,-,-,-
경상남도 창원시 진해구 화천동,8-1,8,1,중앙아파트,80.66,202110,29,"14,850",10,2018.0,중원로85번길 17,15.0,-,-,-,-,-
경상남도 창원시 진해구 충무동,28-26,28,26,하이존텔2,40.64,202111,3,"3,800",3,2002.0,충장로176번길 17,14.0,-,-,-,직거래,-
경상남도 창원시 진해구 광화동,26,26,0,진해미진이지비아,28.2649,202111,8,"5,500",13,2014.0,중원동로 33,10.0,-,-,20211108,중개거래,부산 기장군
경상남도 창원시 진해구 용원동,1347,1347,0,다인로얄팰리스 부산 신항2차,47.9999,202111,5,"14,015",21,2020.0,신항2로 114,13.0,-,-,-,중개거래,경남 창원진해구
경상남도 창원시 진해구 광화동,26,26,0,진해미진이지비아,28.2649,202111,8,"5,500",7,2014.0,중원동로 33,12.0,-,-,-,중개거래,부산 기장군
경상남도 창원시 진해구 광화동,26,26,0,진해미진이지비아,28.2649,202111,8,"5,500",13,2014.0,중원동로 33,11.0,-,-,-,중개거래,부산 기장군
경상남도 창원시 진해구 광화동,26,26,0,진해미진이지비아,55.3834,202111,8,"10,400",14,2014.0,중원동로 33,8.0,-,-,-,중개거래,경남 창원진해구
경상남도 창원시 진해구 광화동,26,26,0,진해미진이지비아,28.2649,202111,8,"5,500",7,2014.0,중원동로 33,9.0,-,-,20211108,중개거래,부산 기장군
경상남도 창원시 진해구 광화동,26,26,0,진해미진이지비아,55.3834,202111,9,"10,200",13,2014.0,중원동로 33,7.0,-,-,-,중개거래,경남 창원진해구
경상남도 창원시 진해구 광화동,26,26,0,진해미진이지비아,55.3834,202111,18,"10,300",15,2014.0,중원동로 33,5.0,-,-,-,중개거래,경남 창원진해구
경상남도 창원시 진해구 속천동,7,7,0,진해유진에코블루스카이,29.6915,202111,9,"6,500",8,2015.0, ,6.0,-,-,-,중개거래,경남 창원진해구
경상남도 창원시 진해구 광화동,26,26,0,진해미진이지비아,28.2649,202112,2,"5,500",9,2014.0,중원동로 33,3.0,-,-,-,중개거래,부산 기장군
경상남도 창원시 진해구 광화동,26,26,0,진해미진이지비아,28.2649,202112,2,"5,500",8,2014.0,중원동로 33,4.0,-,-,-,중개거래,부산 기장군
경상남도 창원시 진해구 광화동,26,26,0,진해미진이지비아,26.0405,202112,8,"5,700",9,2014.0,중원동로 33,2.0,-,-,-,중개거래,경남 창원진해구
경상남도 창원시 진해구 충무동,28-135,28,135,하이존텔,23.97,202112,31,"1,500",4,2001.0,충장로176번길 18,1.0,-,-,-,직거래,-
경상남도 창원시 진해구 광화동,26,26,0,진해미진이지비아,28.2649,202201,14,"5,500",11,2014.0,중원동로 33,72.0,-,-,-,중개거래,부산 기장군
경상남도 창원시 진해구 충무동,28-8,28,8,더 프라임,65.3,202201,3,"7,343",2,2016.0,충장로 160,74.0,-,-,-,직거래,-
경상남도 창원시 진해구 경화동,1165-2,1165,2,(1165-2),59.72,202201,12,"7,000",2,2012.0,경화로21번길 37,73.0,-,-,-,직거래,-
경상남도 창원시 진해구 태평동,22-1,22,1,태평로얄스톤아파트,82.6793,202202,28,"14,500",2,2018.0,태평로 10,42.0,-,-,-,중개거래,경남 창원진해구
경상남도 창원시 진해구 용원동,1212-2,1212,2,벽송수피아빌딩,43.175,202202,25,"7,000",8,2013.0,용재로 14,48.0,-,-,-,중개거래,부산 중구
경상남도 창원시 진해구 용원동,1212-2,1212,2,벽송수피아빌딩,44.725,202202,25,"7,200",8,2013.0,용재로 14,49.0,-,-,-,중개거래,부산 중구
경상남도 창원시 진해구 용원동,1212-2,1212,2,벽송수피아빌딩,41.075,202202,25,"6,700",10,2013.0,용재로 14,54.0,-,-,-,중개거래,부산 중구
경상남도 창원시 진해구 용원동,1212-2,1212,2,벽송수피아빌딩,44.725,202202,25,"7,250",9,2013.0,용재로 14,50.0,-,-,-,중개거래,부산 중구
경상남도 창원시 진해구 용원동,1212-2,1212,2,벽송수피아빌딩,43.175,202202,25,"7,000",8,2013.0,용재로 14,53.0,-,-,-,중개거래,부산 중구
경상남도 창원시 진해구 광화동,26,26,0,진해미진이지비아,28.2649,202202,16,"5,200",12,2014.0,중원동로 33,69.0,-,-,-,중개거래,부산 기장군
경상남도 창원시 진해구 용원동,1212-2,1212,2,벽송수피아빌딩,42.025,202202,25,"6,800",8,2013.0,용재로 14,44.0,-,-,-,중개거래,부산 중구
경상남도 창원시 진해구 용원동,1212-2,1212,2,벽송수피아빌딩,41.075,202202,25,"6,700",10,2013.0,용재로 14,55.0,-,-,-,중개거래,부산 중구
경상남도 창원시 진해구 용원동,1212-2,1212,2,벽송수피아빌딩,41.075,202202,25,"6,700",10,2013.0,용재로 14,56.0,-,-,-,중개거래,부산 중구
경상남도 창원시 진해구 용원동,1212-2,1212,2,벽송수피아빌딩,42.025,202202,25,"6,900",10,2013.0,용재로 14,57.0,-,-,-,중개거래,부산 중구
경상남도 창원시 진해구 용원동,1212-2,1212,2,벽송수피아빌딩,38.875,202202,25,"6,380",10,2013.0,용재로 14,59.0,-,-,-,중개거래,부산 중구
경상남도 창원시 진해구 용원동,1212-2,1212,2,벽송수피아빌딩,38.875,202202,25,"6,400",10,2013.0,용재로 14,58.0,-,-,-,중개거래,부산 중구
경상남도 창원시 진해구 용원동,1212-2,1212,2,벽송수피아빌딩,41.075,202202,25,"6,600",8,2013.0,용재로 14,51.0,-,-,-,중개거래,부산 중구
경상남도 창원시 진해구 용원동,1212-2,1212,2,벽송수피아빌딩,39.775,202202,25,"6,500",10,2013.0,용재로 14,52.0,-,-,-,중개거래,부산 중구
경상남도 창원시 진해구 광화동,26,26,0,진해미진이지비아,26.0405,202202,16,"5,000",10,2014.0,중원동로 33,68.0,-,-,-,중개거래,부산 기장군
경상남도 창원시 진해구 용원동,1212-2,1212,2,벽송수피아빌딩,41.075,202202,25,"6,650",9,2013.0,용재로 14,62.0,-,-,-,중개거래,부산 중구
경상남도 창원시 진해구 용원동,1212-2,1212,2,벽송수피아빌딩,41.075,202202,25,"6,650",9,2013.0,용재로 14,63.0,-,-,-,중개거래,부산 중구
경상남도 창원시 진해구 용원동,1212-2,1212,2,벽송수피아빌딩,42.025,202202,25,"6,800",9,2013.0,용재로 14,64.0,-,-,-,중개거래,부산 중구
경상남도 창원시 진해구 광화동,26,26,0,진해미진이지비아,28.2649,202202,15,"5,500",11,2014.0,중원동로 33,70.0,-,-,-,중개거래,경남 창원진해구
경상남도 창원시 진해구 용원동,1212-2,1212,2,벽송수피아빌딩,41.075,202202,25,"6,600",8,2013.0,용재로 14,46.0,-,-,-,중개거래,부산 중구
경상남도 창원시 진해구 경화동,1153-14,1153,14,하이존텔4차,32.61,202202,6,"4,000",2,2005.0,충장로273번길 16,71.0,-,-,20220307,중개거래,경남 창원성산구
경상남도 창원시 진해구 용원동,1212-2,1212,2,벽송수피아빌딩,41.075,202202,25,"6,600",8,2013.0,용재로 14,45.0,-,-,-,중개거래,부산 중구
경상남도 창원시 진해구 충무동,28-26,28,26,하이존텔2,40.64,202202,27,"3,700",4,2002.0,충장로176번길 17,43.0,-,-,-,직거래,-
경상남도 창원시 진해구 용원동,1212-2,1212,2,벽송수피아빌딩,43.715,202202,25,"7,080",9,2013.0,용재로 14,66.0,-,-,-,중개거래,부산 중구
경상남도 창원시 진해구 용원동,1212-2,1212,2,벽송수피아빌딩,43.715,202202,25,"7,080",9,2013.0,용재로 14,67.0,-,-,-,중개거래,부산 중구
경상남도 창원시 진해구 용원동,1212-2,1212,2,벽송수피아빌딩,41.075,202202,25,"6,650",9,2013.0,용재로 14,61.0,-,-,-,중개거래,부산 중구
경상남도 창원시 진해구 용원동,1212-2,1212,2,벽송수피아빌딩,43.715,202202,25,"7,080",9,2013.0,용재로 14,65.0,-,-,-,중개거래,부산 중구
경상남도 창원시 진해구 용원동,1212-2,1212,2,벽송수피아빌딩,38.875,202202,25,"6,380",10,2013.0,용재로 14,60.0,-,-,-,중개거래,부산 중구
경상남도 창원시 진해구 용원동,1212-2,1212,2,벽송수피아빌딩,43.175,202202,25,"7,000",8,2013.0,용재로 14,47.0,-,-,-,중개거래,부산 중구
경상남도 창원시 진해구 회현동,3-1,3,1,하이존텔 3차,25.5875,202203,18,"3,400",5,2005.0,편백로8번길 3-2,39.0,-,-,-,직거래,-
경상남도 창원시 진해구 용원동,1347-1,1347,1,다인로얄팰리스 부산 신항1차,47.7961,202203,6,"15,200",19,2020.0,신항2로 106,41.0,-,-,-,중개거래,경남 창원시 진해구
경상남도 창원시 진해구 경화동,1153-14,1153,14,하이존텔4차,32.61,202203,7,"4,000",2,2005.0,충장로273번길 16,40.0,-,-,-,중개거래,경남 창원성산구
경상남도 창원시 진해구 광화동,26,26,0,진해미진이지비아,28.2649,202204,18,"5,500",15,2014.0,중원동로 33,36.0,-,-,-,중개거래,경남 창원진해구
경상남도 창원시 진해구 풍호동,807-3,807,3,토원주택,49.5,202204,11,"3,500",5,2003.0,천자로413번길 5,37.0,-,-,-,중개거래,경남 창원진해구
경상남도 창원시 진해구 속천동,7,7,0,진해유진에코블루스카이,29.6915,202204,5,"6,900",16,2015.0, ,38.0,-,-,-,중개거래,경남 창원진해구
경상남도 창원시 진해구 풍호동,807-3,807,3,토원주택,49.5,202205,4,"3,300",3,2003.0,천자로413번길 5,31.0,-,-,-,중개거래,경남 창원진해구
경상남도 창원시 진해구 중평동,1-3,1,3,미소오피스텔,35.27,202205,4,"3,450",5,2004.0,중원서로 41-1,32.0,-,-,-,중개거래,경남 창원진해구
경상남도 창원시 진해구 중평동,1-3,1,3,미소오피스텔,35.27,202205,4,"3,450",5,2004.0,중원서로 41-1,33.0,-,-,-,중개거래,경남 창원진해구
경상남도 창원시 진해구 풍호동,807-3,807,3,토원주택,49.5,202205,2,"3,300",5,2003.0,천자로413번길 5,34.0,-,-,-,중개거래,경남 창원진해구
경상남도 창원시 진해구 중평동,1-3,1,3,미소오피스텔,34.73,202205,13,"3,350",2,2004.0,중원서로 41-1,25.0,-,-,-,중개거래,경남 창원진해구
경상남도 창원시 진해구 풍호동,807-3,807,3,토원주택,49.5,202205,13,"3,500",4,2003.0,천자로413번길 5,24.0,-,-,-,중개거래,경남 창원진해구
경상남도 창원시 진해구 중평동,1-3,1,3,미소오피스텔,35.27,202205,13,"3,350",4,2004.0,중원서로 41-1,26.0,-,-,-,중개거래,경남 창원진해구
경상남도 창원시 진해구 대흥동,29-24,29,24,금강 영지아파트,84.78,202205,30,"18,000",2,2015.0,벚꽃로50번안길 3,19.0,-,-,-,직거래,-
경상남도 창원시 진해구 중평동,1-3,1,3,미소오피스텔,34.73,202205,14,"3,500",4,2004.0,중원서로 41-1,23.0,-,-,-,중개거래,경남 창원진해구
경상남도 창원시 진해구 중평동,1-3,1,3,미소오피스텔,34.73,202205,14,"3,000",5,2004.0,중원서로 41-1,22.0,-,-,-,중개거래,경남 창원진해구
경상남도 창원시 진해구 풍호동,807-3,807,3,토원주택,49.5,202205,19,"3,300",6,2003.0,천자로413번길 5,20.0,-,-,-,중개거래,경남 창원진해구
경상남도 창원시 진해구 용원동,1347,1347,0,다인로얄팰리스 부산 신항2차,47.9999,202205,12,"18,597",10,2020.0,신항2로 114,27.0,-,-,-,직거래,-
경상남도 창원시 진해구 풍호동,807-3,807,3,토원주택,49.5,202205,2,"3,300",5,2003.0,천자로413번길 5,35.0,-,-,-,중개거래,경남 창원진해구
경상남도 창원시 진해구 여좌동,797-1,797,1,헤븐하임,80.35,202205,12,"22,000",15,2016.0,충장로 147,28.0,-,-,-,중개거래,경남 창원진해구
경상남도 창원시 진해구 풍호동,807-3,807,3,토원주택,49.5,202205,9,"3,500",6,2003.0,천자로413번길 5,30.0,-,-,-,중개거래,경남 창원진해구
경상남도 창원시 진해구 풍호동,807-3,807,3,토원주택,49.5,202205,19,"3,300",3,2003.0,천자로413번길 5,21.0,-,-,-,중개거래,경남 창원진해구
경상남도 창원시 진해구 중평동,1-3,1,3,미소오피스텔,34.73,202205,11,"3,900",6,2004.0,중원서로 41-1,29.0,-,-,-,직거래,-
경상남도 창원시 진해구 용원동,1347-1,1347,1,다인로얄팰리스 부산 신항1차,47.7961,202206,20,"16,000",20,2020.0,신항2로 106,18.0,-,-,-,직거래,-
경상남도 창원시 진해구 풍호동,807-3,807,3,토원주택,36.9,202206,26,"2,500",6,2003.0,천자로413번길 5,17.0,-,-,-,중개거래,경남 창원성산구
경상남도 창원시 진해구 회현동,3-1,3,1,하이존텔 3차,25.5875,202207,7,"3,100",5,2005.0,편백로8번길 3-2,15.0,-,-,-,중개거래,경남 창원진해구
경상남도 창원시 진해구 충무동,28-135,28,135,하이존텔,25.785,202207,6,"1,470",5,2001.0,충장로176번길 18,16.0,-,-,-,중개거래,경남 창원진해구
경상남도 창원시 진해구 경화동,871-3,871,3,(871-3),80.55,202208,31,"11,000",3,2017.0,충장로345번길 48-9,14.0,-,-,-,직거래,-
경상남도 창원시 진해구 광화동,26,26,0,진해미진이지비아,55.3834,202209,28,"5,500",12,2014.0,중원동로 33,8.0,-,-,-,중개거래,경남 창원진해구
경상남도 창원시 진해구 경화동,871-3,871,3,(871-3),56.61,202209,27,"9,252",4,2017.0,충장로345번길 48-9,12.0,-,-,-,직거래,-
경상남도 창원시 진해구 경화동,977-34,977,34,H하우스,82.3137,202209,27,"16,600",3,2019.0,경화로12번길 34,11.0,-,-,-,직거래,-
경상남도 창원시 진해구 충무동,28-26,28,26,하이존텔2,42.16,202209,9,"3,900",3,2002.0,충장로176번길 17,13.0,-,-,-,직거래,-
경상남도 창원시 진해구 광화동,26,26,0,진해미진이지비아,55.3834,202209,28,"5,500",12,2014.0,중원동로 33,9.0,-,-,20221004,중개거래,경남 창원진해구
경상남도 창원시 진해구 경화동,871-3,871,3,(871-3),56.61,202209,27,"9,249",4,2017.0,충장로345번길 48-9,10.0,-,-,20221027,직거래,-
경상남도 창원시 진해구 익선동,7-1,7,1,주건축물제1동,51.64,202210,29,"12,000",3,2018.0,편백로14번길 6,2.0,-,-,-,직거래,-
경상남도 창원시 진해구 충무동,28-135,28,135,하이존텔,25.785,202210,18,"1,900",4,2001.0,충장로176번길 18,3.0,-,-,-,중개거래,경남 창원진해구
경상남도 창원시 진해구 경화동,871-3,871,3,(871-3),38.03,202210,11,"6,168",5,2017.0,충장로345번길 48-9,6.0,-,-,-,중개거래,경남 창원진해구
경상남도 창원시 진해구 용원동,1135-6,1135,6,재상베네스타운,33.93,202210,15,"3,900",3,2003.0,용원남로7번길 16,4.0,-,-,-,중개거래,경남 창원진해구
경상남도 창원시 진해구 경화동,871-3,871,3,(871-3),38.03,202210,5,"6,168",5,2017.0,충장로345번길 48-9,7.0,-,-,20221017,중개거래,경남 창원진해구
경상남도 창원시 진해구 광화동,26,26,0,진해미진이지비아,28.2649,202210,14,"5,000",4,2014.0,중원동로 33,5.0,-,-,-,중개거래,경남 창원진해구
경상남도 창원시 진해구 충무동,28-135,28,135,하이존텔,25.785,202211,22,"1,550",2,2001.0,충장로176번길 18,1.0,-,-,-,중개거래,경남 창원성산구
경상남도 창원시 진해구 경화동,1153-14,1153,14,하이존텔4차,32.61,202301,9,"3,500",6,2005.0,충장로273번길 16,49.0,-,-,-,직거래,-
경상남도 창원시 진해구 용원동,1135-6,1135,6,재상베네스타운,33.93,202302,6,"3,900",5,2003.0,용원남로7번길 16,48.0,-,-,-,중개거래,경남 창원진해구
경상남도 창원시 진해구 회현동,3-1,3,1,하이존텔 3차,25.5875,202302,26,"3,000",3,2005.0,편백로8번길 3-2,46.0,-,-,-,중개거래,경남 창원진해구
경상남도 창원시 진해구 용원동,1135-6,1135,6,재상베네스타운,26.55,202302,8,"3,250",6,2003.0,용원남로7번길 16,47.0,-,-,-,중개거래,경남 창원진해구
경상남도 창원시 진해구 용원동,1135-6,1135,6,재상베네스타운,33.93,202303,15,"3,900",4,2003.0,용원남로7번길 16,42.0,-,-,-,중개거래,경남 창원진해구
경상남도 창원시 진해구 회현동,3-1,3,1,하이존텔 3차,25.5875,202303,22,"3,500",8,2005.0,편백로8번길 3-2,41.0,-,-,-,중개거래,경남 창원성산구
경상남도 창원시 진해구 용원동,1347,1347,0,다인로얄팰리스 부산 신항2차,48.2187,202303,15,"16,000",16,2020.0,신항2로 114,44.0,-,-,-,직거래,-
경상남도 창원시 진해구 풍호동,807-3,807,3,토원주택,75.01,202303,9,"16,000",4,2003.0,천자로413번길 5,45.0,-,-,-,직거래,-
경상남도 창원시 진해구 용원동,1135-6,1135,6,재상베네스타운,33.93,202303,15,"3,900",4,2003.0,용원남로7번길 16,43.0,-,-,20230404,중개거래,경남 창원진해구
경상남도 창원시 진해구 경화동,1153-14,1153,14,하이존텔4차,28.11,202304,1,"2,850",7,2005.0,충장로273번길 16,40.0,-,-,-,직거래,-
경상남도 창원시 진해구 경화동,1153-14,1153,14,하이존텔4차,31.56,202304,11,"2,500",5,2005.0,충장로273번길 16,39.0,-,-,-,직거래,-
경상남도 창원시 진해구 광화동,26,26,0,진해미진이지비아,28.2649,202304,18,"4,200",2,2014.0,중원동로 33,38.0,-,-,-,중개거래,경남 창원진해구
경상남도 창원시 진해구 충무동,28-135,28,135,하이존텔,23.97,202304,24,"1,390",2,2001.0,충장로176번길 18,37.0,-,-,-,중개거래,경남 창원진해구
경상남도 창원시 진해구 인사동,7-26,7,26,미성오피스텔,42.9975,202304,26,"5,950",3,2006.0,인사로6번길 2,36.0,-,-,-,직거래,-
경상남도 창원시 진해구 용원동,1135-6,1135,6,재상베네스타운,33.93,202305,28,"3,900",2,2003.0,용원남로7번길 16,33.0,-,-,-,중개거래,경남 창원진해구
경상남도 창원시 진해구 용원동,1347,1347,0,다인로얄팰리스 부산 신항2차,48.2187,202305,30,"9,500",6,2020.0,신항2로 114,32.0,-,-,-,직거래,-
경상남도 창원시 진해구 여좌동,760-56,760,56,동원베이힐즈,64.4993,202305,9,"12,000",9,2017.0, ,35.0,-,-,-,중개거래,경남 창원마산합포구
경상남도 창원시 진해구 풍호동,807-3,807,3,토원주택,75.01,202305,25,"16,000",4,2003.0,천자로413번길 5,34.0,-,-,-,직거래,-
경상남도 창원시 진해구 회현동,3-1,3,1,하이존텔 3차,25.5875,202306,5,"3,550",5,2005.0,편백로8번길 3-2,31.0,-,-,-,중개거래,경남 창원성산구
경상남도 창원시 진해구 충무동,28-135,28,135,하이존텔,27.7175,202306,15,"1,500",4,2001.0,충장로176번길 18,29.0,-,-,-,중개거래,경남 창원진해구
경상남도 창원시 진해구 경화동,1153-14,1153,14,하이존텔4차,32.61,202306,12,"3,500",2,2005.0,충장로273번길 16,30.0,-,-,-,직거래,-
경상남도 창원시 진해구 용원동,1347,1347,0,다인로얄팰리스 부산 신항2차,48.2187,202306,24,"18,000",8,2020.0,신항2로 114,27.0,-,-,-,중개거래,경남 창원진해구
경상남도 창원시 진해구 인사동,7-26,7,26,미성오피스텔,35.3237,202306,15,"4,700",8,2006.0,인사로6번길 2,28.0,-,-,-,직거래,-
경상남도 창원시 진해구 경화동,1153-14,1153,14,하이존텔4차,32.61,202307,20,"3,350",5,2005.0,충장로273번길 16,25.0,-,-,-,중개거래,경남 창원진해구
경상남도 창원시 진해구 여좌동,760-56,760,56,동원베이힐즈,64.4051,202307,14,"14,175",6,2017.0, ,26.0,-,-,-,중개거래,경남 창원진해구
경상남도 창원시 진해구 충무동,28-135,28,135,하이존텔,27.7175,202307,27,"1,600",2,2001.0,충장로176번길 18,23.0,-,-,-,직거래,-
경상남도 창원시 진해구 충의동,4-1,4,1,퀸스테이트,52.181,202307,21,"8,697",2,2022.0,중원로15번길 7,24.0,-,-,-,직거래,-
경상남도 창원시 진해구 덕산동,59-19,59,19,덕산그린빌,84.416,202308,23,"31,980",3,2023.0,충장로491번길 15,16.0,-,-,-,직거래,-
경상남도 창원시 진해구 덕산동,59-19,59,19,덕산그린빌,83.849,202308,23,"31,767",1,2023.0,충장로491번길 15,14.0,-,-,-,직거래,-
경상남도 창원시 진해구 충의동,4-1,4,1,퀸스테이트,68.436,202308,30,"16,000",5,2022.0,중원로15번길 7,12.0,-,-,-,직거래,-
경상남도 창원시 진해구 덕산동,59-19,59,19,덕산그린빌,84.416,202308,23,"31,980",2,2023.0,충장로491번길 15,13.0,-,-,-,직거래,-
경상남도 창원시 진해구 덕산동,59-19,59,19,덕산그린빌,84.416,202308,23,"32,353",4,2023.0,충장로491번길 15,17.0,-,-,-,직거래,-
경상남도 창원시 진해구 덕산동,59-19,59,19,덕산그린빌,84.416,202308,23,"32,353",4,2023.0,충장로491번길 15,15.0,-,-,-,직거래,-
경상남도 창원시 진해구 덕산동,59-19,59,19,덕산그린빌,84.416,202308,23,"31,980",3,2023.0,충장로491번길 15,19.0,-,-,-,직거래,-
경상남도 창원시 진해구 덕산동,59-19,59,19,덕산그린빌,84.416,202308,23,"31,980",2,2023.0,충장로491번길 15,20.0,-,-,-,직거래,-
경상남도 창원시 진해구 덕산동,59-19,59,19,덕산그린빌,84.416,202308,23,"32,353",5,2023.0,충장로491번길 15,21.0,-,-,-,직거래,-
경상남도 창원시 진해구 덕산동,59-19,59,19,덕산그린빌,84.416,202308,23,"32,353",5,2023.0,충장로491번길 15,18.0,-,-,-,직거래,-
경상남도 창원시 진해구 여좌동,760-56,760,56,동원베이힐즈,64.4051,202308,7,"13,800",9,2017.0, ,22.0,-,-,-,중개거래,경남 창원진해구
경상남도 창원시 진해구 광화동,26,26,0,진해미진이지비아,28.2649,202309,25,"5,900",5,2014.0,중원동로 33,9.0,-,-,-,중개거래,경남 창원시 진해구
경상남도 창원시 진해구 광화동,26,26,0,진해미진이지비아,28.2649,202309,13,"5,750",11,2014.0,중원동로 33,10.0,-,-,-,중개거래,경남 창원시 진해구
경상남도 창원시 진해구 여좌동,760-56,760,56,동원베이힐즈,64.4993,202309,8,"13,500",5,2017.0, ,11.0,-,-,-,직거래,-
경상남도 창원시 진해구 충무동,28-135,28,135,하이존텔,23.97,202310,26,"1,700",3,2001.0,충장로176번길 18,7.0,-,-,-,중개거래,경남 창원진해구
경상남도 창원시 진해구 광화동,26,26,0,진해미진이지비아,26.5795,202310,21,"5,500",12,2014.0,중원동로 33,8.0,-,-,-,중개거래,경남 창원시 진해구
경상남도 창원시 진해구 회현동,3-1,3,1,하이존텔 3차,25.5875,202311,2,"3,150",7,2005.0,편백로8번길 3-2,5.0,-,-,-,중개거래,경남 창원진해구
경상남도 창원시 진해구 용원동,1347-1,1347,1,다인로얄팰리스 부산 신항1차,47.7961,202311,12,"10,000",19,2020.0,신항2로 106,4.0,-,-,-,중개거래,경남 창원진해구
경상남도 창원시 진해구 대죽동,41-4,41,4,미성빌리지4차,83.7168,202311,21,"16,000",2,2015.0,태평로 150,3.0,-,-,-,중개거래,경남 창원진해구 부산 강서구
경상남도 창원시 진해구 회현동,3-1,3,1,하이존텔 3차,25.5875,202311,2,"3,100",4,2005.0,편백로8번길 3-2,6.0,-,-,-,중개거래,경남 창원진해구
경상남도 창원시 진해구 용원동,1347,1347,0,다인로얄팰리스 부산 신항2차,48.2187,202312,13,"13,500",4,2020.0,신항2로 114,2.0,-,-,-,직거래,-
경상남도 창원시 진해구 광화동,26,26,0,진해미진이지비아,28.2649,202312,27,"5,320",6,2014.0,중원동로 33,1.0,-,-,-,중개거래,경남 창원시 진해구
경상남도 창원시 진해구 풍호동,807-3,807,3,토원주택,49.5,202401,9,"3,500",3,2003.0,천자로413번길 5,273.0,개인,개인,-,중개거래,경남 창원진해구
경상남도 창원시 진해구 풍호동,818-6,818,6,더큐브,81.39,202402,21,"31,030",7,2024.0,진해대로1041번길 21,259.0,공공기관,개인,-,직거래,-
경상남도 창원시 진해구 풍호동,818-6,818,6,더큐브,81.39,202402,21,"30,709",3,2024.0,진해대로1041번길 21,254.0,공공기관,개인,-,직거래,-
경상남도 창원시 진해구 풍호동,818-6,818,6,더큐브,81.54,202402,21,"31,084",6,2024.0,진해대로1041번길 21,260.0,공공기관,개인,-,직거래,-
경상남도 창원시 진해구 풍호동,818-6,818,6,더큐브,81.35,202402,21,"30,977",5,2024.0,진해대로1041번길 21,264.0,공공기관,개인,-,직거래,-
경상남도 창원시 진해구 풍호동,818-6,818,6,더큐브,81.54,202402,21,"31,084",5,2024.0,진해대로1041번길 21,263.0,공공기관,개인,-,직거래,-
경상남도 창원시 진해구 풍호동,818-6,818,6,더큐브,81.35,202402,21,"30,977",6,2024.0,진해대로1041번길 21,261.0,공공기관,개인,-,직거래,-
경상남도 창원시 진해구 풍호동,818-6,818,6,더큐브,81.39,202402,21,"31,030",6,2024.0,진해대로1041번길 21,262.0,공공기관,개인,-,직거래,-
경상남도 창원시 진해구 풍호동,818-6,818,6,더큐브,81.35,202402,21,"30,656",3,2024.0,진해대로1041번길 21,270.0,공공기관,개인,-,직거래,-
경상남도 창원시 진해구 풍호동,818-6,818,6,더큐브,81.35,202402,21,"30,977",4,2024.0,진해대로1041번길 21,267.0,공공기관,개인,-,직거래,-
경상남도 창원시 진해구 풍호동,818-6,818,6,더큐브,81.39,202402,21,"31,030",4,2024.0,진해대로1041번길 21,268.0,공공기관,개인,-,직거래,-
경상남도 창원시 진해구 풍호동,818-6,818,6,더큐브,81.54,202402,21,"30,763",3,2024.0,진해대로1041번길 21,269.0,공공기관,개인,-,직거래,-
경상남도 창원시 진해구 경화동,900,900,0,(900),64.53,202402,7,"15,400",8,2013.0,진해대로694번길 24,272.0,개인,개인,-,중개거래,경남 창원시 진해구
경상남도 창원시 진해구 광화동,26,26,0,진해미진이지비아,28.2649,202402,18,"5,900",7,2014.0,중원동로 33,271.0,개인,개인,-,중개거래,경남 창원시 진해구
경상남도 창원시 진해구 풍호동,818-6,818,6,더큐브,81.39,202402,21,"31,030",5,2024.0,진해대로1041번길 21,265.0,공공기관,개인,-,직거래,-
경상남도 창원시 진해구 풍호동,818-6,818,6,더큐브,81.54,202402,21,"31,084",4,2024.0,진해대로1041번길 21,266.0,공공기관,개인,-,직거래,-
경상남도 창원시 진해구 풍호동,818-6,818,6,더큐브,81.35,202402,21,"30,977",7,2024.0,진해대로1041번길 21,258.0,공공기관,개인,-,직거래,-
경상남도 창원시 진해구 이동,538-28,538,28,우진오피스텔,30.88,202402,28,"2,000",6,2003.0,충장로364번나길 14,252.0,개인,개인,-,직거래,-
경상남도 창원시 진해구 풍호동,818-6,818,6,더큐브,81.54,202402,21,"30,763",2,2024.0,진해대로1041번길 21,255.0,공공기관,개인,-,직거래,-
경상남도 창원시 진해구 풍호동,818-6,818,6,더큐브,81.35,202402,21,"30,656",2,2024.0,진해대로1041번길 21,256.0,공공기관,개인,-,직거래,-
경상남도 창원시 진해구 풍호동,818-6,818,6,더큐브,81.39,202402,21,"30,709",2,2024.0,진해대로1041번길 21,253.0,공공기관,개인,-,직거래,-
경상남도 창원시 진해구 풍호동,818-6,818,6,더큐브,81.54,202402,21,"31,084",7,2024.0,진해대로1041번길 21,257.0,공공기관,개인,-,직거래,-
경상남도 창원시 진해구 풍호동,807-3,807,3,토원주택,36.9,202403,13,"3,300",3,2003.0,천자로413번길 5,251.0,개인,개인,-,중개거래,경남 창원시진해구
경상남도 창원시 진해구 광화동,26,26,0,진해미진이지비아,55.3834,202403,21,"5,700",12,2014.0,중원동로 33,250.0,개인,개인,-,중개거래,경남 창원시 진해구
경상남도 창원시 진해구 충무동,28-135,28,135,하이존텔,23.97,202404,7,"2,500",6,2001.0,충장로176번길 18,249.0,개인,개인,-,직거래,-
경상남도 창원시 진해구 풍호동,807-3,807,3,토원주택,36.9,202404,22,"2,900",5,2003.0,천자로413번길 5,248.0,개인,개인,-,중개거래,경남 창원시진해구
경상남도 창원시 진해구 용원동,1347,1347,0,다인로얄팰리스 부산 신항2차,47.4978,202405,27,"6,000",6,2020.0,신항2로 114,245.0,개인,개인,-,직거래,-
경상남도 창원시 진해구 용원동,1347-1,1347,1,다인로얄팰리스 부산 신항1차,47.9701,202405,13,"9,700",10,2020.0,신항2로 106,247.0,개인,개인,-,중개거래,경남 창원시진해구
경상남도 창원시 진해구 용원동,1135-6,1135,6,재상베네스타운,33.93,202405,21,"3,100",10,2003.0,용원남로7번길 16,246.0,개인,개인,-,직거래,-
경상남도 창원시 진해구 용원동,1347-1,1347,1,다인로얄팰리스 부산 신항1차,47.9701,202406,17,"7,308",11,2020.0,신항2로 106,68.0,법인,법인,-,직거래,-
경상남도 창원시 진해구 용원동,1347-1,1347,1,다인로얄팰리스 부산 신항1차,47.9701,202406,17,"7,308",10,2020.0,신항2로 106,67.0,법인,법인,-,직거래,-
경상남도 창원시 진해구 용원동,1347-1,1347,1,다인로얄팰리스 부산 신항1차,47.9701,202406,17,"7,046",5,2020.0,신항2로 106,98.0,법인,법인,-,직거래,-
경상남도 창원시 진해구 용원동,1347-1,1347,1,다인로얄팰리스 부산 신항1차,47.9701,202406,17,"7,046",5,2020.0,신항2로 106,97.0,법인,법인,-,직거래,-
경상남도 창원시 진해구 용원동,1347-1,1347,1,다인로얄팰리스 부산 신항1차,47.9701,202406,17,"7,308",12,2020.0,신항2로 106,72.0,법인,법인,-,직거래,-
경상남도 창원시 진해구 용원동,1347-1,1347,1,다인로얄팰리스 부산 신항1차,47.9701,202406,17,"7,308",12,2020.0,신항2로 106,71.0,법인,법인,-,직거래,-
경상남도 창원시 진해구 용원동,1347-1,1347,1,다인로얄팰리스 부산 신항1차,47.9701,202406,17,"7,308",12,2020.0,신항2로 106,70.0,법인,법인,-,직거래,-
경상남도 창원시 진해구 용원동,1347-1,1347,1,다인로얄팰리스 부산 신항1차,47.9701,202406,17,"7,308",12,2020.0,신항2로 106,69.0,법인,법인,-,직거래,-
경상남도 창원시 진해구 용원동,1347-1,1347,1,다인로얄팰리스 부산 신항1차,47.9701,202406,17,"7,308",12,2020.0,신항2로 106,73.0,법인,법인,-,직거래,-
경상남도 창원시 진해구 용원동,1347-1,1347,1,다인로얄팰리스 부산 신항1차,47.9701,202406,17,"7,308",14,2020.0,신항2로 106,74.0,법인,법인,-,직거래,-
경상남도 창원시 진해구 용원동,1347-1,1347,1,다인로얄팰리스 부산 신항1차,47.9701,202406,17,"7,308",14,2020.0,신항2로 106,75.0,법인,법인,-,직거래,-
경상남도 창원시 진해구 용원동,1347-1,1347,1,다인로얄팰리스 부산 신항1차,47.9701,202406,17,"7,308",14,2020.0,신항2로 106,76.0,법인,법인,-,직거래,-
경상남도 창원시 진해구 용원동,1347-1,1347,1,다인로얄팰리스 부산 신항1차,47.9701,202406,17,"7,308",14,2020.0,신항2로 106,80.0,법인,법인,-,직거래,-
경상남도 창원시 진해구 용원동,1347-1,1347,1,다인로얄팰리스 부산 신항1차,47.9701,202406,17,"7,308",14,2020.0,신항2로 106,79.0,법인,법인,-,직거래,-
경상남도 창원시 진해구 용원동,1347-1,1347,1,다인로얄팰리스 부산 신항1차,47.9701,202406,17,"7,308",14,2020.0,신항2로 106,78.0,법인,법인,-,직거래,-
경상남도 창원시 진해구 용원동,1347-1,1347,1,다인로얄팰리스 부산 신항1차,47.9701,202406,17,"7,308",14,2020.0,신항2로 106,77.0,법인,법인,-,직거래,-
경상남도 창원시 진해구 용원동,1347-1,1347,1,다인로얄팰리스 부산 신항1차,47.9701,202406,17,"7,308",16,2020.0,신항2로 106,85.0,법인,법인,-,직거래,-
경상남도 창원시 진해구 용원동,1347-1,1347,1,다인로얄팰리스 부산 신항1차,47.9701,202406,17,"7,308",16,2020.0,신항2로 106,86.0,법인,법인,-,직거래,-
경상남도 창원시 진해구 용원동,1347-1,1347,1,다인로얄팰리스 부산 신항1차,47.9701,202406,17,"7,308",16,2020.0,신항2로 106,87.0,법인,법인,-,직거래,-
경상남도 창원시 진해구 용원동,1347-1,1347,1,다인로얄팰리스 부산 신항1차,47.9701,202406,17,"7,351",18,2020.0,신항2로 106,88.0,법인,법인,-,직거래,-
경상남도 창원시 진해구 용원동,1347-1,1347,1,다인로얄팰리스 부산 신항1차,47.9701,202406,17,"7,177",7,2020.0,신항2로 106,113.0,법인,법인,-,직거래,-
경상남도 창원시 진해구 용원동,1347-1,1347,1,다인로얄팰리스 부산 신항1차,47.9701,202406,17,"7,177",7,2020.0,신항2로 106,114.0,법인,법인,-,직거래,-
경상남도 창원시 진해구 용원동,1347-1,1347,1,다인로얄팰리스 부산 신항1차,47.9701,202406,17,"7,308",14,2020.0,신항2로 106,83.0,법인,법인,-,직거래,-
경상남도 창원시 진해구 용원동,1347-1,1347,1,다인로얄팰리스 부산 신항1차,47.9701,202406,17,"7,308",16,2020.0,신항2로 106,84.0,법인,법인,-,직거래,-
경상남도 창원시 진해구 용원동,1347-1,1347,1,다인로얄팰리스 부산 신항1차,47.9701,202406,17,"7,351",18,2020.0,신항2로 106,89.0,법인,법인,-,직거래,-
경상남도 창원시 진해구 용원동,1347-1,1347,1,다인로얄팰리스 부산 신항1차,47.9701,202406,17,"7,351",18,2020.0,신항2로 106,90.0,법인,법인,-,직거래,-
경상남도 창원시 진해구 용원동,1347-1,1347,1,다인로얄팰리스 부산 신항1차,47.9701,202406,17,"7,351",18,2020.0,신항2로 106,91.0,법인,법인,-,직거래,-
경상남도 창원시 진해구 용원동,1347-1,1347,1,다인로얄팰리스 부산 신항1차,47.9701,202406,17,"7,351",18,2020.0,신항2로 106,92.0,법인,법인,-,직거래,-
경상남도 창원시 진해구 용원동,1347-1,1347,1,다인로얄팰리스 부산 신항1차,47.9701,202406,17,"7,046",5,2020.0,신항2로 106,96.0,법인,법인,-,직거래,-
경상남도 창원시 진해구 용원동,1347-1,1347,1,다인로얄팰리스 부산 신항1차,47.9701,202406,17,"7,046",5,2020.0,신항2로 106,95.0,법인,법인,-,직거래,-
경상남도 창원시 진해구 용원동,1347-1,1347,1,다인로얄팰리스 부산 신항1차,47.9701,202406,17,"7,046",5,2020.0,신항2로 106,94.0,법인,법인,-,직거래,-
경상남도 창원시 진해구 용원동,1347-1,1347,1,다인로얄팰리스 부산 신항1차,47.9701,202406,17,"7,351",18,2020.0,신항2로 106,93.0,법인,법인,-,직거래,-
경상남도 창원시 진해구 용원동,1347-1,1347,1,다인로얄팰리스 부산 신항1차,47.9701,202406,17,"7,046",5,2020.0,신항2로 106,109.0,법인,법인,-,직거래,-
경상남도 창원시 진해구 용원동,1347-1,1347,1,다인로얄팰리스 부산 신항1차,47.9701,202406,17,"7,177",7,2020.0,신항2로 106,110.0,법인,법인,-,직거래,-
경상남도 창원시 진해구 용원동,1347-1,1347,1,다인로얄팰리스 부산 신항1차,47.9701,202406,17,"7,177",7,2020.0,신항2로 106,111.0,법인,법인,-,직거래,-
경상남도 창원시 진해구 용원동,1347-1,1347,1,다인로얄팰리스 부산 신항1차,47.9701,202406,17,"7,177",7,2020.0,신항2로 106,112.0,법인,법인,-,직거래,-
경상남도 창원시 진해구 용원동,1347-1,1347,1,다인로얄팰리스 부산 신항1차,47.9701,202406,17,"7,177",9,2020.0,신항2로 106,129.0,법인,법인,-,직거래,-
경상남도 창원시 진해구 용원동,1347-1,1347,1,다인로얄팰리스 부산 신항1차,47.9701,202406,17,"7,177",9,2020.0,신항2로 106,130.0,법인,법인,-,직거래,-
경상남도 창원시 진해구 용원동,1347-1,1347,1,다인로얄팰리스 부산 신항1차,47.9701,202406,17,"7,046",5,2020.0,신항2로 106,99.0,법인,법인,-,직거래,-
경상남도 창원시 진해구 용원동,1347-1,1347,1,다인로얄팰리스 부산 신항1차,47.9701,202406,17,"7,046",5,2020.0,신항2로 106,100.0,법인,법인,-,직거래,-
경상남도 창원시 진해구 용원동,1347-1,1347,1,다인로얄팰리스 부산 신항1차,47.9701,202406,17,"7,046",5,2020.0,신항2로 106,101.0,법인,법인,-,직거래,-
경상남도 창원시 진해구 용원동,1347-1,1347,1,다인로얄팰리스 부산 신항1차,47.9701,202406,17,"7,046",5,2020.0,신항2로 106,102.0,법인,법인,-,직거래,-
경상남도 창원시 진해구 용원동,1347-1,1347,1,다인로얄팰리스 부산 신항1차,47.9701,202406,17,"7,046",5,2020.0,신항2로 106,103.0,법인,법인,-,직거래,-
경상남도 창원시 진해구 용원동,1347-1,1347,1,다인로얄팰리스 부산 신항1차,47.9701,202406,17,"7,046",5,2020.0,신항2로 106,104.0,법인,법인,-,직거래,-
경상남도 창원시 진해구 용원동,1347-1,1347,1,다인로얄팰리스 부산 신항1차,47.9701,202406,17,"7,046",5,2020.0,신항2로 106,105.0,법인,법인,-,직거래,-
경상남도 창원시 진해구 용원동,1347-1,1347,1,다인로얄팰리스 부산 신항1차,47.9701,202406,17,"7,046",5,2020.0,신항2로 106,106.0,법인,법인,-,직거래,-
경상남도 창원시 진해구 용원동,1347-1,1347,1,다인로얄팰리스 부산 신항1차,47.9701,202406,17,"7,046",5,2020.0,신항2로 106,107.0,법인,법인,-,직거래,-
경상남도 창원시 진해구 용원동,1347-1,1347,1,다인로얄팰리스 부산 신항1차,47.9701,202406,17,"7,046",5,2020.0,신항2로 106,108.0,법인,법인,-,직거래,-
경상남도 창원시 진해구 용원동,1347-1,1347,1,다인로얄팰리스 부산 신항1차,47.9701,202406,17,"7,177",7,2020.0,신항2로 106,117.0,법인,법인,-,직거래,-
경상남도 창원시 진해구 용원동,1347-1,1347,1,다인로얄팰리스 부산 신항1차,47.9701,202406,17,"7,177",7,2020.0,신항2로 106,118.0,법인,법인,-,직거래,-
경상남도 창원시 진해구 용원동,1347-1,1347,1,다인로얄팰리스 부산 신항1차,47.9701,202406,17,"7,177",7,2020.0,신항2로 106,119.0,법인,법인,-,직거래,-
경상남도 창원시 진해구 용원동,1347-1,1347,1,다인로얄팰리스 부산 신항1차,47.9701,202406,17,"7,177",7,2020.0,신항2로 106,120.0,법인,법인,-,직거래,-
경상남도 창원시 진해구 용원동,1347-1,1347,1,다인로얄팰리스 부산 신항1차,47.9701,202406,17,"7,308",15,2020.0,신항2로 106,145.0,법인,법인,-,직거래,-
경상남도 창원시 진해구 용원동,1347-1,1347,1,다인로얄팰리스 부산 신항1차,47.7961,202406,17,"7,351",15,2020.0,신항2로 106,146.0,법인,법인,-,직거래,-
경상남도 창원시 진해구 용원동,1347-1,1347,1,다인로얄팰리스 부산 신항1차,47.9701,202406,17,"7,177",7,2020.0,신항2로 106,115.0,법인,법인,-,직거래,-
경상남도 창원시 진해구 용원동,1347-1,1347,1,다인로얄팰리스 부산 신항1차,47.9701,202406,17,"7,177",7,2020.0,신항2로 106,116.0,법인,법인,-,직거래,-
경상남도 창원시 진해구 용원동,1347-1,1347,1,다인로얄팰리스 부산 신항1차,47.9701,202406,17,"7,177",7,2020.0,신항2로 106,121.0,법인,법인,-,직거래,-
경상남도 창원시 진해구 용원동,1347-1,1347,1,다인로얄팰리스 부산 신항1차,47.9701,202406,17,"7,177",7,2020.0,신항2로 106,122.0,법인,법인,-,직거래,-
경상남도 창원시 진해구 용원동,1347-1,1347,1,다인로얄팰리스 부산 신항1차,47.9701,202406,17,"7,177",9,2020.0,신항2로 106,123.0,법인,법인,-,직거래,-
경상남도 창원시 진해구 용원동,1347-1,1347,1,다인로얄팰리스 부산 신항1차,47.9701,202406,17,"7,177",9,2020.0,신항2로 106,124.0,법인,법인,-,직거래,-
경상남도 창원시 진해구 용원동,1347-1,1347,1,다인로얄팰리스 부산 신항1차,47.9701,202406,17,"7,177",9,2020.0,신항2로 106,128.0,법인,법인,-,직거래,-
경상남도 창원시 진해구 용원동,1347-1,1347,1,다인로얄팰리스 부산 신항1차,47.9701,202406,17,"7,177",9,2020.0,신항2로 106,127.0,법인,법인,-,직거래,-
경상남도 창원시 진해구 용원동,1347-1,1347,1,다인로얄팰리스 부산 신항1차,47.9701,202406,17,"7,177",9,2020.0,신항2로 106,126.0,법인,법인,-,직거래,-
경상남도 창원시 진해구 용원동,1347-1,1347,1,다인로얄팰리스 부산 신항1차,47.9701,202406,17,"7,177",9,2020.0,신항2로 106,125.0,법인,법인,-,직거래,-
경상남도 창원시 진해구 용원동,1347-1,1347,1,다인로얄팰리스 부산 신항1차,47.7961,202406,17,"7,351",16,2020.0,신항2로 106,157.0,법인,법인,-,직거래,-
경상남도 창원시 진해구 용원동,1347-1,1347,1,다인로얄팰리스 부산 신항1차,47.7961,202406,17,"7,351",16,2020.0,신항2로 106,158.0,법인,법인,-,직거래,-
경상남도 창원시 진해구 용원동,1347-1,1347,1,다인로얄팰리스 부산 신항1차,47.9701,202406,17,"7,351",17,2020.0,신항2로 106,159.0,법인,법인,-,직거래,-
경상남도 창원시 진해구 용원동,1347-1,1347,1,다인로얄팰리스 부산 신항1차,47.9701,202406,17,"7,351",17,2020.0,신항2로 106,160.0,법인,법인,-,직거래,-
경상남도 창원시 진해구 용원동,1347-1,1347,1,다인로얄팰리스 부산 신항1차,47.9701,202406,17,"7,351",17,2020.0,신항2로 106,161.0,법인,법인,-,직거래,-
경상남도 창원시 진해구 용원동,1347-1,1347,1,다인로얄팰리스 부산 신항1차,47.9701,202406,17,"7,351",17,2020.0,신항2로 106,162.0,법인,법인,-,직거래,-
경상남도 창원시 진해구 용원동,1347-1,1347,1,다인로얄팰리스 부산 신항1차,47.9701,202406,17,"7,177",9,2020.0,신항2로 106,131.0,법인,법인,-,직거래,-
경상남도 창원시 진해구 용원동,1347-1,1347,1,다인로얄팰리스 부산 신항1차,47.9701,202406,17,"7,177",9,2020.0,신항2로 106,132.0,법인,법인,-,직거래,-
경상남도 창원시 진해구 용원동,1347-1,1347,1,다인로얄팰리스 부산 신항1차,47.9701,202406,17,"7,308",11,2020.0,신항2로 106,133.0,법인,법인,-,직거래,-
경상남도 창원시 진해구 용원동,1347-1,1347,1,다인로얄팰리스 부산 신항1차,47.9701,202406,17,"7,308",11,2020.0,신항2로 106,134.0,법인,법인,-,직거래,-
경상남도 창원시 진해구 용원동,1347-1,1347,1,다인로얄팰리스 부산 신항1차,47.9701,202406,17,"7,308",11,2020.0,신항2로 106,135.0,법인,법인,-,직거래,-
경상남도 창원시 진해구 용원동,1347-1,1347,1,다인로얄팰리스 부산 신항1차,47.9701,202406,17,"7,308",11,2020.0,신항2로 106,136.0,법인,법인,-,직거래,-
경상남도 창원시 진해구 용원동,1347-1,1347,1,다인로얄팰리스 부산 신항1차,47.9701,202406,17,"7,308",11,2020.0,신항2로 106,137.0,법인,법인,-,직거래,-
경상남도 창원시 진해구 용원동,1347-1,1347,1,다인로얄팰리스 부산 신항1차,47.9701,202406,17,"7,308",13,2020.0,신항2로 106,138.0,법인,법인,-,직거래,-
경상남도 창원시 진해구 용원동,1347-1,1347,1,다인로얄팰리스 부산 신항1차,47.9701,202406,17,"7,308",13,2020.0,신항2로 106,139.0,법인,법인,-,직거래,-
경상남도 창원시 진해구 용원동,1347-1,1347,1,다인로얄팰리스 부산 신항1차,47.9701,202406,17,"7,308",13,2020.0,신항2로 106,140.0,법인,법인,-,직거래,-
경상남도 창원시 진해구 용원동,1347-1,1347,1,다인로얄팰리스 부산 신항1차,47.9701,202406,17,"7,308",13,2020.0,신항2로 106,141.0,법인,법인,-,직거래,-
경상남도 창원시 진해구 용원동,1347-1,1347,1,다인로얄팰리스 부산 신항1차,47.9701,202406,17,"7,308",13,2020.0,신항2로 106,142.0,법인,법인,-,직거래,-
경상남도 창원시 진해구 용원동,1347-1,1347,1,다인로얄팰리스 부산 신항1차,47.9701,202406,17,"7,308",13,2020.0,신항2로 106,143.0,법인,법인,-,직거래,-
경상남도 창원시 진해구 용원동,1347-1,1347,1,다인로얄팰리스 부산 신항1차,47.9701,202406,17,"7,308",15,2020.0,신항2로 106,144.0,법인,법인,-,직거래,-
경상남도 창원시 진해구 용원동,1347-1,1347,1,다인로얄팰리스 부산 신항1차,47.9701,202406,17,"7,395",20,2020.0,신항2로 106,177.0,법인,법인,-,직거래,-
경상남도 창원시 진해구 용원동,1347-1,1347,1,다인로얄팰리스 부산 신항1차,47.9701,202406,17,"7,395",20,2020.0,신항2로 106,178.0,법인,법인,-,직거래,-
경상남도 창원시 진해구 용원동,1347-1,1347,1,다인로얄팰리스 부산 신항1차,47.9701,202406,17,"7,308",15,2020.0,신항2로 106,147.0,법인,법인,-,직거래,-
경상남도 창원시 진해구 용원동,1347-1,1347,1,다인로얄팰리스 부산 신항1차,47.9701,202406,17,"7,308",15,2020.0,신항2로 106,148.0,법인,법인,-,직거래,-
경상남도 창원시 진해구 용원동,1347-1,1347,1,다인로얄팰리스 부산 신항1차,47.9701,202406,17,"7,308",15,2020.0,신항2로 106,149.0,법인,법인,-,직거래,-
경상남도 창원시 진해구 용원동,1347-1,1347,1,다인로얄팰리스 부산 신항1차,47.9701,202406,17,"7,308",15,2020.0,신항2로 106,150.0,법인,법인,-,직거래,-
경상남도 창원시 진해구 용원동,1347-1,1347,1,다인로얄팰리스 부산 신항1차,47.9701,202406,17,"7,308",15,2020.0,신항2로 106,151.0,법인,법인,-,직거래,-
경상남도 창원시 진해구 용원동,1347-1,1347,1,다인로얄팰리스 부산 신항1차,47.9701,202406,17,"7,308",15,2020.0,신항2로 106,152.0,법인,법인,-,직거래,-
경상남도 창원시 진해구 용원동,1347-1,1347,1,다인로얄팰리스 부산 신항1차,47.9701,202406,17,"7,308",15,2020.0,신항2로 106,153.0,법인,법인,-,직거래,-
경상남도 창원시 진해구 용원동,1347-1,1347,1,다인로얄팰리스 부산 신항1차,47.9701,202406,17,"7,308",16,2020.0,신항2로 106,154.0,법인,법인,-,직거래,-
경상남도 창원시 진해구 용원동,1347-1,1347,1,다인로얄팰리스 부산 신항1차,47.9701,202406,17,"7,308",16,2020.0,신항2로 106,155.0,법인,법인,-,직거래,-
경상남도 창원시 진해구 용원동,1347-1,1347,1,다인로얄팰리스 부산 신항1차,47.9701,202406,17,"7,308",16,2020.0,신항2로 106,156.0,법인,법인,-,직거래,-
경상남도 창원시 진해구 용원동,1347-1,1347,1,다인로얄팰리스 부산 신항1차,47.9701,202406,17,"7,351",19,2020.0,신항2로 106,173.0,법인,법인,-,직거래,-
경상남도 창원시 진해구 용원동,1347-1,1347,1,다인로얄팰리스 부산 신항1차,47.9701,202406,17,"7,351",19,2020.0,신항2로 106,174.0,법인,법인,-,직거래,-
경상남도 창원시 진해구 용원동,1347-1,1347,1,다인로얄팰리스 부산 신항1차,47.9701,202406,17,"7,351",19,2020.0,신항2로 106,175.0,법인,법인,-,직거래,-
경상남도 창원시 진해구 용원동,1347-1,1347,1,다인로얄팰리스 부산 신항1차,47.9701,202406,17,"7,351",19,2020.0,신항2로 106,176.0,법인,법인,-,직거래,-
경상남도 창원시 진해구 용원동,1347-1,1347,1,다인로얄팰리스 부산 신항1차,47.9701,202406,17,"7,395",21,2020.0,신항2로 106,193.0,법인,법인,-,직거래,-
경상남도 창원시 진해구 용원동,1347-1,1347,1,다인로얄팰리스 부산 신항1차,47.7961,202406,17,"7,133",4,2020.0,신항2로 106,194.0,법인,법인,-,직거래,-
경상남도 창원시 진해구 용원동,1347-1,1347,1,다인로얄팰리스 부산 신항1차,47.9701,202406,17,"7,351",17,2020.0,신항2로 106,163.0,법인,법인,-,직거래,-
경상남도 창원시 진해구 용원동,1347-1,1347,1,다인로얄팰리스 부산 신항1차,47.9701,202406,17,"7,351",17,2020.0,신항2로 106,164.0,법인,법인,-,직거래,-
경상남도 창원시 진해구 용원동,1347-1,1347,1,다인로얄팰리스 부산 신항1차,47.9701,202406,17,"7,351",17,2020.0,신항2로 106,165.0,법인,법인,-,직거래,-
경상남도 창원시 진해구 용원동,1347-1,1347,1,다인로얄팰리스 부산 신항1차,47.9701,202406,17,"7,351",17,2020.0,신항2로 106,166.0,법인,법인,-,직거래,-
경상남도 창원시 진해구 용원동,1347-1,1347,1,다인로얄팰리스 부산 신항1차,47.9701,202406,17,"7,351",17,2020.0,신항2로 106,167.0,법인,법인,-,직거래,-
경상남도 창원시 진해구 용원동,1347-1,1347,1,다인로얄팰리스 부산 신항1차,47.9701,202406,17,"7,351",17,2020.0,신항2로 106,168.0,법인,법인,-,직거래,-
경상남도 창원시 진해구 용원동,1347-1,1347,1,다인로얄팰리스 부산 신항1차,47.9701,202406,17,"7,351",19,2020.0,신항2로 106,169.0,법인,법인,-,직거래,-
경상남도 창원시 진해구 용원동,1347-1,1347,1,다인로얄팰리스 부산 신항1차,47.9701,202406,17,"7,351",19,2020.0,신항2로 106,170.0,법인,법인,-,직거래,-
경상남도 창원시 진해구 용원동,1347-1,1347,1,다인로얄팰리스 부산 신항1차,47.9701,202406,17,"7,351",19,2020.0,신항2로 106,171.0,법인,법인,-,직거래,-
경상남도 창원시 진해구 용원동,1347-1,1347,1,다인로얄팰리스 부산 신항1차,47.9701,202406,17,"7,351",19,2020.0,신항2로 106,172.0,법인,법인,-,직거래,-
경상남도 창원시 진해구 용원동,1347-1,1347,1,다인로얄팰리스 부산 신항1차,47.9701,202406,17,"7,395",20,2020.0,신항2로 106,181.0,법인,법인,-,직거래,-
경상남도 창원시 진해구 용원동,1347-1,1347,1,다인로얄팰리스 부산 신항1차,47.9701,202406,17,"7,395",20,2020.0,신항2로 106,182.0,법인,법인,-,직거래,-
경상남도 창원시 진해구 용원동,1347-1,1347,1,다인로얄팰리스 부산 신항1차,47.9701,202406,17,"7,395",20,2020.0,신항2로 106,183.0,법인,법인,-,직거래,-
경상남도 창원시 진해구 용원동,1347-1,1347,1,다인로얄팰리스 부산 신항1차,47.9701,202406,17,"7,395",20,2020.0,신항2로 106,184.0,법인,법인,-,직거래,-
경상남도 창원시 진해구 용원동,1347-1,1347,1,다인로얄팰리스 부산 신항1차,47.9701,202406,17,"7,046",6,2020.0,신항2로 106,209.0,법인,법인,-,직거래,-
경상남도 창원시 진해구 용원동,1347-1,1347,1,다인로얄팰리스 부산 신항1차,47.9701,202406,17,"7,046",6,2020.0,신항2로 106,210.0,법인,법인,-,직거래,-
경상남도 창원시 진해구 용원동,1347-1,1347,1,다인로얄팰리스 부산 신항1차,47.9701,202406,17,"7,395",20,2020.0,신항2로 106,179.0,법인,법인,-,직거래,-
경상남도 창원시 진해구 용원동,1347-1,1347,1,다인로얄팰리스 부산 신항1차,47.9701,202406,17,"7,395",20,2020.0,신항2로 106,180.0,법인,법인,-,직거래,-
경상남도 창원시 진해구 용원동,1347-1,1347,1,다인로얄팰리스 부산 신항1차,47.9701,202406,17,"7,395",20,2020.0,신항2로 106,185.0,법인,법인,-,직거래,-
경상남도 창원시 진해구 용원동,1347-1,1347,1,다인로얄팰리스 부산 신항1차,47.9701,202406,17,"7,395",20,2020.0,신항2로 106,186.0,법인,법인,-,직거래,-
경상남도 창원시 진해구 용원동,1347-1,1347,1,다인로얄팰리스 부산 신항1차,47.9701,202406,17,"7,395",20,2020.0,신항2로 106,187.0,법인,법인,-,직거래,-
경상남도 창원시 진해구 용원동,1347-1,1347,1,다인로얄팰리스 부산 신항1차,47.9701,202406,17,"7,395",20,2020.0,신항2로 106,188.0,법인,법인,-,직거래,-
경상남도 창원시 진해구 용원동,1347-1,1347,1,다인로얄팰리스 부산 신항1차,47.9701,202406,17,"7,395",21,2020.0,신항2로 106,192.0,법인,법인,-,직거래,-
경상남도 창원시 진해구 용원동,1347-1,1347,1,다인로얄팰리스 부산 신항1차,47.9701,202406,17,"7,395",21,2020.0,신항2로 106,191.0,법인,법인,-,직거래,-
경상남도 창원시 진해구 용원동,1347-1,1347,1,다인로얄팰리스 부산 신항1차,47.9701,202406,17,"7,395",21,2020.0,신항2로 106,190.0,법인,법인,-,직거래,-
경상남도 창원시 진해구 용원동,1347-1,1347,1,다인로얄팰리스 부산 신항1차,47.7961,202406,17,"7,439",21,2020.0,신항2로 106,189.0,법인,법인,-,직거래,-
경상남도 창원시 진해구 용원동,1347-1,1347,1,다인로얄팰리스 부산 신항1차,47.9701,202406,17,"7,177",8,2020.0,신항2로 106,221.0,법인,법인,-,직거래,-
경상남도 창원시 진해구 용원동,1347-1,1347,1,다인로얄팰리스 부산 신항1차,47.9701,202406,17,"7,177",8,2020.0,신항2로 106,222.0,법인,법인,-,직거래,-
경상남도 창원시 진해구 용원동,1347-1,1347,1,다인로얄팰리스 부산 신항1차,47.9701,202406,17,"7,177",8,2020.0,신항2로 106,223.0,법인,법인,-,직거래,-
경상남도 창원시 진해구 용원동,1347-1,1347,1,다인로얄팰리스 부산 신항1차,47.9701,202406,17,"7,177",8,2020.0,신항2로 106,224.0,법인,법인,-,직거래,-
경상남도 창원시 진해구 용원동,1347-1,1347,1,다인로얄팰리스 부산 신항1차,47.9701,202406,17,"7,177",8,2020.0,신항2로 106,225.0,법인,법인,-,직거래,-
경상남도 창원시 진해구 용원동,1347-1,1347,1,다인로얄팰리스 부산 신항1차,47.9701,202406,17,"7,177",8,2020.0,신항2로 106,226.0,법인,법인,-,직거래,-
경상남도 창원시 진해구 용원동,1347-1,1347,1,다인로얄팰리스 부산 신항1차,47.9701,202406,17,"7,046",4,2020.0,신항2로 106,195.0,법인,법인,-,직거래,-
경상남도 창원시 진해구 용원동,1347-1,1347,1,다인로얄팰리스 부산 신항1차,47.9701,202406,17,"7,046",4,2020.0,신항2로 106,196.0,법인,법인,-,직거래,-
경상남도 창원시 진해구 용원동,1347-1,1347,1,다인로얄팰리스 부산 신항1차,47.9701,202406,17,"7,046",4,2020.0,신항2로 106,197.0,법인,법인,-,직거래,-
경상남도 창원시 진해구 용원동,1347-1,1347,1,다인로얄팰리스 부산 신항1차,47.9701,202406,17,"7,046",4,2020.0,신항2로 106,198.0,법인,법인,-,직거래,-
경상남도 창원시 진해구 용원동,1347-1,1347,1,다인로얄팰리스 부산 신항1차,47.9701,202406,17,"7,046",4,2020.0,신항2로 106,199.0,법인,법인,-,직거래,-
경상남도 창원시 진해구 용원동,1347-1,1347,1,다인로얄팰리스 부산 신항1차,47.9701,202406,17,"6,984",4,2020.0,신항2로 106,200.0,법인,법인,-,직거래,-
경상남도 창원시 진해구 용원동,1347-1,1347,1,다인로얄팰리스 부산 신항1차,47.9701,202406,17,"6,984",4,2020.0,신항2로 106,201.0,법인,법인,-,직거래,-
경상남도 창원시 진해구 용원동,1347-1,1347,1,다인로얄팰리스 부산 신항1차,47.9701,202406,17,"6,984",4,2020.0,신항2로 106,202.0,법인,법인,-,직거래,-
경상남도 창원시 진해구 용원동,1347-1,1347,1,다인로얄팰리스 부산 신항1차,47.9701,202406,17,"6,984",4,2020.0,신항2로 106,203.0,법인,법인,-,직거래,-
경상남도 창원시 진해구 용원동,1347-1,1347,1,다인로얄팰리스 부산 신항1차,47.9701,202406,17,"6,984",4,2020.0,신항2로 106,204.0,법인,법인,-,직거래,-
경상남도 창원시 진해구 용원동,1347-1,1347,1,다인로얄팰리스 부산 신항1차,47.9701,202406,17,"6,984",4,2020.0,신항2로 106,205.0,법인,법인,-,직거래,-
경상남도 창원시 진해구 용원동,1347-1,1347,1,다인로얄팰리스 부산 신항1차,47.9701,202406,17,"6,984",4,2020.0,신항2로 106,206.0,법인,법인,-,직거래,-
경상남도 창원시 진해구 용원동,1347-1,1347,1,다인로얄팰리스 부산 신항1차,47.9701,202406,17,"6,984",4,2020.0,신항2로 106,207.0,법인,법인,-,직거래,-
경상남도 창원시 진해구 용원동,1347-1,1347,1,다인로얄팰리스 부산 신항1차,47.9701,202406,17,"6,984",4,2020.0,신항2로 106,208.0,법인,법인,-,직거래,-
경상남도 창원시 진해구 용원동,1347-1,1347,1,다인로얄팰리스 부산 신항1차,47.9701,202406,17,"7,308",10,2020.0,신항2로 106,241.0,법인,법인,-,직거래,-
경상남도 창원시 진해구 용원동,1347-1,1347,1,다인로얄팰리스 부산 신항1차,47.9701,202406,17,"7,308",10,2020.0,신항2로 106,242.0,법인,법인,-,직거래,-
경상남도 창원시 진해구 용원동,1347-1,1347,1,다인로얄팰리스 부산 신항1차,47.9701,202406,17,"7,046",6,2020.0,신항2로 106,211.0,법인,법인,-,직거래,-
경상남도 창원시 진해구 용원동,1347-1,1347,1,다인로얄팰리스 부산 신항1차,47.9701,202406,17,"7,046",6,2020.0,신항2로 106,212.0,법인,법인,-,직거래,-
경상남도 창원시 진해구 용원동,1347-1,1347,1,다인로얄팰리스 부산 신항1차,47.9701,202406,17,"7,046",6,2020.0,신항2로 106,213.0,법인,법인,-,직거래,-
경상남도 창원시 진해구 용원동,1347-1,1347,1,다인로얄팰리스 부산 신항1차,47.9701,202406,17,"7,046",6,2020.0,신항2로 106,214.0,법인,법인,-,직거래,-
경상남도 창원시 진해구 용원동,1347-1,1347,1,다인로얄팰리스 부산 신항1차,47.9701,202406,17,"7,046",6,2020.0,신항2로 106,215.0,법인,법인,-,직거래,-
경상남도 창원시 진해구 용원동,1347-1,1347,1,다인로얄팰리스 부산 신항1차,47.9701,202406,17,"7,046",6,2020.0,신항2로 106,216.0,법인,법인,-,직거래,-
경상남도 창원시 진해구 용원동,1347-1,1347,1,다인로얄팰리스 부산 신항1차,47.9701,202406,17,"7,046",6,2020.0,신항2로 106,217.0,법인,법인,-,직거래,-
경상남도 창원시 진해구 용원동,1347-1,1347,1,다인로얄팰리스 부산 신항1차,47.9701,202406,17,"7,177",8,2020.0,신항2로 106,218.0,법인,법인,-,직거래,-
경상남도 창원시 진해구 용원동,1347-1,1347,1,다인로얄팰리스 부산 신항1차,47.9701,202406,17,"7,177",8,2020.0,신항2로 106,219.0,법인,법인,-,직거래,-
경상남도 창원시 진해구 용원동,1347-1,1347,1,다인로얄팰리스 부산 신항1차,47.9701,202406,17,"7,177",8,2020.0,신항2로 106,220.0,법인,법인,-,직거래,-
경상남도 창원시 진해구 용원동,1347-1,1347,1,다인로얄팰리스 부산 신항1차,47.9701,202406,17,"7,177",8,2020.0,신항2로 106,235.0,법인,법인,-,직거래,-
경상남도 창원시 진해구 용원동,1347-1,1347,1,다인로얄팰리스 부산 신항1차,47.9701,202406,17,"7,308",10,2020.0,신항2로 106,236.0,법인,법인,-,직거래,-
경상남도 창원시 진해구 용원동,1347-1,1347,1,다인로얄팰리스 부산 신항1차,47.9701,202406,17,"7,177",8,2020.0,신항2로 106,233.0,법인,법인,-,직거래,-
경상남도 창원시 진해구 용원동,1347-1,1347,1,다인로얄팰리스 부산 신항1차,47.9701,202406,17,"7,177",8,2020.0,신항2로 106,234.0,법인,법인,-,직거래,-
경상남도 창원시 진해구 용원동,1347-1,1347,1,다인로얄팰리스 부산 신항1차,47.9701,202406,17,"7,308",14,2020.0,신항2로 106,81.0,법인,법인,-,직거래,-
경상남도 창원시 진해구 용원동,1347-1,1347,1,다인로얄팰리스 부산 신항1차,47.9701,202406,17,"7,308",14,2020.0,신항2로 106,82.0,법인,법인,-,직거래,-
경상남도 창원시 진해구 용원동,1347-1,1347,1,다인로얄팰리스 부산 신항1차,47.9701,202406,17,"7,177",8,2020.0,신항2로 106,232.0,법인,법인,-,직거래,-
경상남도 창원시 진해구 용원동,1347-1,1347,1,다인로얄팰리스 부산 신항1차,47.9701,202406,17,"7,177",8,2020.0,신항2로 106,231.0,법인,법인,-,직거래,-
경상남도 창원시 진해구 용원동,1347-1,1347,1,다인로얄팰리스 부산 신항1차,47.9701,202406,17,"7,177",8,2020.0,신항2로 106,230.0,법인,법인,-,직거래,-
경상남도 창원시 진해구 용원동,1347-1,1347,1,다인로얄팰리스 부산 신항1차,47.9701,202406,17,"7,177",8,2020.0,신항2로 106,229.0,법인,법인,-,직거래,-
경상남도 창원시 진해구 용원동,1347-1,1347,1,다인로얄팰리스 부산 신항1차,47.9701,202406,17,"7,177",8,2020.0,신항2로 106,228.0,법인,법인,-,직거래,-
경상남도 창원시 진해구 용원동,1347-1,1347,1,다인로얄팰리스 부산 신항1차,47.9701,202406,17,"7,177",8,2020.0,신항2로 106,227.0,법인,법인,-,직거래,-
경상남도 창원시 진해구 용원동,1347-1,1347,1,다인로얄팰리스 부산 신항1차,47.9701,202406,17,"7,308",14,2020.0,신항2로 106,64.0,법인,법인,-,직거래,-
경상남도 창원시 진해구 용원동,1347-1,1347,1,다인로얄팰리스 부산 신항1차,47.9701,202406,21,"10,961",11,2020.0,신항2로 106,63.0,개인,법인,-,직거래,-
경상남도 창원시 진해구 용원동,1347-1,1347,1,다인로얄팰리스 부산 신항1차,47.9701,202406,21,"10,961",12,2020.0,신항2로 106,62.0,개인,법인,-,직거래,-
경상남도 창원시 진해구 충의동,1-1,1,1,(1-1),81.8877,202406,26,"9,500",2,2017.0,중원로15번길 8-2,61.0,개인,법인,-,직거래,-
경상남도 창원시 진해구 용원동,1347-1,1347,1,다인로얄팰리스 부산 신항1차,47.9701,202406,17,"7,308",10,2020.0,신항2로 106,244.0,법인,법인,-,직거래,-
경상남도 창원시 진해구 용원동,1347-1,1347,1,다인로얄팰리스 부산 신항1차,47.9701,202406,17,"7,308",10,2020.0,신항2로 106,243.0,법인,법인,-,직거래,-
경상남도 창원시 진해구 용원동,1347-1,1347,1,다인로얄팰리스 부산 신항1차,47.9701,202406,17,"7,308",10,2020.0,신항2로 106,66.0,법인,법인,-,직거래,-
경상남도 창원시 진해구 용원동,1347-1,1347,1,다인로얄팰리스 부산 신항1차,47.9701,202406,17,"7,308",10,2020.0,신항2로 106,65.0,법인,법인,-,직거래,-
경상남도 창원시 진해구 용원동,1347-1,1347,1,다인로얄팰리스 부산 신항1차,47.9701,202406,17,"7,308",10,2020.0,신항2로 106,237.0,법인,법인,-,직거래,-
경상남도 창원시 진해구 용원동,1347-1,1347,1,다인로얄팰리스 부산 신항1차,47.9701,202406,17,"7,308",10,2020.0,신항2로 106,238.0,법인,법인,-,직거래,-
경상남도 창원시 진해구 용원동,1347-1,1347,1,다인로얄팰리스 부산 신항1차,47.9701,202406,17,"7,308",10,2020.0,신항2로 106,240.0,법인,법인,-,직거래,-
경상남도 창원시 진해구 용원동,1347-1,1347,1,다인로얄팰리스 부산 신항1차,47.9701,202406,17,"7,308",10,2020.0,신항2로 106,239.0,법인,법인,-,직거래,-
경상남도 창원시 진해구 용원동,1347,1347,0,다인로얄팰리스 부산 신항2차,48.2187,202407,8,"10,000",4,2020.0,신항2로 114,59.0,개인,개인,-,중개거래,경남 창원시진해구
경상남도 창원시 진해구 경화동,1167-14,1167,14,경화로얄빌리지,85.55,202407,4,"13,700",2,2016.0,충장로273번길 4-2,60.0,개인,개인,-,중개거래,경남 창원시 성산구
경상남도 창원시 진해구 경화동,871-3,871,3,(871-3),80.55,202407,22,"11,700",2,2017.0,충장로345번길 48-9,57.0,개인,법인,20240731,중개거래,"경남 창원시마산회원구, 경남 창원시진해구"
경상남도 창원시 진해구 용원동,1347,1347,0,다인로얄팰리스 부산 신항2차,48.2187,202407,11,"9,900",4,2020.0,신항2로 114,58.0,개인,법인,-,중개거래,경남 창원시진해구
경상남도 창원시 진해구 경화동,871-3,871,3,(871-3),80.55,202407,22,"10,935",2,2017.0,충장로345번길 48-9,56.0,개인,법인,-,중개거래,"경남 창원시마산회원구, 경남 창원시진해구"
경상남도 창원시 진해구 용원동,1347,1347,0,다인로얄팰리스 부산 신항2차,48.2187,202407,22,"8,000",6,2020.0,신항2로 114,55.0,법인,개인,-,직거래,-
경상남도 창원시 진해구 충무동,28-135,28,135,하이존텔,27.7175,202407,28,"1,500",4,2001.0,충장로176번길 18,53.0,개인,개인,-,직거래,-
경상남도 창원시 진해구 풍호동,807-3,807,3,토원주택,36.9,202407,24,"3,030",4,2003.0,천자로413번길 5,54.0,개인,개인,-,중개거래,경남 창원시마산회원구
경상남도 창원시 진해구 용원동,1347,1347,0,다인로얄팰리스 부산 신항2차,36.2641,202408,1,"10,000",19,2020.0,신항2로 114,52.0,개인,법인,-,직거래,-
경상남도 창원시 진해구 용원동,1347,1347,0,다인로얄팰리스 부산 신항2차,48.2187,202408,3,"7,100",4,2020.0,신항2로 114,51.0,개인,개인,-,중개거래,경남 창원시 진해구
경상남도 창원시 진해구 충무동,28-135,28,135,하이존텔,27.7175,202408,26,"1,000",6,2001.0,충장로176번길 18,50.0,개인,개인,-,직거래,-
경상남도 창원시 진해구 경화동,1159-3,1159,3,덕산세영파크,48.95,202409,25,"17,828",3,2024.0, ,46.0,법인,법인,-,직거래,-
경상남도 창원시 진해구 경화동,1159-3,1159,3,덕산세영파크,48.13,202409,25,"17,506",2,2024.0, ,44.0,법인,법인,-,직거래,-
경상남도 창원시 진해구 경화동,1159-3,1159,3,덕산세영파크,48.95,202409,25,"17,828",2,2024.0, ,45.0,법인,법인,-,직거래,-
경상남도 창원시 진해구 경화동,1159-3,1159,3,덕산세영파크,48.95,202409,25,"17,828",2,2024.0, ,47.0,법인,법인,-,직거래,-
경상남도 창원시 진해구 경화동,1159-3,1159,3,덕산세영파크,48.13,202409,25,"17,882",4,2024.0, ,35.0,법인,법인,-,직거래,-
경상남도 창원시 진해구 경화동,1159-3,1159,3,덕산세영파크,48.19,202409,25,"17,936",5,2024.0, ,37.0,법인,법인,-,직거래,-
경상남도 창원시 진해구 경화동,1159-3,1159,3,덕산세영파크,48.38,202409,25,"17,990",5,2024.0, ,38.0,법인,법인,-,직거래,-
경상남도 창원시 진해구 경화동,1159-3,1159,3,덕산세영파크,48.65,202409,25,"18,043",5,2024.0, ,39.0,법인,법인,-,직거래,-
경상남도 창원시 진해구 경화동,1159-3,1159,3,덕산세영파크,47.72,202409,25,"17,721",5,2024.0, ,40.0,법인,법인,-,직거래,-
경상남도 창원시 진해구 경화동,1159-3,1159,3,덕산세영파크,48.13,202409,25,"17,506",3,2024.0, ,41.0,법인,법인,-,직거래,-
경상남도 창원시 진해구 경화동,1159-3,1159,3,덕산세영파크,48.38,202409,25,"17,614",2,2024.0, ,42.0,법인,법인,-,직거래,-
경상남도 창원시 진해구 경화동,1159-3,1159,3,덕산세영파크,48.65,202409,25,"17,721",2,2024.0, ,43.0,법인,법인,-,직거래,-
경상남도 창원시 진해구 경화동,1159-3,1159,3,덕산세영파크,48.95,202409,25,"18,151",4,2024.0, ,36.0,법인,법인,-,직거래,-
경상남도 창원시 진해구 경화동,1159-3,1159,3,덕산세영파크,48.95,202409,25,"18,151",4,2024.0, ,32.0,법인,법인,-,직거래,-
경상남도 창원시 진해구 경화동,1159-3,1159,3,덕산세영파크,48.95,202409,25,"17,828",3,2024.0, ,31.0,법인,법인,-,직거래,-
경상남도 창원시 진해구 경화동,1159-3,1159,3,덕산세영파크,48.65,202409,25,"18,043",4,2024.0, ,34.0,법인,법인,-,직거래,-
경상남도 창원시 진해구 경화동,1159-3,1159,3,덕산세영파크,48.38,202409,25,"17,990",4,2024.0, ,33.0,법인,법인,-,직거래,-
경상남도 창원시 진해구 충무동,28-135,28,135,하이존텔,25.785,202409,24,"2,000",5,2001.0,충장로176번길 18,48.0,개인,개인,-,직거래,-
경상남도 창원시 진해구 용원동,1347-1,1347,1,다인로얄팰리스 부산 신항1차,47.7961,202409,12,"12,000",9,2020.0,신항2로 106,49.0,개인,개인,-,직거래,-
경상남도 창원시 진해구 중평동,1-3,1,3,미소오피스텔,35.27,202409,28,"3,400",4,2004.0,중원서로 41-1,28.0,개인,개인,20241017,중개거래,경남 창원시 진해구
경상남도 창원시 진해구 경화동,1159-3,1159,3,덕산세영파크,48.38,202409,25,"17,614",3,2024.0, ,29.0,법인,법인,-,직거래,-
경상남도 창원시 진해구 경화동,1159-3,1159,3,덕산세영파크,48.65,202409,25,"17,721",3,2024.0, ,30.0,법인,법인,-,직거래,-
경상남도 창원시 진해구 용원동,1347,1347,0,다인로얄팰리스 부산 신항2차,48.2187,202410,1,"7,800",10,2020.0,신항2로 114,26.0,개인,개인,-,중개거래,경남 창원시 진해구
경상남도 창원시 진해구 충무동,28-135,28,135,하이존텔,25.785,202410,29,"1,800",4,2001.0,충장로176번길 18,18.0,개인,개인,-,중개거래,경남 창원시 진해구
경상남도 창원시 진해구 중평동,1-3,1,3,미소오피스텔,35.27,202410,31,"3,200",4,2004.0,중원서로 41-1,17.0,개인,개인,-,중개거래,경남 창원시 진해구
경상남도 창원시 진해구 용원동,1347,1347,0,다인로얄팰리스 부산 신항2차,48.2187,202410,1,"8,400",4,2020.0,신항2로 114,27.0,개인,개인,-,중개거래,경남 창원시 진해구
경상남도 창원시 진해구 용원동,1347-1,1347,1,다인로얄팰리스 부산 신항1차,47.9701,202410,5,"7,800",10,2020.0,신항2로 106,21.0,개인,개인,-,중개거래,경남 창원시 진해구
경상남도 창원시 진해구 용원동,1351,1351,0,용원동 오송스퀘어,91.84,202410,16,"23,596",4,2017.0, ,20.0,법인,법인,-,직거래,-
경상남도 창원시 진해구 용원동,1351,1351,0,용원동 오송스퀘어,140.0,202410,16,"35,970",4,2017.0, ,19.0,법인,법인,-,직거래,-
경상남도 창원시 진해구 충무동,28-135,28,135,하이존텔,25.785,202410,5,"1,500",6,2001.0,충장로176번길 18,22.0,개인,개인,-,중개거래,경남 창원시 진해구
경상남도 창원시 진해구 용원동,1347-1,1347,1,다인로얄팰리스 부산 신항1차,47.9701,202410,5,"7,800",10,2020.0,신항2로 106,23.0,개인,개인,20241216,중개거래,경남 창원시 진해구
경상남도 창원시 진해구 용원동,1347-1,1347,1,다인로얄팰리스 부산 신항1차,47.7961,202410,2,"11,000",16,2020.0,신항2로 106,25.0,개인,개인,-,중개거래,경남 창원시 진해구
경상남도 창원시 진해구 충무동,28-135,28,135,하이존텔,27.7175,202410,4,"1,700",5,2001.0,충장로176번길 18,24.0,개인,개인,-,직거래,-
경상남도 창원시 진해구 용원동,1135-6,1135,6,재상베네스타운,33.93,202411,9,"3,950",8,2003.0,용원남로7번길 16,15.0,개인,개인,-,중개거래,경남 창원시 진해구
경상남도 창원시 진해구 충무동,28-135,28,135,하이존텔,27.7175,202411,10,"1,700",4,2001.0,충장로176번길 18,14.0,개인,개인,-,직거래,-
경상남도 창원시 진해구 용원동,1347-1,1347,1,다인로얄팰리스 부산 신항1차,47.9701,202411,29,"10,500",17,2020.0,신항2로 106,4.0,개인,법인,-,직거래,-
경상남도 창원시 진해구 용원동,1347-1,1347,1,다인로얄팰리스 부산 신항1차,47.9701,202411,29,"10,200",16,2020.0,신항2로 106,5.0,개인,법인,-,직거래,-
경상남도 창원시 진해구 용원동,1347-1,1347,1,다인로얄팰리스 부산 신항1차,47.9701,202411,26,"9,800",17,2020.0,신항2로 106,9.0,법인,법인,-,직거래,-
경상남도 창원시 진해구 용원동,1347-1,1347,1,다인로얄팰리스 부산 신항1차,47.9701,202411,29,"10,500",17,2020.0,신항2로 106,6.0,개인,법인,-,직거래,-
경상남도 창원시 진해구 충무동,28-135,28,135,하이존텔,27.7175,202411,28,"1,850",2,2001.0,충장로176번길 18,7.0,개인,개인,-,중개거래,경남 창원시 진해구
경상남도 창원시 진해구 풍호동,807-3,807,3,토원주택,49.5,202411,27,"6,200",5,2003.0,천자로413번길 5,8.0,개인,개인,-,직거래,-
경상남도 창원시 진해구 회현동,3-1,3,1,하이존텔 3차,25.5875,202411,19,"2,850",2,2005.0,편백로8번길 3-2,11.0,개인,개인,-,중개거래,경남 창원시 진해구
경상남도 창원시 진해구 용원동,1347,1347,0,다인로얄팰리스 부산 신항2차,47.9999,202411,19,"13,000",12,2020.0,신항2로 114,10.0,개인,개인,-,중개거래,경남 창원시 진해구
경상남도 창원시 진해구 회현동,3-1,3,1,하이존텔 3차,25.5875,202411,19,"2,950",4,2005.0,편백로8번길 3-2,12.0,개인,개인,-,중개거래,경남 창원시 진해구
경상남도 창원시 진해구 용원동,1347-1,1347,1,다인로얄팰리스 부산 신항1차,47.9701,202411,14,"10,600",20,2020.0,신항2로 106,13.0,개인,법인,-,중개거래,"경남 창원시 진해구, 부산 강서구"
경상남도 창원시 진해구 용원동,1135-6,1135,6,재상베네스타운,26.55,202411,6,"2,750",10,2003.0,용원남로7번길 16,16.0,개인,개인,-,직거래,-
경상남도 창원시 진해구 경화동,1165-2,1165,2,(1165-2),59.72,202412,25,"7,300",4,2012.0,경화로21번길 37,1.0,개인,개인,-,중개거래,경남 창원시 진해구
경상남도 창원시 진해구 용원동,1347,1347,0,다인로얄팰리스 부산 신항2차,47.9999,202412,24,"11,600",20,2020.0,신항2로 114,2.0,개인,개인,-,중개거래,경남 창원시 진해구
경상남도 창원시 진해구 인사동,7-26,7,26,미성오피스텔,35.3237,202412,23,"4,500",8,2006.0,인사로6번길 2,3.0,개인,개인,-,직거래,-
