□ 본 서비스에서 제공하는 정보는 법적인 효력이 없으므로 참고용으로만 활용하시기 바랍니다.,Unnamed: 1,Unnamed: 2,Unnamed: 3,Unnamed: 4,Unnamed: 5,Unnamed: 6,Unnamed: 7,Unnamed: 8,Unnamed: 9,Unnamed: 10,Unnamed: 11,Unnamed: 12,Unnamed: 13,Unnamed: 14,Unnamed: 15,Unnamed: 16
"□ 신고정보가 실시간 변경, 해제되어 제공시점에 따라 공개건수 및 내용이 상이할 수 있는 점 참고하시기 바랍니다.",,,,,,,,,,,,,,,,
"□ 본 자료는 계약일 기준입니다. (※ 7월 계약, 8월 신고건 → 7월 거래건으로  제공)",,,,,,,,,,,,,,,,
"□ 통계자료 활용시에는 수치가 왜곡될 수 있으니 참고자료로만 활용하시기  바라며,  외부 공개시에는 반드시 신고일 기준으로 집계되는 공식통계를 이용하여 주시기 바랍니다.",,,,,,,,,,,,,,,,
,,,,,,,,,,,,,,,,
* 국토교통부 실거래가 공개시스템의 궁금하신 점이나 문의사항은 콜센터 1533-2949로 연락 주시기 바랍니다.,,,,,,,,,,,,,,,,
,,,,,,,,,,,,,,,,
□ 검색조건,,,,,,,,,,,,,,,,
계약일자 : 2022-01-01 ~ 2022-12-31,,,,실거래 구분 : 단독다가구(매매),,,,,주소구분 : 지번 주소,,,,,,,
시도 : 경상남도,,,,시군구 : 창원시 마산합포구,,,,,읍면동 : 전체,,,,,,,
단지명 : 전체,,,,면적 : 전체,,,,,금액선택 : 전체,,,,,,,
,,,,,,,,,,,,,,,,
NO,시군구,번지,주택유형,도로조건,연면적(㎡),대지면적(㎡),계약년월,계약일,거래금액(만원),매수자,매도자,건축년도,도로명,해제사유발생일,거래유형,중개사소재지
1,경상남도 창원시 마산합포구 완월동,3**,단독,8m미만,91.98,100.00,202212,30,"9,500",-,-,1998,중앙서2길,-,중개거래,경남 창원마산합포구
2,경상남도 창원시 마산합포구 진동면 신기리,1**,단독,8m미만,89.65,192.00,202212,28,"7,500",-,-,1998,죽전안담길,-,직거래,-
3,경상남도 창원시 마산합포구 서성동,8*,단독,8m미만,20.16,26.40,202212,28,"2,500",-,-,,동서남3길,-,중개거래,경남 창원마산합포구
4,경상남도 창원시 마산합포구 자산동,5*,단독,8m미만,24.76,60.00,202212,28,"9,933",-,-,1998,자산동15길,-,직거래,-
5,경상남도 창원시 마산합포구 추산동,3*,단독,8m미만,64.05,123.00,202212,26,"8,600",-,-,1998,성호남4길,-,직거래,-
6,경상남도 창원시 마산합포구 진동면 신기리,5**,단독,8m미만,146.08,628.00,202212,24,"10,797",-,-,1985,신기남산길,-,중개거래,경남 창원마산회원구
7,경상남도 창원시 마산합포구 산호동,5**,단독,8m미만,39.88,69.00,202212,21,"15,000",-,-,1998,합포북5길,-,직거래,-
8,경상남도 창원시 마산합포구 완월동,2**,단독,8m미만,41.42,116.00,202212,16,"5,300",-,-,1998,완월남1길,-,중개거래,경남 창원마산합포구
9,경상남도 창원시 마산합포구 진동면 고현리,2**,단독,8m미만,32.40,43.20,202212,13,"1,450",-,-,1998,고현장터길,-,직거래,-
10,경상남도 창원시 마산합포구 중성동,5*,단독,8m미만,176.56,86.00,202212,07,"24,000",-,-,2014,오동서13길,-,직거래,-
11,경상남도 창원시 마산합포구 완월동,2*,단독,8m미만,50.15,116.36,202212,07,"6,800",-,-,1998,완월동19길,-,중개거래,경남 창원마산합포구
12,경상남도 창원시 마산합포구 산호동,3**,단독,12m미만,124.14,238.00,202212,07,"57,600",-,-,1977,회원천북길,20230109,중개거래,경남 창원마산합포구
13,경상남도 창원시 마산합포구 자산동,2**,단독,12m미만,24.20,90.00,202212,01,"4,500",-,-,1998,자산서6길,-,중개거래,경남 창원마산합포구
14,경상남도 창원시 마산합포구 오동동,1**,단독,8m미만,37.85,69.40,202211,30,"7,000",-,-,1998,오동북10길,-,직거래,-
15,경상남도 창원시 마산합포구 월포동,*,단독,8m미만,39.34,196.40,202211,29,"10,000",-,-,1998,반월동3길,20221216,중개거래,경남 창원마산합포구
16,경상남도 창원시 마산합포구 월포동,*,단독,8m미만,39.34,196.40,202211,29,"10,000",-,-,1998,반월동3길,-,중개거래,경남 창원마산합포구
17,경상남도 창원시 마산합포구 진동면 동전리,6**,단독,12m미만,88.00,325.00,202211,28,"16,500",-,-,1998,동전길,-,직거래,-
18,경상남도 창원시 마산합포구 산호동,4**,단독,8m미만,74.85,57.00,202211,26,"14,000",-,-,1998,합포북9길,-,중개거래,경남 창원마산합포구
19,경상남도 창원시 마산합포구 완월동,*,단독,8m미만,109.02,142.00,202211,24,"13,000",-,-,1990,고운로,-,중개거래,경남 창원마산합포구
20,경상남도 창원시 마산합포구 산호동,4*,단독,8m미만,115.21,156.70,202211,23,"10,000",-,-,1998,산호남3길,-,직거래,-
21,경상남도 창원시 마산합포구 진동면 진동리,6**,다가구,12m미만,563.72,285.20,202211,22,"85,000",-,-,2014,신서촌1길,-,중개거래,경남 창원마산합포구
22,경상남도 창원시 마산합포구 산호동,5*,단독,8m미만,82.29,136.50,202211,21,"18,000",-,-,1998,산호서6길,-,중개거래,경남 창원마산합포구
23,경상남도 창원시 마산합포구 산호동,2*,단독,8m미만,52.23,102.50,202211,21,"10,500",-,-,1974,산호북15길,-,직거래,-
24,경상남도 창원시 마산합포구 자산동,1**,단독,8m미만,47.20,99.00,202211,21,"17,263",-,-,1998,자산동6길,-,중개거래,경남 창원시 마산회원구
25,경상남도 창원시 마산합포구 완월동,1**,단독,8m미만,106.88,114.00,202211,17,"7,700",-,-,1979,완월북13길,-,직거래,-
26,경상남도 창원시 마산합포구 진북면 대평리,2**,단독,8m미만,92.56,279.00,202211,15,"12,000",-,-,2001,대평안길,-,직거래,-
27,경상남도 창원시 마산합포구 완월동,3**,단독,8m미만,80.34,80.00,202211,09,"7,700",-,-,1994,완월남14길,-,직거래,-
28,경상남도 창원시 마산합포구 완월동,1**,단독,12m미만,125.24,99.00,202211,07,"9,300",-,-,2006,완월북5길,-,직거래,-
29,경상남도 창원시 마산합포구 구산면 옥계리,6**,단독,8m미만,99.66,355.00,202211,07,"25,000",-,-,2020,옥계로,-,직거래,-
30,경상남도 창원시 마산합포구 신월동,4*,단독,8m미만,65.16,109.00,202211,05,"12,000",-,-,1999,반월서10길,-,중개거래,경남 창원마산합포구
31,경상남도 창원시 마산합포구 상남동,3*,단독,8m미만,122.61,121.00,202211,05,"13,500",-,-,1980,노산북2길,-,중개거래,경남 창원마산회원구
32,경상남도 창원시 마산합포구 진북면 망곡리,1**,단독,8m미만,72.17,121.00,202211,04,"7,300",-,-,1998,연동3길,-,중개거래,경남 창원마산합포구
33,경상남도 창원시 마산합포구 진동면 태봉리,2*,단독,8m미만,618.21,950.00,202211,03,"32,000",-,-,2004,태봉1길,20221128,직거래,-
34,경상남도 창원시 마산합포구 서성동,3*,단독,8m미만,77.30,52.90,202211,02,"8,000",-,-,1982,동서북2길,-,중개거래,경남 창원마산합포구
35,경상남도 창원시 마산합포구 진전면 임곡리,3**,단독,8m미만,29.75,248.00,202210,30,"6,000",-,-,1998,임곡안길,-,직거래,-
36,경상남도 창원시 마산합포구 덕동동,6**,단독,8m미만,51.75,110.00,202210,27,"8,800",-,-,1995,덕동남2길,-,직거래,-
37,경상남도 창원시 마산합포구 산호동,5**,단독,8m미만,61.52,112.00,202210,27,"16,000",-,-,1998,합포북10길,-,중개거래,경남 창원마산합포구
38,경상남도 창원시 마산합포구 산호동,3**,단독,8m미만,175.29,138.20,202210,24,"17,800",-,-,1991,산호동10길,-,중개거래,경남 창원마산합포구
39,경상남도 창원시 마산합포구 상남동,4*,단독,8m미만,154.01,152.00,202210,24,"12,000",-,-,1992,노산북6길,-,직거래,-
40,경상남도 창원시 마산합포구 월영동,*,단독,8m미만,21.12,55.70,202210,21,"13,254",-,-,1977,문화북8길,-,직거래,-
41,경상남도 창원시 마산합포구 자산동,3**,단독,8m미만,72.33,86.00,202210,20,"9,000",-,-,1998,자산남11길,-,중개거래,경남 창원마산합포구
42,경상남도 창원시 마산합포구 진전면 시락리,1**,단독,8m미만,96.90,274.00,202210,18,"13,800",-,-,1996,웃소포길,-,중개거래,경남 창원마산합포구
43,경상남도 창원시 마산합포구 장군동1가,*,단독,8m미만,81.86,210.20,202210,18,"40,000",-,-,1984,반월북2길,-,직거래,-
44,경상남도 창원시 마산합포구 상남동,1**,단독,8m미만,154.87,241.00,202210,17,"32,000",-,-,1998,합포서10길,-,중개거래,경남 창원마산합포구
45,경상남도 창원시 마산합포구 서성동,*,단독,8m미만,41.39,158.70,202210,17,"10,000",-,-,1998,동서북5길,-,직거래,-
46,경상남도 창원시 마산합포구 교원동,1*,단독,8m미만,181.27,152.00,202210,15,"23,000",-,-,1988,노산서18길,-,중개거래,경남 창원마산합포구
47,경상남도 창원시 마산합포구 장군동3가,1*,단독,12m미만,208.52,135.00,202210,15,"20,000",-,-,1989,중앙남8길,-,중개거래,경남 창원마산합포구
48,경상남도 창원시 마산합포구 상남동,2**,단독,8m미만,33.40,76.00,202210,14,"12,000",-,-,1998,합포서2길,-,중개거래,경남 창원마산합포구
49,경상남도 창원시 마산합포구 진동면 진동리,5**,단독,8m미만,65.00,218.00,202210,12,"9,500",-,-,1998,성산안길,-,중개거래,경남 창원마산합포구
50,경상남도 창원시 마산합포구 진동면 교동리,5**,단독,8m미만,69.09,220.00,202210,09,"14,300",-,-,1995,교동2길,-,중개거래,경남 창원마산합포구
51,경상남도 창원시 마산합포구 월영동,6**,단독,8m미만,50.40,99.00,202210,05,"5,000",-,-,1993,월영서9길,-,직거래,-
52,경상남도 창원시 마산합포구 월영동,5**,단독,8m미만,68.67,116.00,202210,05,"8,300",-,-,2002,월영서3길,-,직거래,-
53,경상남도 창원시 마산합포구 교방동,2**,단독,8m미만,129.02,119.00,202210,05,"15,000",-,-,1999,교방천북길,-,직거래,-
54,경상남도 창원시 마산합포구 진동면 동전리,6**,단독,8m미만,82.00,314.00,202210,04,"11,700",-,-,1998,동전길,-,중개거래,경남 창원마산합포구
55,경상남도 창원시 마산합포구 산호동,4**,단독,8m미만,26.04,69.00,202210,04,"24,000",-,-,1998,회원천북길,-,중개거래,경남 창원마산회원구
56,경상남도 창원시 마산합포구 진북면 지산리,2**,단독,12m미만,144.59,445.00,202210,03,"30,000",-,-,1997,지산1길,-,중개거래,경남 창원마산합포구
57,경상남도 창원시 마산합포구 신창동,*,다가구,12m미만,358.00,232.40,202210,03,"74,500",-,-,1998,문화북4길,-,중개거래,경남 창원의창구
58,경상남도 창원시 마산합포구 진전면 곡안리,3**,단독,8m미만,97.90,464.00,202210,03,"23,000",-,-,2005,곡안1길,-,중개거래,경남 창원마산합포구
59,경상남도 창원시 마산합포구 진동면 요장리,5**,단독,12m미만,124.62,282.00,202210,03,"13,000",-,-,1995,해양관광로,-,중개거래,경남 창원마산합포구
60,경상남도 창원시 마산합포구 구산면 심리,5**,단독,8m미만,134.20,320.80,202210,03,"22,000",-,-,2009,심리1길,-,중개거래,경남 창원마산합포구
61,경상남도 창원시 마산합포구 자산동,3**,단독,8m미만,68.89,119.00,202210,02,"4,000",-,-,1992,자산남11길,-,직거래,-
62,경상남도 창원시 마산합포구 진동면 진동리,4**,단독,12m미만,251.07,460.00,202209,28,"25,000",-,-,1987,진동시장길,20220928,직거래,-
63,경상남도 창원시 마산합포구 서성동,6*,단독,8m미만,98.73,95.90,202209,28,"7,000",-,-,1987,동서서1길,-,직거래,-
64,경상남도 창원시 마산합포구 구산면 옥계리,8**,단독,8m미만,124.48,399.00,202209,28,"8,000",-,-,1998,구산신촌3길,20221017,직거래,-
65,경상남도 창원시 마산합포구 진동면 진동리,4**,단독,12m미만,251.07,460.00,202209,28,"25,000",-,-,1987,진동시장길,-,직거래,-
66,경상남도 창원시 마산합포구 자산동,1**,단독,8m미만,46.63,83.00,202209,26,"10,000",-,-,1998,자산동8길,-,직거래,-
67,경상남도 창원시 마산합포구 중앙동2가,*,단독,12m미만,32.69,49.20,202209,26,"3,600",-,-,1998,중앙남2길,-,직거래,-
68,경상남도 창원시 마산합포구 월영동,6**,단독,8m미만,115.43,134.90,202209,24,"71,700",-,-,,월영남19길,-,중개거래,경남 창원의창구
69,경상남도 창원시 마산합포구 완월동,2*,단독,8m미만,44.23,106.00,202209,22,"10,300",-,-,1998,완월동19길,-,중개거래,경남 창원마산합포구
70,경상남도 창원시 마산합포구 월영동,5**,단독,8m미만,77.40,190.00,202209,21,"15,671",-,-,1987,월영남10길,-,직거래,-
71,경상남도 창원시 마산합포구 오동동,*,단독,8m미만,29.09,102.60,202209,21,"23,600",-,-,1994,,-,직거래,-
72,경상남도 창원시 마산합포구 진동면 진동리,2**,단독,8m미만,97.66,89.00,202209,20,"22,000",-,-,2012,해양관광로,20221021,중개거래,경남 창원마산합포구
73,경상남도 창원시 마산합포구 완월동,2**,단독,8m미만,76.75,132.00,202209,20,"6,000",-,-,1998,완월동10길,-,중개거래,경남 창원마산합포구
74,경상남도 창원시 마산합포구 자산동,2**,단독,8m미만,71.24,106.00,202209,19,"10,000",-,-,1975,자산서5길,-,중개거래,경남 창원마산합포구
75,경상남도 창원시 마산합포구 구산면 반동리,5**,단독,8m미만,84.51,384.00,202209,16,"16,000",-,-,2014,반동길,-,중개거래,경남 창원마산합포구
76,경상남도 창원시 마산합포구 완월동,1**,단독,8m미만,19.74,50.00,202209,16,"3,700",-,-,1998,완월북9길,-,직거래,-
77,경상남도 창원시 마산합포구 산호동,3**,다가구,12m미만,439.39,212.00,202209,14,"95,000",-,-,2017,합포북1길,-,중개거래,경남 창원마산합포구 경남 창원마산회원구
78,경상남도 창원시 마산합포구 자산동,1**,단독,8m미만,19.17,46.00,202209,13,"3,600",-,-,1998,자산서1길,-,중개거래,경남 창원마산합포구
79,경상남도 창원시 마산합포구 진동면 요장리,5**,단독,12m미만,124.62,282.00,202209,12,"15,000",-,-,1995,해양관광로,20220913,중개거래,경남 창원마산합포구
80,경상남도 창원시 마산합포구 진전면 율티리,3**,다가구,8m미만,336.58,337.00,202209,06,"30,500",-,-,2015,미더덕로,-,직거래,-
81,경상남도 창원시 마산합포구 교원동,7*,단독,8m미만,36.05,60.00,202209,06,"4,000",-,-,1998,노산남10길,-,직거래,-
82,경상남도 창원시 마산합포구 산호동,5**,단독,8m미만,41.85,87.50,202209,05,"8,500",-,-,1998,합포북13길,-,직거래,-
83,경상남도 창원시 마산합포구 진동면 요장리,1**,단독,8m미만,169.28,451.00,202209,05,"62,390",-,-,2022,,-,직거래,-
84,경상남도 창원시 마산합포구 오동동,*,단독,8m미만,22.31,46.30,202209,05,"9,000",-,-,1998,오동동9길,-,직거래,-
85,경상남도 창원시 마산합포구 진동면 요장리,2**,단독,8m미만,195.08,395.60,202209,03,"29,000",-,-,1995,광암2길,-,중개거래,경남 창원의창구
86,경상남도 창원시 마산합포구 진동면 요장리,1**,단독,8m미만,55.00,79.00,202209,03,"3,300",-,-,1998,주도2길,-,중개거래,경남 창원마산합포구
87,경상남도 창원시 마산합포구 추산동,3*,다가구,12m미만,189.49,98.20,202209,01,"34,300",-,-,2018,성호동5길,-,중개거래,경남 창원마산합포구
88,경상남도 창원시 마산합포구 오동동,*,단독,8m미만,40.49,114.40,202208,31,"20,000",-,-,1998,오동동15길,-,직거래,-
89,경상남도 창원시 마산합포구 중성동,3*,단독,8m미만,141.88,113.70,202208,31,"20,000",-,-,1982,오동서6길,-,직거래,-
90,경상남도 창원시 마산합포구 오동동,*,단독,8m미만,51.37,219.50,202208,31,"51,000",-,-,1998,오동동8길,-,직거래,-
91,경상남도 창원시 마산합포구 오동동,*,단독,8m미만,129.77,169.60,202208,31,"50,000",-,-,1976,오동동15길,-,직거래,-
92,경상남도 창원시 마산합포구 상남동,3*,단독,8m미만,67.22,226.00,202208,29,"5,000",-,-,,노산북4길,20220830,직거래,-
93,경상남도 창원시 마산합포구 산호동,5*,다가구,8m미만,648.01,390.40,202208,29,"139,650",-,-,2022,바냇들2길,-,중개거래,경남 창원성산구
94,경상남도 창원시 마산합포구 오동동,*,단독,8m미만,198.36,134.50,202208,29,"60,000",-,-,1995,오동동15길,-,직거래,-
95,경상남도 창원시 마산합포구 자산동,1**,단독,8m미만,110.25,126.00,202208,29,"24,500",-,-,1979,자산동3길,-,중개거래,전북 군산시
96,경상남도 창원시 마산합포구 진전면 고사리,1***,단독,8m미만,98.00,522.00,202208,28,"12,230",-,-,2003,원산2길,-,중개거래,경남 진주시
97,경상남도 창원시 마산합포구 진동면 진동리,2**,단독,8m미만,49.72,138.00,202208,27,"17,200",-,-,2015,서동촌길,-,중개거래,경남 창원마산합포구
98,경상남도 창원시 마산합포구 진전면 동산리,7*,단독,8m미만,118.74,214.00,202208,25,"19,050",-,-,2014,동산2길,-,중개거래,경남 창원마산합포구
99,경상남도 창원시 마산합포구 진동면 사동리,1**,단독,8m미만,96.69,178.00,202208,25,"14,000",-,-,1995,사동길,-,중개거래,경남 창원마산합포구
100,경상남도 창원시 마산합포구 진전면 양촌리,2*,단독,8m미만,51.46,380.00,202208,22,"10,000",-,-,1985,양촌1길,-,중개거래,경남 창원마산합포구
101,경상남도 창원시 마산합포구 자산동,2*,단독,8m미만,141.62,104.60,202208,22,"13,500",-,-,1992,자산서11길,-,직거래,-
102,경상남도 창원시 마산합포구 완월동,2*,단독,8m미만,45.25,93.00,202208,20,"6,000",-,-,1998,완월동19길,-,중개거래,경남 창원마산합포구
103,경상남도 창원시 마산합포구 현동,4**,다가구,25m미만,428.66,247.90,202208,19,"84,000",-,-,2016,현동7길,-,중개거래,경남 창원마산합포구
104,경상남도 창원시 마산합포구 구산면 내포리,6**,단독,8m미만,79.87,165.40,202208,18,"12,000",-,-,1998,내포1길,-,중개거래,경남 창원마산합포구
105,경상남도 창원시 마산합포구 성호동,9*,단독,8m미만,16.38,40.00,202208,17,"2,000",-,-,1998,성호서8길,-,직거래,-
106,경상남도 창원시 마산합포구 진북면 정현리,5**,단독,8m미만,27.76,453.00,202208,16,"8,500",-,-,1998,대현길,-,중개거래,경남 창원마산합포구
107,경상남도 창원시 마산합포구 상남동,2**,단독,8m미만,33.40,76.00,202208,13,"15,000",-,-,1998,합포서2길,20221011,중개거래,경남 창원마산합포구
108,경상남도 창원시 마산합포구 구산면 구복리,9*,단독,8m미만,99.31,556.00,202208,12,"39,300",-,-,2010,구복길,-,중개거래,경남 창원마산합포구
109,경상남도 창원시 마산합포구 진동면 신기리,5**,단독,8m미만,146.08,628.00,202208,12,"10,797",-,-,1985,신기남산길,20221226,중개거래,경남 창원시 마산회원구
110,경상남도 창원시 마산합포구 문화동,*,단독,8m미만,70.65,132.20,202208,11,"9,900",-,-,1998,문화서15길,-,중개거래,경남 창원마산합포구
111,경상남도 창원시 마산합포구 월영동,6**,단독,8m미만,49.19,93.00,202208,08,"8,000",-,-,1974,월영남4길,-,중개거래,경남 창원마산합포구
112,경상남도 창원시 마산합포구 진전면 창포리,1**,단독,8m미만,72.73,463.00,202208,06,"15,000",-,-,1998,창포1길,20220808,중개거래,경남 창녕군
113,경상남도 창원시 마산합포구 진전면 창포리,1**,단독,8m미만,72.73,463.00,202208,06,"15,000",-,-,1998,창포1길,-,중개거래,경남 창녕군
114,경상남도 창원시 마산합포구 오동동,*,단독,8m미만,31.74,59.50,202208,05,"15,000",-,-,1998,오동동8길,-,직거래,-
115,경상남도 창원시 마산합포구 진동면 다구리,3**,단독,8m미만,130.66,660.00,202208,02,"31,500",-,-,2016,다구2길,-,중개거래,경남 창원진해구
116,경상남도 창원시 마산합포구 오동동,*,단독,-,23.60,66.10,202208,02,"22,500",-,-,1998,오동동9길,-,직거래,-
117,경상남도 창원시 마산합포구 중성동,1*,단독,8m미만,69.85,84.60,202208,01,"17,200",-,-,1976,교방천남길,-,직거래,-
118,경상남도 창원시 마산합포구 오동동,*,단독,8m미만,57.58,142.10,202208,01,"31,330",-,-,1983,오동동9길,-,직거래,-
119,경상남도 창원시 마산합포구 구산면 내포리,1***,단독,8m미만,119.40,238.00,202208,01,"12,300",-,-,1996,욱곡2길,-,직거래,-
120,경상남도 창원시 마산합포구 진전면 금암리,2**,단독,8m미만,59.98,394.00,202208,01,"5,000",-,-,1998,금암길,-,직거래,-
121,경상남도 창원시 마산합포구 진동면 진동리,6**,다가구,12m미만,558.92,309.80,202208,01,"70,500",-,-,2012,신서촌1길,-,중개거래,경남 창원마산합포구
122,경상남도 창원시 마산합포구 진동면 신기리,2**,단독,8m미만,44.37,88.00,202208,01,"4,400",-,-,1998,신기남산길,-,직거래,-
123,경상남도 창원시 마산합포구 완월동,*,단독,25m미만,113.10,132.00,202208,01,"22,000",-,-,1979,자산남로,-,직거래,-
124,경상남도 창원시 마산합포구 중성동,1*,단독,8m미만,52.56,175.20,202208,01,"31,800",-,-,1998,오동서18길,-,직거래,-
125,경상남도 창원시 마산합포구 자산동,3**,단독,25m미만,209.41,238.00,202207,30,"30,000",-,-,1998,심온길,-,중개거래,경남 창원마산합포구
126,경상남도 창원시 마산합포구 오동동,*,단독,8m미만,113.63,69.20,202207,28,"20,883",-,-,1998,오동동15길,-,직거래,-
127,경상남도 창원시 마산합포구 월영동,6**,다가구,8m미만,124.50,124.50,202207,27,"25,000",-,-,1982,월영남19길,-,중개거래,경남 창원의창구
128,경상남도 창원시 마산합포구 산호동,2**,단독,12m미만,55.87,109.00,202207,25,"12,000",-,-,1983,산호남11길,-,중개거래,경남 창원마산합포구
129,경상남도 창원시 마산합포구 구산면 유산리,2**,단독,8m미만,95.20,438.00,202207,25,"34,500",-,-,2008,유천길,-,중개거래,경남 창원성산구
130,경상남도 창원시 마산합포구 월영동,6**,다가구,8m미만,118.70,122.00,202207,22,"25,000",-,-,1982,월영남20길,-,중개거래,경남 창원의창구
131,경상남도 창원시 마산합포구 월영동,9*,단독,-,33.00,53.00,202207,19,"12,500",-,-,1998,문화서13길,-,중개거래,경남 창원마산회원구
132,경상남도 창원시 마산합포구 산호동,1*,단독,8m미만,51.37,110.10,202207,19,"4,000",-,-,1973,산호북12길,-,중개거래,경남 창원마산합포구
133,경상남도 창원시 마산합포구 진동면 진동리,2**,단독,8m미만,71.37,155.00,202207,19,"8,700",-,-,1998,진동시장길,-,중개거래,경남 창원마산합포구
134,경상남도 창원시 마산합포구 월영동,5**,단독,8m미만,29.20,35.00,202207,17,"1,100",-,-,1998,밤밭고개로,-,중개거래,경남 창원마산합포구
135,경상남도 창원시 마산합포구 산호동,4*,단독,12m미만,164.63,210.60,202207,16,"35,000",-,-,1981,산호남8길,-,중개거래,경남 창원마산합포구
136,경상남도 창원시 마산합포구 남성동,6*,단독,12m미만,137.44,59.50,202207,15,"20,000",-,-,1986,어시장6길,-,직거래,-
137,경상남도 창원시 마산합포구 진동면 진동리,4**,단독,8m미만,194.62,158.00,202207,15,"17,500",-,-,1998,성산안길,-,중개거래,경남 창원마산합포구
138,경상남도 창원시 마산합포구 월영동,6**,다가구,8m미만,129.15,116.00,202207,12,"24,500",-,-,1980,월영남20길,-,중개거래,경남 창원의창구
139,경상남도 창원시 마산합포구 평화동,*,단독,12m미만,266.02,168.30,202207,12,"18,000",-,-,1986,문화북5길,-,중개거래,경남 창원마산합포구
140,경상남도 창원시 마산합포구 중성동,1*,단독,8m미만,16.53,52.90,202207,11,"10,000",-,-,1998,오동서17길,-,직거래,-
141,경상남도 창원시 마산합포구 중성동,1*,단독,8m미만,30.41,152.10,202207,11,"28,000",-,-,1998,오동서18길,-,직거래,-
142,경상남도 창원시 마산합포구 중성동,*,단독,8m미만,71.50,224.80,202207,11,"33,320",-,-,1968,,-,중개거래,경남 창원마산합포구
143,경상남도 창원시 마산합포구 중성동,*,단독,8m미만,26.45,92.60,202207,11,"11,200",-,-,1998,교방천남길,-,직거래,-
144,경상남도 창원시 마산합포구 오동동,*,단독,8m미만,30.38,76.00,202207,11,"12,000",-,-,1998,오동동9길,-,직거래,-
145,경상남도 창원시 마산합포구 성호동,5*,단독,8m미만,20.36,60.00,202207,11,"3,000",-,-,1998,성호서6길,-,직거래,-
146,경상남도 창원시 마산합포구 중성동,1*,단독,8m미만,103.78,112.40,202207,11,"22,100",-,-,1998,오동서18길,-,직거래,-
147,경상남도 창원시 마산합포구 중성동,*,단독,8m미만,29.65,69.40,202207,11,"13,640",-,-,1998,오동서19길,-,직거래,-
148,경상남도 창원시 마산합포구 월영동,6**,단독,8m미만,189.69,154.70,202207,09,"40,000",-,-,1991,월영남20길,-,중개거래,경남 창원의창구
149,경상남도 창원시 마산합포구 장군동5가,*,단독,8m미만,111.47,108.10,202207,09,"17,300",-,-,1998,완월동16길,-,중개거래,경남 창원마산합포구
150,경상남도 창원시 마산합포구 진동면 요장리,2**,단독,8m미만,90.00,117.00,202207,08,"1,500",-,-,1998,주도2길,-,직거래,-
151,경상남도 창원시 마산합포구 구산면 수정리,5**,단독,8m미만,62.80,285.00,202207,06,"5,000",-,-,1998,수정3길,-,직거래,-
152,경상남도 창원시 마산합포구 월영동,6**,다가구,12m미만,152.85,154.00,202207,06,"18,000",-,-,1979,월영남18길,-,직거래,-
153,경상남도 창원시 마산합포구 오동동,*,단독,8m미만,26.45,77.70,202207,05,"12,617",-,-,1998,합포로,-,직거래,-
154,경상남도 창원시 마산합포구 중앙동2가,*,단독,8m미만,65.61,213.90,202207,05,"31,000",-,-,1998,3·15대로,-,직거래,-
155,경상남도 창원시 마산합포구 월영동,6**,단독,8m미만,96.66,122.00,202207,04,"23,500",-,-,1980,월영남19길,-,중개거래,경남 창원의창구
156,경상남도 창원시 마산합포구 중앙동2가,*,단독,8m미만,207.70,232.00,202206,30,"28,000",-,-,1980,중앙동4길,-,중개거래,경남 창원마산합포구
157,경상남도 창원시 마산합포구 산호동,1*,단독,12m미만,155.66,159.30,202206,29,"39,500",-,-,1993,산호북1길,-,중개거래,경남 창원마산합포구
158,경상남도 창원시 마산합포구 진동면 동전리,6**,단독,8m미만,94.29,284.00,202206,29,"15,500",-,-,1990,동전길,-,중개거래,경남 창원마산합포구
159,경상남도 창원시 마산합포구 창포동2가,*,단독,12m미만,139.51,143.50,202206,28,"44,500",-,-,1979,문화동14길,-,중개거래,경남 창원마산합포구
160,경상남도 창원시 마산합포구 월영동,6**,단독,8m미만,73.09,127.20,202206,28,"23,500",-,-,1980,월영남20길,-,중개거래,경남 창원의창구
161,경상남도 창원시 마산합포구 진전면 창포리,2**,단독,8m미만,133.43,367.00,202206,26,"17,000",-,-,1997,창포2길,-,직거래,-
162,경상남도 창원시 마산합포구 산호동,4**,단독,8m미만,20.53,69.00,202206,25,"9,500",-,-,1998,합포남5길,-,직거래,-
163,경상남도 창원시 마산합포구 산호동,*,단독,8m미만,114.96,128.90,202206,24,"110,000",-,-,1976,산호북20길,20231124,중개거래,경남 창원마산회원구
164,경상남도 창원시 마산합포구 진북면 정현리,3**,단독,8m미만,79.12,193.00,202206,24,"6,000",-,-,1998,대현길,-,직거래,-
165,경상남도 창원시 마산합포구 산호동,*,단독,8m미만,262.03,131.50,202206,24,"60,000",-,-,1998,산호북21길,20231124,중개거래,경남 창원마산회원구
166,경상남도 창원시 마산합포구 산호동,*,단독,8m미만,74.88,135.50,202206,24,"72,000",-,-,1977,산호북20길,20231220,중개거래,경남 창원마산합포구
167,경상남도 창원시 마산합포구 성호동,9*,단독,8m미만,26.45,155.00,202206,24,"5,260",-,-,1998,성호서5길,-,직거래,-
168,경상남도 창원시 마산합포구 상남동,1**,단독,8m미만,39.87,145.00,202206,22,"8,000",-,-,1998,노산동2길,-,직거래,-
169,경상남도 창원시 마산합포구 구산면 심리,*,단독,8m미만,187.38,403.00,202206,21,"30,000",-,-,1997,이순신로,-,중개거래,경남 창원마산합포구
170,경상남도 창원시 마산합포구 중성동,5*,단독,8m미만,45.06,109.10,202206,20,"6,700",-,-,1998,오동서13길,-,직거래,-
171,경상남도 창원시 마산합포구 교방동,2**,단독,8m미만,122.12,146.00,202206,20,"14,500",-,-,2001,교방동2길,-,직거래,-
172,경상남도 창원시 마산합포구 진전면 봉곡리,1**,단독,8m미만,49.77,138.00,202206,20,"2,000",-,-,2011,도산길,-,중개거래,경남 창원마산합포구
173,경상남도 창원시 마산합포구 현동,7**,단독,12m미만,92.34,285.50,202206,18,"41,000",-,-,2016,현동1길,-,중개거래,경남 창원마산합포구
174,경상남도 창원시 마산합포구 상남동,1**,단독,8m미만,26.40,41.00,202206,18,"16,400",-,-,1998,허당로,-,중개거래,경남 창원마산합포구
175,경상남도 창원시 마산합포구 산호동,4**,단독,8m미만,29.75,96.00,202206,17,"24,000",-,-,1998,합포북10길,-,중개거래,경남 창원마산회원구
176,경상남도 창원시 마산합포구 진동면 동전리,6**,단독,8m미만,119.00,397.00,202206,16,"15,650",-,-,1998,동전길,-,중개거래,경남 창원마산합포구
177,경상남도 창원시 마산합포구 진동면 진동리,4**,단독,8m미만,73.65,166.00,202206,14,"13,800",-,-,1983,서촌바다길,-,중개거래,경남 창원마산합포구
178,경상남도 창원시 마산합포구 완월동,3**,단독,8m미만,35.54,79.00,202206,14,"7,000",-,-,1998,중앙서2길,-,중개거래,경남 창원마산합포구
179,경상남도 창원시 마산합포구 진전면 오서리,5**,단독,12m미만,83.16,155.00,202206,13,"5,200",-,-,1991,오서로,-,직거래,-
180,경상남도 창원시 마산합포구 완월동,5*,단독,8m미만,65.52,182.00,202206,13,"12,600",-,-,1978,완월북7길,-,직거래,-
181,경상남도 창원시 마산합포구 진전면 시락리,7*,단독,8m미만,71.64,1742.00,202206,10,"14,256",-,-,1998,웃소포길,-,직거래,-
182,경상남도 창원시 마산합포구 구산면 석곡리,6**,단독,12m미만,19.83,310.00,202206,10,"19,000",-,-,1998,석곡로,-,직거래,-
183,경상남도 창원시 마산합포구 진전면 이명리,1**,단독,8m미만,151.80,443.00,202206,10,"11,000",-,-,1998,이명2길,-,직거래,-
184,경상남도 창원시 마산합포구 산호동,5**,단독,8m미만,65.10,106.00,202206,09,"24,900",-,-,1998,합포북20길,-,중개거래,경남 창원마산합포구
185,경상남도 창원시 마산합포구 자산동,7*,단독,8m미만,19.83,30.00,202206,08,"16,000",-,-,1998,자산동13길,-,중개거래,경남 창원마산합포구
186,경상남도 창원시 마산합포구 진북면 지산리,2**,단독,8m미만,105.11,1041.00,202206,08,"27,100",-,-,1998,지산2길,-,직거래,-
187,경상남도 창원시 마산합포구 진전면 오서리,1***,단독,8m미만,96.57,356.40,202206,06,"18,500",-,-,2007,오서2길,-,중개거래,경남 창원마산합포구
188,경상남도 창원시 마산합포구 산호동,2*,단독,8m미만,123.83,142.70,202206,02,"23,000",-,-,1983,산호북18길,-,중개거래,경남 창원마산합포구
189,경상남도 창원시 마산합포구 성호동,5*,단독,8m미만,16.53,28.00,202206,01,"4,000",-,-,1998,성호동3길,-,중개거래,경남 창원마산합포구
190,경상남도 창원시 마산합포구 상남동,1**,단독,8m미만,149.34,139.00,202206,01,"20,100",-,-,1996,노산동6길,-,직거래,-
191,경상남도 창원시 마산합포구 산호동,3*,단독,12m미만,102.84,198.30,202206,01,"30,000",-,-,1982,산호남2길,-,중개거래,경남 창원마산합포구
192,경상남도 창원시 마산합포구 월영동,6**,단독,25m미만,190.40,225.00,202206,01,"163,350",-,-,1983,가포로,-,직거래,-
193,경상남도 창원시 마산합포구 성호동,5*,단독,8m미만,26.45,19.00,202206,01,"2,500",-,-,1998,성호동3길,-,중개거래,경남 창원마산합포구
194,경상남도 창원시 마산합포구 진전면 오서리,3*,단독,12m미만,59.50,261.00,202205,31,"5,000",-,-,1998,호산정달로,-,직거래,-
195,경상남도 창원시 마산합포구 진전면 오서리,4**,단독,8m미만,56.20,255.00,202205,30,"2,950",-,-,1998,오서곡안로,-,직거래,-
196,경상남도 창원시 마산합포구 중성동,2*,단독,8m미만,47.44,85.60,202205,29,"6,000",-,-,1998,오동서14길,-,중개거래,경남 창원마산합포구
197,경상남도 창원시 마산합포구 진북면 지산리,2**,단독,8m미만,95.02,193.00,202205,28,"9,200",-,-,2003,지산1길,-,직거래,-
198,경상남도 창원시 마산합포구 교방동,2**,단독,12m미만,130.55,181.00,202205,27,"21,500",-,-,1998,교방서1길,-,중개거래,경남 창원마산합포구 경남 창원성산구
199,경상남도 창원시 마산합포구 산호동,4*,단독,8m미만,112.26,119.00,202205,27,"12,800",-,-,1998,산호남8길,-,직거래,-
200,경상남도 창원시 마산합포구 추산동,7*,단독,8m미만,103.20,118.00,202205,26,"13,000",-,-,1995,성호남6길,-,중개거래,경남 창원마산합포구
201,경상남도 창원시 마산합포구 진동면 교동리,*,단독,8m미만,93.44,642.00,202205,26,"34,000",-,-,2022,교동3길,-,직거래,-
202,경상남도 창원시 마산합포구 진북면 지산리,2**,단독,8m미만,95.02,193.00,202205,24,"8,400",-,-,2003,지산1길,20220530,중개거래,경남 창원마산합포구 경남 창원마산회원구
203,경상남도 창원시 마산합포구 진동면 신기리,1**,단독,8m미만,67.80,126.00,202205,24,"4,200",-,-,1998,죽전샛길,-,중개거래,경남 창원마산합포구
204,경상남도 창원시 마산합포구 자산동,1**,단독,8m미만,53.91,52.00,202205,24,"18,534",-,-,1968,자산동1길,-,중개거래,경남 창원마산합포구
205,경상남도 창원시 마산합포구 진전면 근곡리,8*,단독,8m미만,66.12,372.00,202205,24,"6,800",-,-,1998,진전신기길,-,중개거래,부산 부산진구
206,경상남도 창원시 마산합포구 상남동,2**,단독,8m미만,23.24,33.00,202205,23,"18,400",-,-,1998,합포서2길,-,중개거래,경남 창원마산합포구 경남 창원마산회원구
207,경상남도 창원시 마산합포구 산호동,2**,단독,8m미만,53.24,69.00,202205,23,"3,500",-,-,1983,산호남11길,-,직거래,-
208,경상남도 창원시 마산합포구 산호동,5**,단독,8m미만,107.64,117.00,202205,21,"25,500",-,-,2002,합포북14길,-,중개거래,경남 창원마산합포구 경남 창원마산회원구
209,경상남도 창원시 마산합포구 교방동,2**,단독,12m미만,34.84,80.00,202205,21,"10,000",-,-,1998,교방서1길,-,중개거래,경남 창원마산합포구 경남 창원성산구
210,경상남도 창원시 마산합포구 진동면 교동리,5**,단독,8m미만,65.84,424.00,202205,21,"15,500",-,-,1998,교동2길,-,직거래,-
211,경상남도 창원시 마산합포구 진북면 영학리,2**,단독,8m미만,182.15,869.00,202205,20,"25,000",-,-,2001,학동마을길,-,중개거래,경남 창원마산합포구
212,경상남도 창원시 마산합포구 두월동1가,*,단독,8m미만,37.72,23.10,202205,19,"3,000",-,-,1998,3·15대로,-,직거래,-
213,경상남도 창원시 마산합포구 교방동,1**,단독,25m미만,101.41,56.00,202205,19,"23,000",-,-,1995,천하장사로,-,중개거래,경남 창원마산합포구
214,경상남도 창원시 마산합포구 해운동,*,단독,25m미만,1393.75,331.20,202205,19,"205,000",-,-,1990,월영동서로,-,중개거래,부산 연제구
215,경상남도 창원시 마산합포구 교원동,6*,단독,8m미만,50.55,63.00,202205,16,"3,270",-,-,1980,노산남8길,-,직거래,-
216,경상남도 창원시 마산합포구 자산동,2**,다가구,8m미만,80.97,102.00,202205,14,"10,000",-,-,1980,자산서5길,-,중개거래,경남 창원마산합포구
217,경상남도 창원시 마산합포구 구산면 내포리,1***,단독,8m미만,86.32,291.00,202205,13,"9,500",-,-,1998,욱곡2길,-,직거래,-
218,경상남도 창원시 마산합포구 자산동,1**,단독,8m미만,49.29,138.00,202205,13,"23,363",-,-,1998,자산동2길,-,중개거래,경남 창원마산회원구
219,경상남도 창원시 마산합포구 구산면 심리,7**,단독,8m미만,99.84,383.00,202205,12,"9,000",-,-,2004,용호로,-,직거래,-
220,경상남도 창원시 마산합포구 완월동,5*,단독,8m미만,53.35,116.00,202205,11,"4,400",-,-,1998,완월북6길,-,직거래,-
221,경상남도 창원시 마산합포구 완월동,5*,단독,8m미만,20.79,99.00,202205,11,"4,185",-,-,1979,완월북6길,-,직거래,-
222,경상남도 창원시 마산합포구 자산동,2**,단독,25m미만,147.54,139.00,202205,11,"30,000",-,-,2007,자산남로,-,중개거래,경남 창원마산합포구
223,경상남도 창원시 마산합포구 성호동,5*,단독,8m미만,38.85,79.00,202205,10,"9,500",-,-,2017,성호서5길,-,중개거래,경남 창원마산합포구
224,경상남도 창원시 마산합포구 산호동,4**,단독,8m미만,19.50,79.00,202205,09,"24,500",-,-,1998,허당로,20220620,중개거래,경남 창원마산합포구
225,경상남도 창원시 마산합포구 산호동,4**,단독,8m미만,19.50,79.00,202205,09,"24,500",-,-,1998,허당로,-,중개거래,경남 창원마산합포구
226,경상남도 창원시 마산합포구 완월동,1**,단독,8m미만,76.91,131.00,202205,09,"4,500",-,-,1983,완월서1길,-,직거래,-
227,경상남도 창원시 마산합포구 완월동,1**,단독,8m미만,197.15,505.00,202205,09,"89,900",-,-,2017,완월서2길,-,직거래,-
228,경상남도 창원시 마산합포구 오동동,8*,단독,8m미만,15.97,43.00,202205,08,"3,200",-,-,1998,오동북11길,-,중개거래,경남 창원마산합포구
229,경상남도 창원시 마산합포구 진전면 오서리,5**,단독,8m미만,29.75,274.00,202205,08,"10,500",-,-,1998,오서6길,-,중개거래,경남 창원마산합포구
230,경상남도 창원시 마산합포구 오동동,1**,단독,8m미만,99.36,82.30,202205,06,"12,800",-,-,1997,오동북5길,-,중개거래,경남 창원마산합포구
231,경상남도 창원시 마산합포구 자산동,3**,단독,8m미만,97.81,169.00,202205,05,"6,200",-,-,,완월동17길,-,중개거래,경남 창원마산합포구
232,경상남도 창원시 마산합포구 산호동,5**,단독,8m미만,19.80,31.50,202205,03,"15,000",-,-,1998,회원천북길,20220523,중개거래,경남 창원마산합포구 경남 창원마산회원구
233,경상남도 창원시 마산합포구 상남동,1**,단독,8m미만,49.90,96.00,202205,03,"14,700",-,-,2013,노산남4길,-,중개거래,경남 창원마산합포구 경남 창원의창구
234,경상남도 창원시 마산합포구 산호동,5*,단독,12m미만,95.12,84.30,202205,03,"14,500",-,-,1998,산호서1길,-,중개거래,경남 창원마산합포구
235,경상남도 창원시 마산합포구 산호동,5**,단독,8m미만,19.80,31.50,202205,03,"15,000",-,-,1998,회원천북길,-,중개거래,경남 창원마산합포구 경남 창원마산회원구
236,경상남도 창원시 마산합포구 상남동,1**,단독,8m미만,49.90,96.00,202205,02,"14,700",-,-,2013,노산남4길,20220504,중개거래,경남 창원마산합포구 경남 창원의창구
237,경상남도 창원시 마산합포구 구산면 옥계리,3**,단독,8m미만,89.17,368.00,202205,02,"16,500",-,-,1997,옥계안길,-,중개거래,경남 창녕군
238,경상남도 창원시 마산합포구 진전면 금암리,3**,단독,8m미만,85.78,500.00,202205,01,"19,600",-,-,2010,금암길,20220520,중개거래,경남 창원시 마산회원구
239,경상남도 창원시 마산합포구 진북면 영학리,1**,단독,8m미만,68.66,235.00,202205,01,"8,700",-,-,2006,학동로,-,중개거래,경남 사천시
240,경상남도 창원시 마산합포구 진전면 금암리,3**,단독,8m미만,85.78,500.00,202205,01,"19,600",-,-,2010,금암길,-,중개거래,경남 창원마산회원구
241,경상남도 창원시 마산합포구 교방동,3**,단독,12m미만,62.12,105.40,202204,30,"20,500",-,-,1984,교방서5길,-,직거래,-
242,경상남도 창원시 마산합포구 진전면 양촌리,2**,단독,12m미만,36.30,91.00,202204,30,"5,750",-,-,2012,팔의사로,-,중개거래,경남 창원마산회원구
243,경상남도 창원시 마산합포구 산호동,4*,단독,12m미만,133.13,125.60,202204,29,"18,000",-,-,1998,산호서2길,-,중개거래,경남 창원마산합포구
244,경상남도 창원시 마산합포구 신월동,4*,단독,8m미만,37.65,197.00,202204,29,"13,800",-,-,1998,반월서12길,-,중개거래,경남 창원마산합포구
245,경상남도 창원시 마산합포구 반월동,7*,단독,8m미만,197.39,235.40,202204,29,"33,500",-,-,1990,반월남6길,-,직거래,-
246,경상남도 창원시 마산합포구 진북면 부평리,2**,단독,8m미만,95.99,549.00,202204,27,"23,000",-,-,2004,부평1길,-,중개거래,경남 진주시
247,경상남도 창원시 마산합포구 대성동1가,1*,단독,8m미만,46.98,46.30,202204,25,"20,000",-,-,1986,반월북7길,-,중개거래,경남 창원마산합포구
248,경상남도 창원시 마산합포구 진전면 금암리,5**,단독,8m미만,60.20,142.00,202204,23,"3,000",-,-,1998,금암중촌길,-,중개거래,경남 창원마산회원구
249,경상남도 창원시 마산합포구 상남동,1**,단독,8m미만,52.90,99.00,202204,22,"10,200",-,-,1998,노산동6길,-,중개거래,경남 창원마산회원구
250,경상남도 창원시 마산합포구 산호동,5*,단독,12m미만,77.75,171.90,202204,22,"26,600",-,-,1973,산호서5길,-,중개거래,경남 창원마산합포구 경남 창원마산회원구
251,경상남도 창원시 마산합포구 월영동,6**,단독,8m미만,108.47,126.00,202204,21,"18,000",-,-,1998,월영남5길,-,중개거래,경남 창원마산합포구
252,경상남도 창원시 마산합포구 오동동,1*,단독,8m미만,134.66,142.10,202204,21,"22,500",-,-,1998,오동동10길,-,중개거래,경남 창원마산합포구
253,경상남도 창원시 마산합포구 중앙동2가,*,단독,8m미만,104.46,110.20,202204,20,"20,000",-,-,1978,중앙동3길,-,중개거래,경남 창원마산합포구
254,경상남도 창원시 마산합포구 진북면 지산리,2**,단독,8m미만,26.11,367.00,202204,20,"8,200",-,-,1998,지산1길,-,중개거래,경남 창원마산합포구
255,경상남도 창원시 마산합포구 상남동,1**,단독,8m미만,116.78,77.00,202204,20,"26,500",-,-,2004,합포북8길,-,중개거래,경남 창원마산합포구
256,경상남도 창원시 마산합포구 산호동,2*,단독,8m미만,123.83,142.70,202204,19,"23,000",-,-,1983,산호북18길,20220630,중개거래,경남 창원마산합포구
257,경상남도 창원시 마산합포구 산호동,4**,단독,8m미만,19.50,57.00,202204,19,"21,900",-,-,1998,허당로,-,중개거래,경남 창원마산합포구
258,경상남도 창원시 마산합포구 진동면 교동리,6**,단독,8m미만,118.20,674.00,202204,17,"41,650",-,-,2010,요장2길,-,중개거래,경남 창원마산합포구
259,경상남도 창원시 마산합포구 산호동,4**,단독,8m미만,16.97,30.00,202204,17,"15,500",-,-,1998,합포북5길,-,중개거래,경남 창원마산합포구
260,경상남도 창원시 마산합포구 교방동,2**,단독,12m미만,83.41,152.00,202204,16,"22,500",-,-,1970,교방서1길,20220519,중개거래,경남 창원마산합포구
261,경상남도 창원시 마산합포구 진동면 신기리,4**,단독,8m미만,179.20,810.00,202204,16,"19,000",-,-,1998,신기남산길,-,직거래,-
262,경상남도 창원시 마산합포구 반월동,8*,단독,8m미만,28.80,49.60,202204,16,"22,000",-,-,1998,반월남1길,-,중개거래,경남 창원마산합포구
263,경상남도 창원시 마산합포구 교방동,2**,단독,12m미만,83.41,152.00,202204,16,"22,500",-,-,1970,교방서1길,-,중개거래,경남 창원마산합포구
264,경상남도 창원시 마산합포구 상남동,6*,단독,8m미만,26.45,56.00,202204,15,"4,200",-,-,1998,노산북9길,-,직거래,-
265,경상남도 창원시 마산합포구 대성동1가,*,단독,8m미만,56.26,90.20,202204,14,"22,500",-,-,1998,반월북8길,-,중개거래,경남 창원마산합포구
266,경상남도 창원시 마산합포구 교원동,7*,단독,8m미만,36.66,53.00,202204,14,"5,500",-,-,1998,노산남11길,-,중개거래,경남 창원마산회원구
267,경상남도 창원시 마산합포구 진전면 봉곡리,1**,단독,8m미만,85.94,450.00,202204,11,"10,000",-,-,1998,도산길,20220507,중개거래,경남 창원마산합포구
268,경상남도 창원시 마산합포구 월영동,6**,단독,8m미만,63.10,111.00,202204,11,"6,900",-,-,1998,월영남15길,-,직거래,-
269,경상남도 창원시 마산합포구 진전면 봉곡리,5**,단독,8m미만,77.90,241.00,202204,11,"11,000",-,-,2015,봉곡길,-,중개거래,경남 창원마산합포구
270,경상남도 창원시 마산합포구 진전면 봉곡리,1**,단독,8m미만,85.94,450.00,202204,11,"10,000",-,-,1998,도산길,-,중개거래,경남 창원마산합포구
271,경상남도 창원시 마산합포구 산호동,5**,단독,8m미만,15.00,26.00,202204,09,"19,300",-,-,1998,합포북8길,20220422,중개거래,경남 창원마산합포구
272,경상남도 창원시 마산합포구 산호동,5**,단독,8m미만,15.00,26.00,202204,09,"19,300",-,-,1998,합포북8길,-,중개거래,경남 창원마산합포구 경남 창원마산회원구
273,경상남도 창원시 마산합포구 자산동,1**,단독,8m미만,91.64,163.00,202204,06,"12,500",-,-,1998,자산서11길,-,중개거래,경남 창원마산합포구
274,경상남도 창원시 마산합포구 구산면 수정리,3**,단독,12m미만,119.09,344.00,202204,05,"13,000",-,-,1998,구산로,-,직거래,-
275,경상남도 창원시 마산합포구 상남동,2**,단독,8m미만,108.67,212.00,202204,04,"40,300",-,-,1975,합포서8길,-,중개거래,경남 창원마산합포구
276,경상남도 창원시 마산합포구 성호동,4*,단독,25m미만,54.22,39.00,202204,01,"7,000",-,-,1994,천하장사로,-,직거래,-
277,경상남도 창원시 마산합포구 상남동,3*,단독,8m미만,58.02,126.00,202203,31,"10,000",-,-,1977,노산북3길,20220704,중개거래,"경남 창원시 마산합포구, 경남 창원시 마산회원구"
278,경상남도 창원시 마산합포구 상남동,3*,단독,8m미만,58.02,126.00,202203,31,"10,000",-,-,1977,노산북3길,-,중개거래,경남 창원마산합포구 경남 창원마산회원구
279,경상남도 창원시 마산합포구 상남동,3**,단독,8m미만,60.73,89.00,202203,30,"33,000",-,-,1973,교방천북길,-,중개거래,경남 창원마산합포구
280,경상남도 창원시 마산합포구 산호동,3*,단독,8m미만,115.64,138.00,202203,28,"25,500",-,-,1977,용마로,-,중개거래,경남 창원마산합포구
281,경상남도 창원시 마산합포구 산호동,5**,단독,8m미만,21.80,46.00,202203,28,"20,000",-,-,1998,합포북20길,-,중개거래,경남 창원마산합포구
282,경상남도 창원시 마산합포구 구산면 내포리,7**,단독,8m미만,43.62,526.00,202203,28,"17,630",-,-,1998,해양관광로,-,중개거래,경남 창원마산합포구
283,경상남도 창원시 마산합포구 산호동,3*,단독,8m미만,115.64,138.00,202203,28,"25,500",-,-,1998,용마로,20220613,중개거래,경남 창원마산합포구
284,경상남도 창원시 마산합포구 진동면 고현리,1**,단독,8m미만,48.30,53.00,202203,26,"1,600",-,-,1998,,-,직거래,-
285,경상남도 창원시 마산합포구 진동면 동전리,6**,단독,8m미만,146.18,441.00,202203,26,"36,500",-,-,2017,동전길,-,중개거래,경남 창원마산합포구
286,경상남도 창원시 마산합포구 월영동,9*,단독,-,33.00,53.00,202203,26,"15,200",-,-,1998,문화서13길,-,중개거래,경남 창원마산합포구 경남 창원마산회원구
287,경상남도 창원시 마산합포구 월영동,9*,단독,-,33.00,53.00,202203,26,"15,200",-,-,1998,문화서13길,20220414,중개거래,경남 창원마산합포구 경남 창원마산회원구
288,경상남도 창원시 마산합포구 진동면 동전리,6**,단독,8m미만,146.18,441.00,202203,26,"37,000",-,-,2017,동전길,20220418,중개거래,경남 창원마산합포구
289,경상남도 창원시 마산합포구 자산동,1**,단독,8m미만,110.13,106.00,202203,25,"29,228",-,-,1998,자산동3길,-,중개거래,경남 창원마산회원구
290,경상남도 창원시 마산합포구 신월동,4*,단독,8m미만,37.62,29.80,202203,25,"2,600",-,-,1977,반월서11길,-,중개거래,경남 창원마산합포구
291,경상남도 창원시 마산합포구 추산동,7*,단독,12m미만,108.99,109.10,202203,25,"14,000",-,-,1998,성호남7길,-,직거래,-
292,경상남도 창원시 마산합포구 서성동,*,단독,12m미만,165.34,122.30,202203,25,"22,200",-,-,1998,남성로,-,직거래,-
293,경상남도 창원시 마산합포구 진북면 부평리,2**,단독,8m미만,74.88,518.00,202203,23,"8,800",-,-,2003,부평1길,20220323,직거래,-
294,경상남도 창원시 마산합포구 교방동,1**,단독,8m미만,47.21,112.00,202203,23,"5,000",-,-,1982,교방남7길,-,중개거래,경남 창원마산합포구
295,경상남도 창원시 마산합포구 월영동,6**,단독,8m미만,120.76,125.40,202203,23,"7,500",-,-,1998,월영남20길,-,중개거래,경남 창원마산합포구
296,경상남도 창원시 마산합포구 진동면 태봉리,2**,단독,8m미만,197.21,302.70,202203,22,"17,500",-,-,,오산1길,-,중개거래,경남 창원마산합포구
297,경상남도 창원시 마산합포구 상남동,1**,단독,8m미만,161.17,157.00,202203,22,"13,500",-,-,1988,노산동6길,-,직거래,-
298,경상남도 창원시 마산합포구 산호동,5**,단독,8m미만,30.80,73.00,202203,22,"24,000",-,-,,합포북16길,-,중개거래,경남 창원마산합포구 경남 창원마산회원구
299,경상남도 창원시 마산합포구 완월동,1*,단독,8m미만,110.88,106.00,202203,21,"10,000",-,-,1998,완월동18길,-,중개거래,경남 창원마산합포구
300,경상남도 창원시 마산합포구 구산면 내포리,1***,단독,8m미만,67.71,189.00,202203,21,"6,400",-,-,1998,욱곡2길,-,중개거래,경남 창녕군
301,경상남도 창원시 마산합포구 교방동,3**,단독,8m미만,149.97,190.00,202203,19,"18,900",-,-,1986,교방서1길,-,중개거래,경남 창원마산합포구
302,경상남도 창원시 마산합포구 상남동,1**,단독,8m미만,21.24,63.00,202203,18,"21,500",-,-,,합포서10길,-,중개거래,경남 창원마산합포구
303,경상남도 창원시 마산합포구 구산면 구복리,3**,단독,8m미만,112.94,357.00,202203,18,"22,500",-,-,1998,하포길,-,중개거래,경남 창원마산합포구
304,경상남도 창원시 마산합포구 산호동,4**,단독,8m미만,19.60,50.00,202203,18,"6,000",-,-,1990,합포남5길,-,중개거래,경남 창원마산합포구
305,경상남도 창원시 마산합포구 진북면 추곡리,3**,단독,8m미만,31.07,167.00,202203,17,"4,000",-,-,1998,추곡1길,-,직거래,-
306,경상남도 창원시 마산합포구 신포동1가,6*,단독,12m미만,2017.14,613.00,202203,17,"455,000",-,-,2003,수산1길,-,중개거래,부산 연제구
307,경상남도 창원시 마산합포구 자산동,1**,단독,8m미만,32.27,46.00,202203,16,"19,655",-,-,1998,자산동3길,-,중개거래,경남 창원마산회원구
308,경상남도 창원시 마산합포구 산호동,4**,단독,8m미만,46.62,86.00,202203,16,"25,000",-,-,1998,회원천북길,-,중개거래,경남 창원마산합포구
309,경상남도 창원시 마산합포구 산호동,3**,단독,25m이상,318.68,137.20,202203,16,"36,000",-,-,1974,해안대로,-,중개거래,경남 창원마산합포구
310,경상남도 창원시 마산합포구 성호동,8*,단독,8m미만,165.81,113.00,202203,16,"19,400",-,-,2003,성호서6길,-,중개거래,경남 창원마산합포구
311,경상남도 창원시 마산합포구 구산면 난포리,3**,단독,8m미만,49.58,188.00,202203,16,"7,100",-,-,1998,난포2길,-,중개거래,경남 창원의창구
312,경상남도 창원시 마산합포구 완월동,3**,다가구,8m미만,250.21,397.00,202203,15,"49,000",-,-,2013,완월남3길,20220511,중개거래,경남 창원마산합포구
313,경상남도 창원시 마산합포구 완월동,3**,다가구,8m미만,250.21,397.00,202203,15,"49,000",-,-,2013,완월남3길,-,중개거래,경남 창원마산합포구
314,경상남도 창원시 마산합포구 월영동,1**,단독,8m미만,15.12,30.00,202203,15,"10,000",-,-,,,-,중개거래,경남 창원마산합포구
315,경상남도 창원시 마산합포구 산호동,4*,단독,12m미만,133.13,125.60,202203,15,"18,000",-,-,1998,산호서2길,20220428,중개거래,경남 창원마산합포구
316,경상남도 창원시 마산합포구 신창동,*,단독,12m미만,40.20,52.90,202203,14,"7,200",-,-,1998,반월남2길,-,중개거래,경남 창원마산합포구
317,경상남도 창원시 마산합포구 월영동,9*,단독,8m미만,101.33,195.00,202203,14,"27,100",-,-,,문화서13길,-,중개거래,경남 창원마산합포구
318,경상남도 창원시 마산합포구 자산동,3**,단독,8m미만,31.93,53.00,202203,14,"4,800",-,-,1998,자산남13길,-,중개거래,경남 창원마산합포구
319,경상남도 창원시 마산합포구 자산동,2**,단독,12m미만,83.94,87.00,202203,13,"16,000",-,-,1995,자산남4길,-,중개거래,경남 창원마산합포구
320,경상남도 창원시 마산합포구 산호동,5**,단독,8m미만,38.68,50.00,202203,12,"22,000",-,-,1998,합포북5길,-,중개거래,경남 창원마산합포구
321,경상남도 창원시 마산합포구 산호동,6**,단독,8m미만,33.50,19.00,202203,12,"19,000",-,-,1998,회원천북길,-,중개거래,경남 창원마산합포구
322,경상남도 창원시 마산합포구 진전면 평암리,1***,단독,8m미만,87.01,650.00,202203,10,"8,500",-,-,2019,미천4길,-,직거래,-
323,경상남도 창원시 마산합포구 오동동,*,단독,8m미만,181.35,156.70,202203,10,"91,000",-,-,1983,오동동15길,-,직거래,-
324,경상남도 창원시 마산합포구 신창동,*,다가구,12m미만,358.00,232.40,202203,10,"76,000",-,-,2016,문화북4길,-,직거래,-
325,경상남도 창원시 마산합포구 진동면 교동리,5**,단독,8m미만,55.40,284.00,202203,10,"3,550",-,-,1998,교동2길,-,직거래,-
326,경상남도 창원시 마산합포구 자산동,2*,다가구,12m미만,144.67,90.60,202203,09,"8,500",-,-,1991,자산북1길,-,중개거래,경남 창원마산합포구
327,경상남도 창원시 마산합포구 산호동,5**,단독,8m미만,20.53,69.00,202203,05,"21,000",-,-,1998,합포북18길,-,중개거래,경남 창원마산합포구 경남 창원마산회원구
328,경상남도 창원시 마산합포구 산호동,1*,단독,8m미만,66.05,108.10,202203,05,"6,000",-,-,1974,산호북7길,-,중개거래,경남 창원마산합포구
329,경상남도 창원시 마산합포구 산호동,4**,단독,8m미만,26.04,69.00,202203,04,"24,000",-,-,1998,회원천북길,20221005,중개거래,경남 창원마산회원구 부산 해운대구
330,경상남도 창원시 마산합포구 진북면 추곡리,2**,단독,8m미만,96.09,567.00,202203,04,"20,000",-,-,2012,추곡1길,-,직거래,-
331,경상남도 창원시 마산합포구 구산면 심리,*,단독,8m미만,187.38,403.00,202203,04,"30,000",-,-,1997,이순신로,20220618,중개거래,경남 창원시 마산합포구
332,경상남도 창원시 마산합포구 진동면 동전리,1**,단독,8m미만,103.00,493.00,202203,04,"9,200",-,-,1998,묵지길,-,직거래,-
333,경상남도 창원시 마산합포구 산호동,4**,다가구,8m미만,24.07,39.00,202203,04,"20,500",-,-,1983,합포북5길,-,중개거래,경남 창원마산합포구
334,경상남도 창원시 마산합포구 진동면 진동리,6**,다가구,25m미만,348.18,438.00,202203,02,"51,034",-,-,2013,신서촌로,-,직거래,-
335,경상남도 창원시 마산합포구 월남동3가,*,단독,12m미만,653.05,155.40,202203,02,"136,500",-,-,2013,문화남4길,-,직거래,-
336,경상남도 창원시 마산합포구 성호동,9*,단독,8m미만,21.28,63.00,202202,28,"5,150",-,-,,성호서7길,-,중개거래,경남 창원마산합포구
337,경상남도 창원시 마산합포구 진동면 고현리,4**,단독,12m미만,75.40,132.00,202202,27,"20,000",-,-,2019,미더덕로,-,직거래,-
338,경상남도 창원시 마산합포구 산호동,4**,단독,8m미만,18.91,46.00,202202,26,"11,000",-,-,1998,합포남10길,-,중개거래,경남 창원마산합포구
339,경상남도 창원시 마산합포구 산호동,4**,단독,8m미만,80.36,66.00,202202,26,"23,300",-,-,1983,합포남5길,-,중개거래,경남 창원마산합포구
340,경상남도 창원시 마산합포구 산호동,4**,다가구,8m미만,18.91,46.00,202202,26,"11,000",-,-,1998,합포남10길,20220323,중개거래,경남 창원마산합포구
341,경상남도 창원시 마산합포구 산호동,4**,단독,8m미만,80.36,66.00,202202,26,"23,300",-,-,1998,합포남5길,20220323,중개거래,경남 창원마산합포구
342,경상남도 창원시 마산합포구 산호동,5**,단독,8m미만,62.40,155.00,202202,26,"29,500",-,-,1998,합포북10길,-,중개거래,경남 창원시 마산회원구
343,경상남도 창원시 마산합포구 구산면 유산리,1**,단독,8m미만,56.19,307.00,202202,25,"16,415",-,-,1998,유천길,-,중개거래,경남 창원성산구
344,경상남도 창원시 마산합포구 진전면 일암리,5**,단독,8m미만,83.25,369.00,202202,25,"22,500",-,-,2007,적석산길,-,중개거래,경남 창원마산회원구
345,경상남도 창원시 마산합포구 자산동,6*,단독,8m미만,63.34,127.00,202202,25,"26,760",-,-,1980,자산동13길,-,중개거래,경남 창원마산합포구
346,경상남도 창원시 마산합포구 자산동,1**,단독,8m미만,50.25,83.00,202202,24,"20,000",-,-,1998,자산동3길,-,중개거래,경남 창원마산합포구
347,경상남도 창원시 마산합포구 산호동,1*,단독,8m미만,158.18,164.50,202202,22,"10,000",-,-,1987,산호북1길,-,직거래,-
348,경상남도 창원시 마산합포구 월영동,9*,단독,8m미만,55.51,105.00,202202,21,"22,250",-,-,1975,문화서13길,-,중개거래,경남 창원마산합포구
349,경상남도 창원시 마산합포구 완월동,1**,다가구,8m미만,306.98,448.00,202202,21,"94,500",-,-,2018,완월서2길,-,중개거래,경남 김해시 경남 창원마산합포구
350,경상남도 창원시 마산합포구 자산동,2**,단독,8m미만,60.50,129.00,202202,21,"8,000",-,-,1998,자산서4길,-,직거래,-
351,경상남도 창원시 마산합포구 산호동,2*,단독,12m미만,133.69,165.30,202202,21,"24,000",-,-,1977,산호북15길,-,중개거래,경남 창원마산합포구
352,경상남도 창원시 마산합포구 진북면 지산리,2**,단독,8m미만,32.72,234.00,202202,21,"6,450",-,-,1998,지산4길,-,중개거래,경남 창원마산합포구
353,경상남도 창원시 마산합포구 진북면 지산리,2**,단독,8m미만,32.72,234.00,202202,21,"6,450",-,-,1998,지산4길,-,중개거래,경남 창원마산합포구
354,경상남도 창원시 마산합포구 화영동,*,단독,8m미만,111.00,118.30,202202,19,"13,200",-,-,1988,문화남8길,-,직거래,-
355,경상남도 창원시 마산합포구 신월동,4*,단독,8m미만,61.38,145.00,202202,19,"7,500",-,-,1993,반월서11길,-,중개거래,경남 창원마산합포구
356,경상남도 창원시 마산합포구 신월동,4*,단독,8m미만,14.18,42.00,202202,19,"2,300",-,-,1983,반월서11길,-,중개거래,경남 창원마산합포구
357,경상남도 창원시 마산합포구 산호동,4**,단독,8m미만,47.00,17.00,202202,19,"3,000",-,-,1998,합포남5길,-,중개거래,경남 창원마산합포구
358,경상남도 창원시 마산합포구 산호동,4**,단독,8m미만,21.45,53.00,202202,19,"23,300",-,-,1998,합포남10길,-,중개거래,경남 창원마산합포구
359,경상남도 창원시 마산합포구 월영동,1**,단독,8m미만,21.00,55.00,202202,19,"15,000",-,-,1998,문화서1길,-,중개거래,경남 창원마산회원구
360,경상남도 창원시 마산합포구 오동동,*,단독,8m미만,23.80,36.40,202202,16,"14,200",-,-,1966,오동동8길,-,직거래,-
361,경상남도 창원시 마산합포구 진동면 고현리,2**,단독,12m미만,120.00,113.00,202202,16,"13,000",-,-,1998,미더덕로,-,직거래,-
362,경상남도 창원시 마산합포구 진동면 교동리,8**,단독,8m미만,98.20,517.70,202202,16,"35,500",-,-,1998,교동4길,-,중개거래,경남 창원마산합포구
363,경상남도 창원시 마산합포구 교원동,1*,단독,8m미만,125.27,129.00,202202,16,"23,000",-,-,1991,노산서21길,-,중개거래,경남 창원마산회원구
364,경상남도 창원시 마산합포구 산호동,5**,단독,8m미만,26.05,66.00,202202,14,"22,000",-,-,1998,합포북16길,-,중개거래,경남 창원마산회원구
365,경상남도 창원시 마산합포구 진동면 진동리,6**,다가구,12m미만,580.74,341.50,202202,14,"75,000",-,-,2015,신서촌1길,-,중개거래,경남 창원마산회원구
366,경상남도 창원시 마산합포구 산호동,5**,단독,8m미만,42.20,66.00,202202,12,"22,500",-,-,1998,합포북18길,-,중개거래,경남 창원마산합포구
367,경상남도 창원시 마산합포구 자산동,1**,단독,8m미만,51.90,112.00,202202,12,"24,644",-,-,1998,자산동8길,-,중개거래,경남 창원마산회원구
368,경상남도 창원시 마산합포구 상남동,1**,단독,8m미만,30.46,43.00,202202,12,"22,000",-,-,,합포서10길,-,중개거래,경남 창원마산합포구
369,경상남도 창원시 마산합포구 산호동,1*,단독,8m미만,98.72,145.10,202202,11,"14,000",-,-,1995,산호남로,-,중개거래,경남 창원마산합포구
370,경상남도 창원시 마산합포구 자산동,7*,단독,8m미만,122.20,145.00,202202,11,"31,956",-,-,1996,자산동13길,-,중개거래,경남 창원마산합포구 경남 창원마산회원구
371,경상남도 창원시 마산합포구 진전면 오서리,6**,단독,12m미만,99.81,393.00,202202,10,"26,000",-,-,2014,오서8길,-,중개거래,경남 창원마산합포구
372,경상남도 창원시 마산합포구 상남동,1**,단독,8m미만,22.17,26.00,202202,10,"19,000",-,-,,합포서10길,-,중개거래,경남 창원마산합포구 경남 창원마산회원구
373,경상남도 창원시 마산합포구 산호동,5**,단독,8m미만,82.32,145.00,202202,10,"35,000",-,-,1976,합포북21길,-,중개거래,경남 창원마산합포구
374,경상남도 창원시 마산합포구 자산동,1**,단독,8m미만,121.43,292.00,202202,09,"20,000",-,-,1983,자산서10길,-,직거래,-
375,경상남도 창원시 마산합포구 자산동,1**,단독,8m미만,114.18,127.00,202202,09,"8,000",-,-,1979,자산서11길,-,직거래,-
376,경상남도 창원시 마산합포구 장군동2가,1*,단독,8m미만,87.90,132.90,202202,09,"11,800",-,-,1998,중앙남6길,-,중개거래,경남 창원마산합포구
377,경상남도 창원시 마산합포구 구산면 옥계리,6**,단독,8m미만,99.77,380.00,202202,08,"29,000",-,-,2021,옥계로,-,중개거래,경남 창원마산합포구
378,경상남도 창원시 마산합포구 진전면 고사리,5**,단독,8m미만,129.60,202.00,202202,07,"9,500",-,-,1996,의산삼일로,-,중개거래,경남 창원마산합포구
379,경상남도 창원시 마산합포구 추산동,5*,단독,8m미만,24.34,44.90,202202,06,"2,750",-,-,1998,성호남2길,-,직거래,-
380,경상남도 창원시 마산합포구 진동면 진동리,3**,단독,12m미만,37.45,173.00,202202,06,"10,000",-,-,1998,서동촌길,-,중개거래,경남 창원마산합포구
381,경상남도 창원시 마산합포구 산호동,5**,단독,8m미만,86.34,81.00,202202,05,"26,500",-,-,2005,합포북13길,-,중개거래,경남 창원마산합포구
382,경상남도 창원시 마산합포구 중앙동1가,*,단독,8m미만,55.44,138.20,202202,05,"9,900",-,-,1998,반월동5길,-,직거래,-
383,경상남도 창원시 마산합포구 진전면 동산리,1**,단독,8m미만,33.06,304.00,202202,05,"10,800",-,-,1998,동산1길,-,중개거래,경남 창원마산합포구
384,경상남도 창원시 마산합포구 산호동,6**,단독,8m미만,22.02,38.00,202202,04,"20,500",-,-,,회원천북길,-,중개거래,경남 창원마산합포구 경남 창원마산회원구
385,경상남도 창원시 마산합포구 자산동,8*,단독,8m미만,80.60,89.00,202202,04,"22,431",-,-,,자산동10길,-,중개거래,경남 창원마산합포구
386,경상남도 창원시 마산합포구 산호동,5**,단독,8m미만,41.01,31.50,202202,03,"20,000",-,-,1997,합포북6길,-,중개거래,경남 창원마산합포구 경남 창원마산회원구
387,경상남도 창원시 마산합포구 산호동,3**,단독,12m미만,151.50,165.10,202202,03,"28,800",-,-,1977,산호동5길,-,직거래,-
388,경상남도 창원시 마산합포구 진전면 고사리,5**,단독,8m미만,94.20,202.00,202202,02,"4,800",-,-,1998,의산삼일로,-,직거래,-
389,경상남도 창원시 마산합포구 산호동,3*,단독,12m미만,171.48,162.00,202201,28,"31,300",-,-,1974,산호남2길,-,중개거래,경남 창원마산합포구
390,경상남도 창원시 마산합포구 산호동,5**,단독,8m미만,42.78,122.00,202201,28,"23,000",-,-,1998,합포북13길,-,중개거래,경남 창원마산회원구
391,경상남도 창원시 마산합포구 구산면 내포리,1***,단독,8m미만,68.50,164.00,202201,28,"4,900",-,-,1998,욱곡1길,-,중개거래,경남 창원마산합포구
392,경상남도 창원시 마산합포구 대창동,3*,단독,8m미만,65.09,167.00,202201,27,"10,700",-,-,1974,문화서7길,-,직거래,-
393,경상남도 창원시 마산합포구 자산동,1**,단독,8m미만,136.92,350.00,202201,26,"40,000",-,-,1998,자산동3길,-,중개거래,경남 창원마산합포구
394,경상남도 창원시 마산합포구 자산동,1**,단독,8m미만,72.87,168.00,202201,25,"31,000",-,-,1998,자산동8길,-,중개거래,경남 창원마산합포구 경남 창원마산회원구
395,경상남도 창원시 마산합포구 산호동,4**,단독,8m미만,43.34,63.00,202201,24,"24,000",-,-,1972,허당로,-,중개거래,경남 창원마산합포구
396,경상남도 창원시 마산합포구 구산면 내포리,1**,단독,8m미만,193.79,481.00,202201,22,"22,500",-,-,2008,내포3길,-,중개거래,경남 창원마산합포구
397,경상남도 창원시 마산합포구 완월동,2*,단독,8m미만,31.27,63.00,202201,22,"3,500",-,-,1998,완월동19길,-,중개거래,경남 창원의창구
398,경상남도 창원시 마산합포구 구산면 심리,*,다가구,12m미만,226.54,413.00,202201,22,"84,500",-,-,2016,이순신로,-,중개거래,경남 창원마산합포구
399,경상남도 창원시 마산합포구 산호동,4**,단독,8m미만,43.27,76.00,202201,21,"10,500",-,-,1982,합포남5길,-,중개거래,경남 창원마산합포구
400,경상남도 창원시 마산합포구 진북면 신촌리,2**,단독,8m미만,125.19,407.00,202201,21,"15,700",-,-,1992,신촌마을길,-,중개거래,경남 창원마산합포구
401,경상남도 창원시 마산합포구 자산동,4*,단독,8m미만,24.30,10.00,202201,20,"15,800",-,-,1998,자산동14길,-,중개거래,경남 창원마산합포구
402,경상남도 창원시 마산합포구 산호동,5*,단독,8m미만,107.80,99.70,202201,20,"11,500",-,-,1984,산호서7길,-,중개거래,경남 창원마산합포구
403,경상남도 창원시 마산합포구 진동면 다구리,3*,단독,8m미만,57.84,434.00,202201,20,"7,800",-,-,1998,도만1길,-,직거래,-
404,경상남도 창원시 마산합포구 구산면 마전리,1**,단독,8m미만,160.06,250.00,202201,19,"25,000",-,-,2008,해양관광로,-,직거래,-
405,경상남도 창원시 마산합포구 상남동,1**,단독,8m미만,132.06,160.00,202201,19,"20,000",-,-,1994,노산동5길,-,중개거래,경남 창원마산합포구
406,경상남도 창원시 마산합포구 완월동,1**,단독,8m미만,176.82,179.00,202201,18,"12,000",-,-,1998,완월북8길,-,직거래,-
407,경상남도 창원시 마산합포구 오동동,6*,단독,8m미만,81.52,82.60,202201,18,"8,200",-,-,1976,오동북5길,-,중개거래,경남 창원마산합포구
408,경상남도 창원시 마산합포구 오동동,1**,단독,8m미만,46.28,112.40,202201,17,"14,000",-,-,1998,오동북10길,-,직거래,-
409,경상남도 창원시 마산합포구 자산동,6*,단독,8m미만,31.71,106.00,202201,17,"16,000",-,-,1998,자산동16길,-,직거래,-
410,경상남도 창원시 마산합포구 구산면 난포리,7*,단독,8m미만,105.74,350.00,202201,16,"15,000",-,-,2004,난포1길,-,중개거래,경남 창원마산합포구
411,경상남도 창원시 마산합포구 대창동,1**,단독,8m미만,110.95,120.40,202201,15,"23,000",-,-,1978,문화서1길,-,중개거래,경남 창원마산합포구
412,경상남도 창원시 마산합포구 대창동,1**,단독,8m미만,110.95,120.40,202201,15,"23,000",-,-,1978,문화서1길,20220311,중개거래,경남 창원마산합포구
413,경상남도 창원시 마산합포구 월영동,*,단독,8m미만,88.36,100.00,202201,14,"28,700",-,-,2002,반월남4길,-,중개거래,경남 창원마산합포구
414,경상남도 창원시 마산합포구 자산동,1**,단독,8m미만,116.11,122.00,202201,12,"30,279",-,-,1994,자산동4길,-,중개거래,경남 창원마산회원구
415,경상남도 창원시 마산합포구 진전면 시락리,5**,단독,8m미만,129.51,838.00,202201,12,"28,000",-,-,2019,시락본동길,-,중개거래,경남 창원마산회원구
416,경상남도 창원시 마산합포구 구산면 석곡리,5**,단독,8m미만,172.15,456.00,202201,11,"14,700",-,-,2004,해양관광로,-,직거래,-
417,경상남도 창원시 마산합포구 산호동,4**,단독,8m미만,53.21,83.00,202201,11,"25,400",-,-,1994,회원천북길,-,중개거래,경남 창원마산합포구
418,경상남도 창원시 마산합포구 월영동,6**,단독,8m미만,98.92,99.00,202201,11,"16,500",-,-,1975,월영남5길,-,중개거래,경남 창원마산합포구
419,경상남도 창원시 마산합포구 장군동1가,1*,단독,8m미만,18.12,26.14,202201,10,"2,000",-,-,1998,반월북4길,-,중개거래,경남 창원마산합포구
420,경상남도 창원시 마산합포구 자산동,1**,단독,8m미만,160.91,149.00,202201,08,"39,000",-,-,2002,자산동8길,-,중개거래,경남 창원마산합포구
421,경상남도 창원시 마산합포구 산호동,4*,단독,8m미만,130.71,195.00,202201,08,"15,000",-,-,1973,산호남2길,-,중개거래,경남 창원성산구
422,경상남도 창원시 마산합포구 진동면 교동리,2*,단독,8m미만,136.00,346.00,202201,06,"16,550",-,-,1998,교동3길,-,중개거래,경남 사천시
423,경상남도 창원시 마산합포구 상남동,1**,단독,8m미만,43.74,69.00,202201,04,"24,000",-,-,1995,합포서12길,-,중개거래,경남 창원마산합포구
424,경상남도 창원시 마산합포구 진전면 고사리,5**,단독,8m미만,129.60,202.00,202201,03,"10,000",-,-,1996,의산삼일로,20220113,중개거래,경남 창원시 마산합포구
425,경상남도 창원시 마산합포구 상남동,4*,단독,8m미만,96.86,94.00,202201,03,"9,500",-,-,1977,노산북4길,-,직거래,-
426,경상남도 창원시 마산합포구 진북면 대평리,2**,단독,12m미만,98.48,430.00,202201,03,"15,900",-,-,1998,학동로,-,중개거래,경남 창원마산합포구
427,경상남도 창원시 마산합포구 문화동,1*,단독,12m미만,162.50,158.30,202201,03,"27,000",-,-,1986,문화서7길,-,중개거래,경남 창원시 마산회원구
