NO,시군구,번지,본번,부번,건물명,전용면적(㎡),대지권면적(㎡),계약년월,계약일,거래금액(만원),층,매수자,매도자,건축년도,도로명,해제사유발생일,거래유형,중개사소재지,등기일자,주택유형
1,경상남도 창원시 의창구 서상동,517-11,0517,0011,장성,48.6000,40.2400,202312,22,"8,500",2,-,-,1985,읍성로 2,-,중개거래,경남 창원의창구,-,연립
2,경상남도 창원시 의창구 대산면 가술리,387-26,0387,0026,한솔푸르네오,57.8500,52.6981,202312,19,"8,100",3,-,-,2014,가술길1번길 19,-,중개거래,경남 창원의창구,-,연립
3,경상남도 창원시 의창구 북면 신촌리,887-3,0887,0003,올라뷰,76.7000,61.5100,202312,12,"8,900",3,-,-,2015,신리길 25,-,중개거래,경남 창원의창구,-,연립
4,경상남도 창원시 의창구 도계동,402-1,0402,0001,태백산빌라,70.2000,20.1394,202312,11,"10,000",2,-,-,1995,원이대로69번길 10-4,-,중개거래,경남 창원의창구,-,연립다세대
5,경상남도 창원시 의창구 대산면 가술리,387-26,0387,0026,한솔푸르네오,57.8500,52.6981,202312,09,"12,500",4,-,-,2014,가술길1번길 19,-,중개거래,경남 창원시의창구,-,연립
6,경상남도 창원시 의창구 동읍 용정리,23-5,0023,0005,자여새보금,84.5950,69.4160,202312,06,"12,500",3,-,-,2013,용정길32번길 21,-,중개거래,경남 창원시의창구,-,연립
7,경상남도 창원시 의창구 동읍 용잠리,250-5,0250,0005,삼우종합상가,115.5000,41.5700,202312,05,"12,500",4,-,-,1992,의창대로915번길 13,-,직거래,-,-,연립
8,경상남도 창원시 의창구 도계동,318-10,0318,0010,아주빌라(318-10),93.7500,68.4300,202311,29,"9,600",2,-,-,1998,도계두리길 108-5,-,중개거래,경남 창원의창구,-,다세대
9,경상남도 창원시 의창구 서상동,670-10,0670,0010,(21-10),73.1459,52.7299,202311,21,"19,700",3,-,-,2012,평산로195번길 12-4,-,직거래,-,-,다세대
10,경상남도 창원시 의창구 도계동,357-5,0357,0005,청학상가빌라,71.0550,25.4050,202311,09,"15,000",5,-,-,1995,도계로 67,-,중개거래,경남 창원의창구,-,연립다세대
11,경상남도 창원시 의창구 동정동,284-2,0284,0002,대성빌라트,84.8700,47.9732,202311,02,"14,100",4,-,-,2002,서상로35번길 10-4,-,직거래,-,-,다세대
12,경상남도 창원시 의창구 소계동,702-25,0702,0025,부전빌라,84.8000,64.2200,202310,30,"13,500",2,-,-,1998,소계로94번길 19-7,-,중개거래,경남 창원의창구,-,다세대
13,경상남도 창원시 의창구 동읍 용정리,19-2,0019,0002,자여서원래온빌,71.3450,54.0000,202310,27,"10,000",2,-,-,2012,용정길46번길 11,-,중개거래,경남 창원의창구,-,연립
14,경상남도 창원시 의창구 도계동,301-2,0301,0002,서원래온빌3차,82.6750,42.2000,202310,25,"21,000",2,-,-,2009,도계두리길 28,-,중개거래,경남 창원의창구,-,다세대
15,경상남도 창원시 의창구 도계동,417-3,0417,0003,임호아트빌라,82.5600,11.2315,202310,24,"13,800",2,-,-,1996,도계로95번길 6-16,20231121,중개거래,경남 창원의창구,-,연립
16,경상남도 창원시 의창구 도계동,417-3,0417,0003,임호아트빌라,82.5600,11.2315,202310,24,"13,800",2,-,-,1996,도계로95번길 6-16,-,중개거래,경남 창원의창구,-,연립
17,경상남도 창원시 의창구 대산면 갈전리,632-2,0632,0002,갈전리,75.3450,103.1250,202310,24,"4,725",4,-,-,2002,갈전로 70,-,직거래,-,-,다세대
18,경상남도 창원시 의창구 북면 신촌리,1386-67,1386,0067,거풍힐링빌2단지,75.9150,90.8750,202310,21,"14,000",2,-,-,2013,천주로 1202-12,-,직거래,-,-,다세대
19,경상남도 창원시 의창구 소답동,113-10,0113,0010,송백오슬로빌라,68.1700,34.8375,202310,21,"11,700",2,-,-,2003,의안로8번길 10,-,중개거래,경남 창원의창구,-,다세대
20,경상남도 창원시 의창구 북면 신촌리,879-1,0879,0001,올라빌,81.9255,85.0500,202310,21,"9,350",3,-,-,2013,신리길30번길 20,-,중개거래,경남 창원의창구,-,연립
21,경상남도 창원시 의창구 동읍 용정리,23-5,0023,0005,자여새보금,84.5950,69.4160,202310,20,"12,400",4,-,-,2013,용정길32번길 21,-,직거래,-,-,연립
22,경상남도 창원시 의창구 소답동,146-2,0146,0002,대한그린빌라,57.2950,34.8627,202310,19,"3,800",2,-,-,1994,의안로62번길 42,-,직거래,-,-,다세대
23,경상남도 창원시 의창구 소계동,701-24,0701,0024,대양동백빌라,73.3300,41.6882,202310,18,"9,800",3,-,-,2002,소계로106번길 19,-,중개거래,경남 창원의창구,-,다세대
24,경상남도 창원시 의창구 동읍 용잠리,654,0654,0000,동아바론하우스,84.9720,78.5010,202310,17,"18,000",3,-,-,2013,동읍로83번길 30-7,-,중개거래,경남 창원의창구,-,연립
25,경상남도 창원시 의창구 동읍 용정리,150-6,0150,0006,헬리체자여,72.4093,56.9499,202310,14,"14,800",2,-,-,2018,자여로112번길 21,-,중개거래,경남 창원의창구,-,연립
26,경상남도 창원시 의창구 소답동,149-10,0149,0010,청송샘터빌라,71.6800,41.1500,202310,05,"12,200",5,-,-,1996,읍성로101번길 13-2,-,중개거래,경남 창원의창구,-,다세대
27,경상남도 창원시 의창구 소답동,119-18,0119,0018,옥산빌라,45.0200,16.1620,202310,04,"5,000",6,-,-,1997,의안로32번길 24,-,직거래,-,-,다세대
28,경상남도 창원시 의창구 도계동,317-5,0317,0005,오션그린빌라,69.3300,49.7760,202309,26,"10,700",3,-,-,1995,도계두리길 106,-,중개거래,경남 창원의창구,-,다세대
29,경상남도 창원시 의창구 소계동,721-21,0721,0021,한보,47.0700,45.2900,202309,25,"6,500",1,-,-,1983,소계로 117,-,중개거래,경남 창원마산회원구 경남 창원의창구,-,연립
30,경상남도 창원시 의창구 도계동,365-9,0365,0009,진성파란채,55.7064,52.5178,202309,20,"10,700",3,-,-,2017,하남천동길32번길 3-20,-,직거래,-,-,다세대
31,경상남도 창원시 의창구 도계동,365-9,0365,0009,진성파란채,55.7064,52.5178,202309,20,"10,600",2,-,-,2017,하남천동길32번길 3-20,-,직거래,-,-,다세대
32,경상남도 창원시 의창구 도계동,344-1,0344,0001,성산빌라7차,57.1900,26.1225,202309,20,"10,000",4,-,-,1994,도계로50번길 15,-,중개거래,경남 창원의창구,-,다세대
33,경상남도 창원시 의창구 도계동,365-9,0365,0009,진성파란채,55.7064,52.5178,202309,20,"10,700",3,-,-,2017,하남천동길32번길 3-20,-,직거래,-,-,다세대
34,경상남도 창원시 의창구 도계동,365-9,0365,0009,진성파란채,67.1199,63.2780,202309,20,"13,000",5,-,-,2017,하남천동길32번길 3-20,-,직거래,-,-,다세대
35,경상남도 창원시 의창구 도계동,394-1,0394,0001,담양빌라3,68.7300,73.4200,202309,16,"12,200",3,-,-,1993,하남천동길16번길 3-32,-,중개거래,경남 창원의창구,-,다세대
36,경상남도 창원시 의창구 소답동,148-6,0148,0006,대림종빌라,59.7300,34.8430,202309,11,"7,500",3,-,-,1995,의안로66번길 41,-,중개거래,경남 창원의창구,-,다세대
37,경상남도 창원시 의창구 북면 신촌리,887-3,0887,0003,올라뷰,76.7000,61.5100,202309,11,"12,000",4,-,-,2015,신리길 25,-,중개거래,경남 창원의창구,-,연립
38,경상남도 창원시 의창구 동읍 용잠리,132-7,0132,0007,삼우빌라,67.7600,50.0700,202309,07,"6,000",1,-,-,1991,의창대로915번길 21,-,중개거래,경남 창원성산구,-,연립
39,경상남도 창원시 의창구 동정동,334-2,0334,0002,더푸름빌리지,68.3834,64.4567,202308,31,"18,000",4,-,-,2016,동정길 53-17,-,직거래,-,-,연립
40,경상남도 창원시 의창구 동읍 용잠리,779-3,0779,0003,소전파크빌,67.2400,74.5000,202308,31,"12,800",3,-,-,2013,동읍로71번길 11,-,중개거래,경남 창원의창구,-,다세대
41,경상남도 창원시 의창구 도계동,397-5,0397,0005,덕암파크,71.6500,29.8996,202308,31,"15,000",4,-,-,1994,도계로 80,-,중개거래,경남 창원의창구,-,연립
42,경상남도 창원시 의창구 소계동,719-13,0719,0013,옥산빌라,63.7600,31.0750,202308,28,"6,500",4,-,-,1990,소계로128번길 13,-,중개거래,경남 창원의창구,-,연립
43,경상남도 창원시 의창구 도계동,308-8,0308,0008,송백아마존빌라,74.6300,45.4250,202308,28,"11,300",5,-,-,2001,도계로31번길 6,-,중개거래,경남 창원의창구,-,다세대
44,경상남도 창원시 의창구 소계동,714-1,0714,0001,정원연립B동,50.0400,27.7650,202308,27,"4,400",4,-,-,1983,소계로90번길 10,-,중개거래,경남 창원의창구,-,연립
45,경상남도 창원시 의창구 소계동,714-1,0714,0001,정원연립B동,50.0400,27.7650,202308,27,"4,400",4,-,-,1983,소계로90번길 10,20231013,중개거래,경남 창원의창구,-,연립
46,경상남도 창원시 의창구 소답동,124-5,0124,0005,성수18차,77.9100,55.1950,202308,26,"11,500",3,-,-,1997,의안로62번길 22,-,중개거래,경남 창원의창구,-,다세대
47,경상남도 창원시 의창구 소답동,135-20,0135,0020,가원빌라나동,72.1950,39.3900,202308,26,"12,400",5,-,-,2003,의안로28번길 32,-,중개거래,경남 창원의창구,-,다세대
48,경상남도 창원시 의창구 동읍 용정리,150-6,0150,0006,헬리체자여,76.1728,59.9099,202308,23,"15,400",2,-,-,2018,자여로112번길 21,-,직거래,-,-,연립
49,경상남도 창원시 의창구 도계동,337-2,0337,0002,신동우빌라,95.4000,40.8750,202308,22,"13,000",6,-,-,1997,도계로18번길 16,-,직거래,-,-,연립
50,경상남도 창원시 의창구 소계동,715-4,0715,0004,일산시티아트,84.3200,26.1645,202308,22,"17,300",4,-,-,1997,소계로94번길 6,-,중개거래,경남 창원마산회원구,-,연립
51,경상남도 창원시 의창구 소답동,113-8,0113,0008,대웅빌라,68.0100,29.8965,202308,20,"10,000",6,-,-,1995,의안로8번길 6,-,중개거래,경남 창원마산합포구,-,연립
52,경상남도 창원시 의창구 도계동,313-11,0313,0011,진양빌라,59.8800,40.6800,202308,15,"10,500",2,-,-,1993,하남천서길21번길 19,-,중개거래,경남 창원의창구,-,다세대
53,경상남도 창원시 의창구 소답동,159-6,0159,0006,남양빌라6차,73.8900,39.3200,202308,07,"10,000",4,-,-,1995,의창대로299번길 6-18,-,중개거래,경남 창원의창구,-,다세대
54,경상남도 창원시 의창구 동읍 용잠리,654,0654,0000,동아바론하우스,84.9720,78.5000,202308,03,"16,300",2,-,-,2013,동읍로83번길 30-7,-,중개거래,경남 창원의창구,-,연립
55,경상남도 창원시 의창구 서상동,651-5,0651,0005,중동서원래온빌102동,65.5400,36.6807,202308,02,"21,500",3,-,-,2010,의창대로210번길 10,-,직거래,-,-,다세대
56,경상남도 창원시 의창구 소답동,142-39,0142,0039,영진블루빌B,78.4400,58.2000,202308,01,"17,000",2,-,-,2010,의창대로289번길 15,-,직거래,-,-,다세대
57,경상남도 창원시 의창구 북면 신촌리,887-3,0887,0003,올라뷰,76.7000,61.5100,202307,31,"7,700",3,-,-,2015,신리길 25,-,직거래,-,-,연립
58,경상남도 창원시 의창구 소답동,155-9,0155,0009,대양녹원빌라,55.8000,63.9610,202307,25,"4,800",1,-,-,1997,의창대로299번길 6-11,-,중개거래,경남 창원시 의창구,-,다세대
59,경상남도 창원시 의창구 소계동,719-13,0719,0013,옥산빌라,69.7200,31.0750,202307,08,"7,800",3,-,-,1990,소계로128번길 13,-,중개거래,경남 창원마산회원구,-,연립
60,경상남도 창원시 의창구 도계동,402-1,0402,0001,태백산빌라,70.2000,20.1394,202307,08,"10,000",2,-,-,1995,원이대로69번길 10-4,20231208,중개거래,경남 창원의창구,-,연립다세대
61,경상남도 창원시 의창구 동읍 용정리,21-5,0021,0005,대원하이빌2차,82.5900,63.5470,202307,05,"15,200",2,-,-,2012,용정길46번길 20,-,중개거래,경남 창원시의창구,-,연립
62,경상남도 창원시 의창구 도계동,362-6,0362,0006,성수빌라5차,53.4200,33.1200,202307,01,"7,990",2,-,-,1995,하남천동길50번길 15,-,중개거래,경남 창원의창구,-,다세대
63,경상남도 창원시 의창구 서상동,433,0433,0000,(433-0),55.8700,99.3333,202306,30,"12,000",1,-,-,1979,천주로18번길 19-3,-,중개거래,경남 창원성산구,-,다세대
64,경상남도 창원시 의창구 북면 신촌리,879-1,0879,0001,올라빌,81.9255,85.0500,202306,30,"10,000",3,-,-,2013,신리길30번길 20,-,직거래,-,-,연립
65,경상남도 창원시 의창구 도계동,318-14,0318,0014,송백들국화빌라,74.4600,41.0125,202306,29,"11,000",2,-,-,2002,도계두리길 114,-,중개거래,경남 창원의창구,-,다세대
66,경상남도 창원시 의창구 서상동,416,0416,0000,대영주택,54.1300,46.0148,202306,25,"9,300",3,-,-,1982,천주로12번길 19,-,직거래,-,-,연립
67,경상남도 창원시 의창구 소답동,149-2,0149,0002,덕산빌라,75.7300,38.0000,202306,24,"9,900",4,-,-,2002,의안로44번길 49-6,-,중개거래,경남 창원성산구 경남 창원의창구,-,다세대
68,경상남도 창원시 의창구 팔용동,163-2,0163,0002,대원하이빌C동,84.9800,60.1800,202306,22,"18,800",2,-,-,2011,사화로1번길 14,-,중개거래,경남 창원의창구,-,다세대
69,경상남도 창원시 의창구 북동,56,0056,0000,썬빌Ⅱ,76.8600,56.7400,202306,19,"19,000",1,-,-,2012,의안로43번길 11,-,중개거래,경남 창원의창구,-,다세대
70,경상남도 창원시 의창구 북면 신촌리,378,0378,0000,행복가득한집,47.7350,37.4674,202306,15,"3,950",3,-,-,2002,천주로 1225,-,중개거래,경남 창원의창구,-,연립
71,경상남도 창원시 의창구 소답동,159-12,0159,0012,구성빌라1동,65.9400,36.3220,202306,14,"8,800",4,-,-,1994,의창대로317번길 5,-,중개거래,경남 창원의창구,-,연립
72,경상남도 창원시 의창구 서상동,517-10,0517,0010,은하,46.8100,40.4100,202306,08,"7,100",2,-,-,1984,읍성로 6,-,직거래,-,-,연립
73,경상남도 창원시 의창구 도계동,394-16,0394,0016,송백들장미빌라,46.4400,15.1920,202306,08,"5,000",1,-,-,2002,도계두리길 176-1,-,직거래,-,-,다세대
74,경상남도 창원시 의창구 소답동,150-22,0150,0022,남양빌라1차,49.6500,50.5000,202306,08,"7,000",2,-,-,1994,읍성로101번길 16,-,중개거래,경남 창원의창구,-,다세대
75,경상남도 창원시 의창구 동읍 용정리,150-6,0150,0006,헬리체자여,72.4093,56.9499,202306,06,"12,900",3,-,-,2018,자여로112번길 21,-,중개거래,경남 창원의창구,-,연립
76,경상남도 창원시 의창구 소답동,138-22,0138,0022,성은빌라2차,50.9200,29.0510,202306,05,"8,500",1,-,-,1997,의안로8번길 37,-,중개거래,경남 창원시 의창구,-,다세대
77,경상남도 창원시 의창구 북면 신촌리,1533-9,1533,0009,거풍센터빌1단지,84.5640,91.0813,202306,04,"12,800",4,-,-,2014,신촌본포로 5-10,-,중개거래,경남 창원의창구,-,연립
78,경상남도 창원시 의창구 소답동,159-6,0159,0006,남양빌라6차,73.8900,39.3200,202306,03,"12,400",2,-,-,1995,의창대로299번길 6-18,-,중개거래,경남 창원의창구,-,다세대
79,경상남도 창원시 의창구 소답동,137-8,0137,0008,세원빌라,70.7400,37.8260,202305,31,"9,000",2,-,-,1995,의안로18번길 30,-,중개거래,경남 창원성산구,-,다세대
80,경상남도 창원시 의창구 서상동,453-2,0453,0002,정동아트빌라1차,83.0300,42.4779,202305,26,"15,500",3,-,-,1998,의창대로211번길 29,-,중개거래,경남 창원의창구,-,연립
81,경상남도 창원시 의창구 소계동,721-21,0721,0021,한보,47.0700,45.2900,202305,25,"6,800",1,-,-,1983,소계로 117,-,중개거래,경남 창원의창구,-,연립
82,경상남도 창원시 의창구 서상동,532,0532,0000,강남풀하우스,70.5630,38.0150,202305,22,"12,000",2,-,-,2005,서상로 57-21,-,중개거래,경남 창원의창구,-,다세대
83,경상남도 창원시 의창구 동읍 용정리,24-7,0024,0007,혜성아트빌라C동,75.9400,56.0000,202305,22,"9,000",2,-,-,2002,자여로93번길 10-8,-,중개거래,경남 창원의창구,-,다세대
84,경상남도 창원시 의창구 소답동,129-11,0129,0011,태봉빌라3차,62.9100,35.4238,202305,19,"12,000",1,-,-,1994,의안로62번길 34,-,중개거래,경남 창원의창구,-,연립
85,경상남도 창원시 의창구 서상동,400-4,0400,0004,영진블루빌,72.2300,65.3750,202305,12,"20,000",4,-,-,2011,천주로18번길 12,-,중개거래,경남 창원의창구,-,다세대
86,경상남도 창원시 의창구 북면 신촌리,1386-10,1386,0010,거풍힐링빌,75.9150,87.0000,202305,10,"13,000",1,-,-,2014,천주로 1202-7,-,중개거래,경남 창원의창구,-,연립다세대
87,경상남도 창원시 의창구 북면 신촌리,1386-10,1386,0010,거풍힐링빌,75.9150,87.0000,202305,10,"13,000",1,-,-,2014,천주로 1202-7,20230608,중개거래,경남 창원의창구,-,연립다세대
88,경상남도 창원시 의창구 동읍 용정리,23-5,0023,0005,자여새보금,84.5950,69.4160,202305,09,"12,400",5,-,-,2013,용정길32번길 21,-,중개거래,경남 창원의창구,-,연립
89,경상남도 창원시 의창구 소답동,134-18,0134,0018,이조빌라2차,75.6600,39.0076,202305,06,"12,000",3,-,-,2000,의안로28번길 33,-,중개거래,경남 창원의창구,-,다세대
90,경상남도 창원시 의창구 도계동,327-11,0327,0011,일호하이파이데파트,78.0000,30.1065,202305,05,"13,000",5,-,-,1991,도계로 41,-,중개거래,경남 창원의창구,-,연립다세대
91,경상남도 창원시 의창구 북면 신촌리,378,0378,0000,행복가득한집,47.7350,37.4674,202305,04,"3,950",3,-,-,2002,천주로 1225,20230614,중개거래,경남 창원의창구,-,연립
92,경상남도 창원시 의창구 도계동,306-17,0306,0017,송백빌라,51.4500,32.6418,202305,04,"9,300",2,-,-,1996,도계로17번길 10-16,-,중개거래,경남 창원의창구,-,다세대
93,경상남도 창원시 의창구 소답동,119-3,0119,0003,청림둥지나동,50.2750,25.8465,202305,03,"8,200",3,-,-,2002,의안로32번길 18-1,-,직거래,-,-,다세대
94,경상남도 창원시 의창구 소답동,451-2,0451,0002,써니원빌,69.2900,60.8700,202304,20,"22,500",2,-,-,2017,천주로36번길 45,-,중개거래,경남 창원의창구,-,연립
95,경상남도 창원시 의창구 팔용동,163-21,0163,0021,이조빌라2동,76.0500,54.5200,202304,17,"17,000",3,-,-,2012,사화로1번길 16,-,중개거래,경남 창원의창구,-,다세대
96,경상남도 창원시 의창구 소답동,108-4,0108,0004,덕산세영빌라,84.8100,54.4197,202304,14,"21,500",3,-,-,2010,의안로32번길 4,-,중개거래,경남 창원의창구,-,다세대
97,경상남도 창원시 의창구 팔용동,163-2,0163,0002,대원하이빌C동,84.9800,60.1900,202304,14,"18,300",2,-,-,2011,사화로1번길 14,-,중개거래,경남 창원의창구,-,다세대
98,경상남도 창원시 의창구 북면 신촌리,887-3,0887,0003,올라뷰,76.7000,61.5100,202304,11,"7,730",5,-,-,2015,신리길 25,-,직거래,-,-,연립다세대
99,경상남도 창원시 의창구 팔용동,163-19,0163,0019,대원하이빌A동,84.9800,60.2000,202304,11,"19,200",2,-,-,2011,사화로1번길 10,-,중개거래,경남 창원의창구,-,다세대
100,경상남도 창원시 의창구 도계동,312-18,0312,0018,아담한집(원창),68.6300,46.9975,202304,11,"11,100",2,-,-,1996,하남천서길9번길 20-8,-,중개거래,경남 창원의창구,-,다세대
101,경상남도 창원시 의창구 소답동,131-11,0131,0011,도원빌라,75.5700,43.1209,202304,07,"12,300",2,-,-,1994,의안로44번길 29,-,중개거래,경남 창원마산회원구,-,연립다세대
102,경상남도 창원시 의창구 소답동,152-19,0152,0019,태백산빌라,65.9500,29.5338,202304,06,"7,300",5,-,-,1998,의창대로299번길 15,-,중개거래,경남 창원의창구,-,연립
103,경상남도 창원시 의창구 동읍 용잠리,402-5,0402,0005,동면중앙국민주택,45.8500,52.3000,202304,04,"2,000",3,-,-,1987,용잠로 10-1,-,중개거래,경남 창원의창구,-,다세대
104,경상남도 창원시 의창구 도계동,322-5,0322,0005,리코프라자,75.0900,27.8798,202304,03,"10,000",5,-,-,1990,하남천서길 23,-,중개거래,경남 창원의창구,-,연립다세대
105,경상남도 창원시 의창구 동읍 단계리,247-3,0247,0003,경준해피존,84.8184,61.8277,202304,02,"12,500",5,-,-,2012,자여로 121-12,-,중개거래,경남 창원의창구,-,연립
106,경상남도 창원시 의창구 도계동,322-5,0322,0005,리코프라자,81.2400,30.1633,202303,30,"13,000",2,-,-,1990,하남천서길 23,-,중개거래,경남 창원의창구,-,연립다세대
107,경상남도 창원시 의창구 동읍 용잠리,332-1,0332,0001,초원빌라,68.1000,68.2220,202303,28,"4,800",3,-,-,1991,의창대로 840-10,-,중개거래,경남 김해시 경남 창원의창구,-,연립
108,경상남도 창원시 의창구 도계동,334-1,0334,0001,서원빌라,82.4500,46.2000,202303,25,"23,000",3,-,-,2005,도계로8번길 12,-,중개거래,경남 창원의창구,-,연립
109,경상남도 창원시 의창구 소답동,141-4,0141,0004,성수빌라16차,74.4300,59.7300,202303,25,"11,000",4,-,-,1997,의안로28번길 40,-,중개거래,경남 창원의창구,-,다세대
110,경상남도 창원시 의창구 도계동,321-3,0321,0003,남성빌라,95.2800,55.0567,202303,23,"15,500",4,-,-,1992,하남천서길37번길 12,-,중개거래,경남 창원의창구,-,연립
111,경상남도 창원시 의창구 도계동,344-1,0344,0001,성산빌라7차,57.1900,26.1225,202303,21,"8,500",5,-,-,1994,도계로50번길 15,-,중개거래,경남 창원의창구,-,다세대
112,경상남도 창원시 의창구 도계동,306-8,0306,0008,청송빌라,66.3900,35.3500,202303,20,"11,000",1,-,-,1994,도계로17번길 8,-,중개거래,경남 창원의창구,-,다세대
113,경상남도 창원시 의창구 도계동,363-2,0363,0002,황제빌라B,82.6200,35.1040,202303,20,"17,000",6,-,-,1992,하남천동길 64,-,직거래,-,-,연립
114,경상남도 창원시 의창구 도계동,317-6,0317,0006,청송빌라3차,42.2300,23.0250,202303,20,"8,500",3,-,-,1994,도계두리길 108,-,직거래,-,-,연립다세대
115,경상남도 창원시 의창구 중동,447-1,0447,0001,남산빌라,69.0500,47.8316,202303,18,"9,900",5,-,-,1998,의안로 23,-,중개거래,경남 창원의창구,-,연립
116,경상남도 창원시 의창구 도계동,360-7,0360,0007,근사한집(원창),63.4100,34.8400,202303,17,"6,100",4,-,-,1996,하남천동길44번길 5-6,-,중개거래,경남 창원의창구,-,다세대
117,경상남도 창원시 의창구 소답동,134-7,0134,0007,이조빌라,45.8400,19.5000,202303,15,"5,700",4,-,-,1993,의안로28번길 29-6,-,중개거래,경남 창원의창구,-,다세대
118,경상남도 창원시 의창구 소답동,155-9,0155,0009,대양녹원빌라,56.5200,64.7800,202303,15,"4,500",2,-,-,1997,의창대로299번길 6-11,-,직거래,-,-,다세대
119,경상남도 창원시 의창구 소답동,134-7,0134,0007,이조빌라,45.8400,19.5000,202303,14,"5,700",4,-,-,1993,의안로28번길 29-6,20230317,중개거래,경남 창원의창구,-,다세대
120,경상남도 창원시 의창구 대산면 가술리,387-26,0387,0026,한솔푸르네오,57.3700,52.3018,202303,11,"8,700",3,-,-,2014,가술길1번길 19,-,중개거래,경남 김해시,-,연립
121,경상남도 창원시 의창구 소답동,130-1,0130,0001,북창상가,72.8400,27.0900,202303,11,"9,300",5,-,-,2000,의안로56번길 26,-,중개거래,경남 창원의창구,-,연립다세대
122,경상남도 창원시 의창구 도계동,314-23,0314,0023,리코시티,54.1900,29.0220,202303,10,"11,860",4,-,-,1996,하남천서길51번길 27,-,중개거래,경남 창원의창구,-,연립
123,경상남도 창원시 의창구 서상동,532,0532,0000,강남풀하우스,70.5630,38.0150,202303,09,"10,500",3,-,-,2005,서상로 57-21,-,중개거래,경남 창원의창구,-,다세대
124,경상남도 창원시 의창구 소답동,152-18,0152,0018,신흥빌라,71.4550,32.1000,202303,08,"8,700",4,-,-,1994,의창대로299번길 19,-,중개거래,경남 창원의창구,-,다세대
125,경상남도 창원시 의창구 동읍 용정리,159-2,0159,0002,동읍자미르하우스,59.8700,86.9300,202303,04,"11,000",3,-,-,2012,자여로115번길 5,-,중개거래,경남 창원의창구,-,연립
126,경상남도 창원시 의창구 도계동,303-1,0303,0001,금강난초빌라,39.6000,22.0650,202303,03,"8,300",3,-,-,1997,도계두리길 16-8,-,중개거래,경남 창원의창구,-,연립
127,경상남도 창원시 의창구 도계동,420-7,0420,0007,동인빌라,67.9300,32.0284,202303,01,"10,200",5,-,-,1997,원이대로93번길 22,-,중개거래,경남 창원의창구,-,연립
128,경상남도 창원시 의창구 도계동,405-12,0405,0012,영진황토빌라,67.9300,38.5800,202303,01,"15,000",3,-,-,2006,태복산로7번길 33-1,-,중개거래,경남 창원의창구,-,다세대
129,경상남도 창원시 의창구 도계동,321-11,0321,0011,동하초원빌라,61.2900,40.5000,202303,01,"10,300",4,-,-,1997,하남천서길21번길 8-21,-,중개거래,경남 창원의창구,-,다세대
130,경상남도 창원시 의창구 소답동,155-4,0155,0004,금강빌라바동,53.3000,29.0460,202302,25,"7,500",2,-,-,1994,의창대로317번길 11,-,중개거래,경남 창원의창구,-,연립
131,경상남도 창원시 의창구 소답동,112-10,0112,0010,궁전빌라,103.2300,110.9600,202302,25,"12,000",2,-,-,1997,의안로12번길 10,-,중개거래,경남 창원의창구,-,다세대
132,경상남도 창원시 의창구 소답동,151-14,0151,0014,황제빌라,69.9300,47.0375,202302,25,"10,300",3,-,-,1994,의창대로317번길 27,-,중개거래,경남 창원의창구,-,다세대
133,경상남도 창원시 의창구 동읍 용정리,19-2,0019,0002,자여서원래온빌,71.3450,54.0000,202302,25,"11,000",4,-,-,2012,용정길46번길 11,-,중개거래,경남 창원의창구,-,연립
134,경상남도 창원시 의창구 도계동,332-2,0332,0002,서원래온빌2차,79.1891,44.8117,202302,24,"20,300",1,-,-,2008,도계로8번길 6,-,중개거래,경남 창원의창구,-,다세대
135,경상남도 창원시 의창구 소계동,720-3,0720,0003,뜨라페,63.9900,48.2274,202302,15,"18,000",1,-,-,2016,소계로 131-9,-,직거래,-,-,연립다세대
136,경상남도 창원시 의창구 소답동,155-12,0155,0012,대림홍실빌라,56.0800,27.6475,202302,14,"7,800",4,-,-,1995,읍성로117번길 22,-,중개거래,경남 창원의창구,-,다세대
137,경상남도 창원시 의창구 도계동,357-5,0357,0005,청학상가빌라,71.0550,25.4050,202302,12,"15,000",7,-,-,1995,도계로 67,-,중개거래,경남 창원의창구,-,연립다세대
138,경상남도 창원시 의창구 소답동,150-22,0150,0022,남양빌라1차,49.6500,50.5000,202302,12,"6,100",5,-,-,1994,읍성로101번길 16,-,중개거래,경남 창원성산구,-,다세대
139,경상남도 창원시 의창구 도계동,327-1,0327,0001,환웅수빌리지,67.3400,44.1169,202302,11,"14,500",4,-,-,2015,도계로 35-8,-,중개거래,경남 창원의창구,-,다세대
140,경상남도 창원시 의창구 도계동,403-8,0403,0008,진한빌라2차,64.5900,34.4030,202302,10,"9,800",5,-,-,1991,원이대로69번길 6-10,-,중개거래,경남 창원의창구,-,연립다세대
141,경상남도 창원시 의창구 도계동,321-3,0321,0003,남성빌라,95.2800,55.0567,202302,07,"15,500",4,-,-,1992,하남천서길37번길 12,20230323,중개거래,경남 창원의창구,-,연립
142,경상남도 창원시 의창구 팔용동,163-19,0163,0019,대원하이빌A동,84.9800,60.2000,202302,06,"19,200",2,-,-,2011,사화로1번길 10,20230411,중개거래,경남 창원의창구,-,다세대
143,경상남도 창원시 의창구 소답동,159-5,0159,0005,대한빌라,63.4100,39.8060,202302,06,"10,500",4,-,-,1993,의창대로299번길 6-14,-,중개거래,경남 창원의창구,-,다세대
144,경상남도 창원시 의창구 도계동,357-4,0357,0004,중앙상가빌라,56.9400,23.0300,202302,01,"13,400",5,-,-,1995,도계로 63,-,중개거래,경남 창원의창구,-,연립
145,경상남도 창원시 의창구 소답동,130-19,0130,0019,성은빌라,44.9100,21.4995,202301,31,"7,500",5,-,-,1995,의안로56번길 36,-,직거래,-,-,다세대
146,경상남도 창원시 의창구 도계동,304-17,0304,0017,밀로캐슬파크(304-17),78.4400,45.0000,202301,31,"17,000",1,-,-,2004,도계두리길6번길 10,-,직거래,-,-,다세대
147,경상남도 창원시 의창구 소답동,137-3,0137,0003,보람빌라,47.5500,27.1574,202301,18,"8,000",5,-,-,1995,의안로18번길 34,-,직거래,-,-,다세대
148,경상남도 창원시 의창구 서상동,313-8,0313,0008,삼창주택B동,57.3200,52.1834,202301,13,"8,500",2,-,-,1983,의창대로211번길 5,-,중개거래,경남 창원의창구,-,연립
149,경상남도 창원시 의창구 북면 신촌리,1533-14,1533,0014,거풍센터빌2단지,82.2240,90.1433,202301,11,"14,000",2,-,-,2014,신촌본포로 5-14,-,중개거래,경남 창원의창구,-,연립
150,경상남도 창원시 의창구 도계동,312-21,0312,0021,우성빌라,66.2800,31.7700,202301,11,"10,000",3,-,-,1992,하남천서길9번길 20-10,-,중개거래,경남 창원의창구,-,연립
151,경상남도 창원시 의창구 도계동,344-2,0344,0002,형제시티빌라(344-2),65.1900,36.3800,202301,09,"10,000",2,-,-,1998,도계로50번길 15-8,-,중개거래,경남 창원의창구,-,다세대
152,경상남도 창원시 의창구 서상동,10-3,0010,0003,동원빌라,61.3700,49.8330,202301,07,"11,500",1,-,-,1997,의창대로211번길 6-4,-,직거래,-,-,연립
153,경상남도 창원시 의창구 소답동,123-4,0123,0004,성수빌라17차,76.2600,47.8428,202301,06,"8,000",3,-,-,1997,의안로56번길 16-1,-,중개거래,경남 창원의창구,-,다세대
