시군구,번지,주택유형,도로조건,연면적(㎡),대지면적(㎡),계약년월,계약일,거래금액(만원),건축년도,도로명
경상남도 창원마산회원구 구암동,1***,다가구,25m미만,101.92,90.1,201503,6,"        14,800",1985,구암서1길
경상남도 창원마산회원구 구암동,8*,다가구,25m미만,83.37,96.3,201501,13,"        17,500",1979,팔용로
경상남도 창원마산회원구 구암동,2**,다가구,12m미만,105.18,99.4,201503,3,"        13,800",1983,구암북11길
경상남도 창원마산회원구 구암동,1***,다가구,8m미만,106.21,100,201502,18,"        13,500",1982,구암동정길
경상남도 창원마산회원구 구암동,2*,다가구,12m미만,119.13,107.8,201504,20,"        17,000",1983,구암남5길
경상남도 창원마산회원구 구암동,1***,다가구,8m미만,119.51,118.3,201503,25,"        12,800",1983,구암동정길
경상남도 창원마산회원구 구암동,8*,다가구,25m미만,118.84,119.7,201503,5,"        19,500",1983,팔용로
경상남도 창원마산회원구 구암동,9*,다가구,8m미만,117.92,122.5,201502,12,"        24,000",1979,구암남15길
경상남도 창원마산회원구 구암동,*,다가구,8m미만,131.98,125.5,201506,26,"        19,500",1981,금강로
경상남도 창원마산회원구 구암동,4**,다가구,8m미만,184.19,132.3,201501,26,"        21,000",1997,구암북8길
경상남도 창원마산회원구 구암동,1*,다가구,8m미만,124.68,136.9,201506,12,"        19,450",1977,구암서1길
경상남도 창원마산회원구 구암동,1***,다가구,8m미만,170.1,157,201506,16,"        21,825",1992,구암동4길
경상남도 창원마산회원구 구암동,8*,다가구,12m미만,184.65,181.8,201502,26,"        49,000",1985,구암남10길
경상남도 창원마산회원구 구암동,8*,다가구,12m미만,130.71,200.4,201504,11,"        25,300",1979,구암남13길
경상남도 창원마산회원구 구암동,1***,다가구,8m미만,392.92,207.8,201501,29,"        75,000",2011,구암동1길
경상남도 창원마산회원구 구암동,1*,다가구,8m미만,170.65,208.5,201504,10,"        26,000",1973,구암서1길
경상남도 창원마산회원구 구암동,2**,단독,12m미만,97.36,93.2,201504,22,"        13,900",1987,구암북4길
경상남도 창원마산회원구 구암동,2**,단독,12m미만,103.55,94.4,201501,19,"        15,250",1983,구암북1길
경상남도 창원마산회원구 구암동,2**,단독,12m미만,109.9,96.3,201505,15,"        16,700",1983,구암북19길
경상남도 창원마산회원구 구암동,*,단독,12m미만,98.87,96.5,201503,12,"        17,000",1980,구암서3길
경상남도 창원마산회원구 구암동,1***,단독,12m미만,102.67,99,201501,29,"        11,400",1976,구암동1길
경상남도 창원마산회원구 구암동,2**,단독,12m미만,59.47,100.4,201502,3,"        14,750",1982,구암북10길
경상남도 창원마산회원구 구암동,1***,단독,12m미만,110.07,102.6,201504,18,"        18,500",1983,구암북19길
경상남도 창원마산회원구 구암동,1*,단독,25m미만,59.44,107.3,201505,8,"        16,800",1978,구암서1길
경상남도 창원마산회원구 구암동,2*,단독,12m미만,64.2,107.6,201503,16,"        14,000",1983,구암서5길
경상남도 창원마산회원구 구암동,1***,단독,12m미만,225.95,116.1,201503,24,"        15,000",1991,구암북18길
경상남도 창원마산회원구 구암동,2**,단독,12m미만,116.17,118.3,201506,3,"        17,050",1982,3·15성역로
경상남도 창원마산회원구 구암동,2*,단독,8m미만,69.46,118.5,201503,27,"        19,000",1977,구암남2길
경상남도 창원마산회원구 구암동,2**,단독,8m미만,119.88,119,201505,7,"         7,000",1983,금강로
경상남도 창원마산회원구 구암동,1***,단독,8m미만,79.43,119.6,201505,9,"        17,900",1984,금강로
경상남도 창원마산회원구 구암동,*,단독,12m미만,120.03,120.1,201506,11,"        17,800",1982,구암서3길
경상남도 창원마산회원구 구암동,1***,단독,25m미만,133.51,121.5,201506,10,"        29,700",1988,금강로
경상남도 창원마산회원구 구암동,2**,단독,8m미만,126.5,122.4,201505,4,"        18,700",983,구암북19길
경상남도 창원마산회원구 구암동,1*,단독,12m미만,127.46,123.2,201501,30,"         9,700",1982,구암서3길
경상남도 창원마산회원구 구암동,8*,단독,8m미만,68.07,123.7,201506,23,"        13,105",1979,팔용로
경상남도 창원마산회원구 구암동,1*,단독,8m미만,110.75,124.1,201503,20,"        15,800",1978,구암서2길
경상남도 창원마산회원구 구암동,9*,단독,8m미만,77.29,124.8,201505,4,"        22,500",1979,구암남18길
경상남도 창원마산회원구 구암동,2**,단독,8m미만,121.15,125.7,201504,6,"        21,700",1997,구암북16길
경상남도 창원마산회원구 구암동,1**,단독,8m미만,129.72,127,201503,20,"        23,500",1983,구암서9길
경상남도 창원마산회원구 구암동,2**,단독,12m미만,141.38,127.6,201505,21,"        21,700",1998,구암북15길
경상남도 창원마산회원구 구암동,2**,단독,8m미만,114.02,128.4,201503,11,"        15,400",1980,구암북15길
경상남도 창원마산회원구 구암동,1***,단독,8m미만,51.07,129,201506,2,"         8,500",1970,구암동5길
경상남도 창원마산회원구 구암동,1***,단독,8m미만,64.94,129,201504,29,"        11,500",1976,구암동5길
경상남도 창원마산회원구 구암동,1***,단독,12m미만,124.56,131,201504,10,"        19,000",1986,구암남12길
경상남도 창원마산회원구 구암동,9*,단독,12m미만,140.7,131,201506,12,"        18,100",1976,구암남13길
경상남도 창원마산회원구 구암동,2*,단독,12m미만,130.05,131.1,201503,26,"        21,000",1979,구암남2길
경상남도 창원마산회원구 구암동,2**,단독,12m미만,76.63,132.2,201505,30,"        18,000",1981,구암북10길
경상남도 창원마산회원구 구암동,1***,단독,8m미만,78.49,133.1,201501,10,"        18,000",1983,구암북11길
경상남도 창원마산회원구 구암동,2*,단독,8m미만,120.33,133.5,201503,12,"        18,300",1978,구암서2길
경상남도 창원마산회원구 구암동,2**,단독,8m미만,137.72,133.5,201505,1,"        14,700",1984,구암북19길
경상남도 창원마산회원구 구암동,1*,단독,8m미만,138.65,133.6,201502,23,"        20,000",1982,구암서3길
경상남도 창원마산회원구 구암동,2**,단독,12m미만,81.76,138,201506,17,"        20,750",1983,구암북14길
경상남도 창원마산회원구 구암동,1***,단독,8m미만,47.8,139,201503,24,"        11,000",1976,구암동5길
경상남도 창원마산회원구 구암동,1***,단독,12m미만,140.63,139.3,201505,1,"        24,800",1987,구암북1길
경상남도 창원마산회원구 구암동,1*,단독,12m미만,131.47,140.3,201503,14,"        25,200",1979,구암서3길
경상남도 창원마산회원구 구암동,2**,단독,12m미만,334.6,141.2,201501,19,"        32,500",1991,구암북14길
경상남도 창원마산회원구 구암동,1***,단독,8m미만,129.73,143.1,201506,29,"        15,250",1979,구암동1길
경상남도 창원마산회원구 구암동,2**,단독,8m미만,147.94,143.5,201506,27,"        20,700",1983,구암북4길
경상남도 창원마산회원구 구암동,1***,단독,8m미만,131.8,144,201502,16,"        17,500",1979,구암동5길
경상남도 창원마산회원구 구암동,2**,단독,12m미만,156.71,144.5,201506,1,"        21,000",1982,구암북7길
경상남도 창원마산회원구 구암동,2**,단독,12m미만,84.87,147.1,201505,2,"        20,500",1984,구암북1길
경상남도 창원마산회원구 구암동,1***,단독,8m미만,82.87,148,201502,23,"        15,200",1989,구암남23길
경상남도 창원마산회원구 구암동,1***,단독,12m미만,164.78,150.8,201505,4,"        14,000",1990,구암북20길
경상남도 창원마산회원구 구암동,9*,단독,12m미만,151.81,153.5,201506,10,"        25,300",1978,구암남13길
경상남도 창원마산회원구 구암동,2**,단독,12m미만,185.07,154.8,201501,19,"        26,800",1991,구암북15길
경상남도 창원마산회원구 구암동,9*,단독,12m미만,178.7,159.1,201505,18,"        29,500",1981,구암남17길
경상남도 창원마산회원구 구암동,*,단독,12m미만,127.4,160.9,201504,30,"        12,700",1978,구암서8길
경상남도 창원마산회원구 구암동,9*,단독,12m미만,173.74,160.9,201505,1,"        20,000",1979,구암남17길
경상남도 창원마산회원구 구암동,2*,단독,12m미만,93.12,165,201505,11,"        26,700",1977,구암서5길
경상남도 창원마산회원구 구암동,*,단독,12m미만,169.27,165.1,201503,9,"        23,400",1979,구암서3길
경상남도 창원마산회원구 구암동,1*,단독,12m미만,358.99,165.2,201506,27,"        44,000",1983,구암서6길
경상남도 창원마산회원구 구암동,1***,단독,25m미만,132.96,165.9,201504,28,"        10,000",1978,구암서1길
경상남도 창원마산회원구 구암동,1*,단독,8m미만,164.13,166.4,201504,6,"        18,000",1981,구암서3길
경상남도 창원마산회원구 구암동,1***,단독,12m미만,174.02,171.5,201503,25,"        26,500",1986,구암북19길
경상남도 창원마산회원구 구암동,1***,단독,8m미만,163.77,173.1,201505,20,"        22,450",1989,구암북20길
경상남도 창원마산회원구 구암동,2**,단독,8m미만,171.89,173.1,201504,21,"        25,000",1992,구암북2길
경상남도 창원마산회원구 구암동,2**,단독,12m미만,169.95,173.7,201504,3,"        26,900",1989,구암북3길
경상남도 창원마산회원구 구암동,1***,단독,8m미만,58.44,176.4,201501,29,"        18,500",1976,구암동1길
경상남도 창원마산회원구 구암동,1***,단독,8m미만,152.72,186.6,201502,9,"        30,000",1986,소계천서길
경상남도 창원마산회원구 구암동,2**,단독,8m미만,58.56,188.7,201505,5,"        12,000",1983,구암북14길
경상남도 창원마산회원구 구암동,2**,단독,12m미만,112.84,210.8,201503,20,"        28,700",1999,구암북1길
경상남도 창원마산회원구 구암동,1***,단독,12m미만,325.9,210.9,201504,30,"        67,000",2008,소계천서길
경상남도 창원마산회원구 구암동,*,단독,12m미만,222.9,226.8,201504,22,"        37,000",1993,구암서2길
경상남도 창원마산회원구 구암동,2**,단독,12m미만,492.18,234.1,201505,22,"        65,000",1991,구암북2길
경상남도 창원마산회원구 구암동,1***,단독,8m미만,180.72,238,201503,31,"        23,500",1977,구암동정길
경상남도 창원마산회원구 구암동,1***,단독,8m미만,340.28,595,201503,2,"        57,584",1985,
경상남도 창원마산회원구 내서읍 감천리,1***,단독,8m미만,104.13,149,201506,4,"         4,000",1970,감천2길
경상남도 창원마산회원구 내서읍 삼계리,6**,다가구,12m미만,328.86,162,201501,26,"        63,800",2011,삼계9길
경상남도 창원마산회원구 내서읍 삼계리,6**,다가구,8m미만,386.45,210,201503,28,"        70,242",,삼계9길
경상남도 창원마산회원구 내서읍 삼계리,*,다가구,25m이상,344.52,224.8,201503,20,"        68,000",2005,경남대로
경상남도 창원마산회원구 내서읍 삼계리,3*,다가구,12m미만,351.53,234.7,201505,4,"        58,700",2002,삼계로
경상남도 창원마산회원구 내서읍 삼계리,5**,다가구,25m미만,278.4,234.8,201504,16,"        53,000",2007,삼계로
경상남도 창원마산회원구 내서읍 삼계리,6**,다가구,8m미만,566.63,354,201503,23,"        81,000",2010,삼계9길
경상남도 창원마산회원구 내서읍 삼계리,6**,단독,8m미만,72.66,133,201506,8,"        12,500",1991,삼계본동1길
경상남도 창원마산회원구 내서읍 삼계리,5**,단독,12m미만,140.79,253.4,201506,25,"        40,000",2010,삼계숲길
경상남도 창원마산회원구 내서읍 상곡리,1**,다가구,8m미만,327.15,316,201504,7,"        45,538",,상곡로
경상남도 창원마산회원구 내서읍 신감리,5**,단독,12m미만,197.39,451,201501,30,"        25,000",1999,광려로
경상남도 창원마산회원구 내서읍 안성리,5**,단독,8m미만,54.3,139,201505,6,"         7,100",1970,안성로
경상남도 창원마산회원구 내서읍 용담리,3**,단독,8m미만,62.7,305,201503,27,"        15,500",1980,용담로
경상남도 창원마산회원구 내서읍 용담리,2**,단독,8m미만,68.61,512,201506,9,"        13,800",1986,함마대로
경상남도 창원마산회원구 내서읍 원계리,5**,단독,8m미만,87.8,426,201501,13,"        25,773",1989,
경상남도 창원마산회원구 내서읍 원계리,5**,단독,8m미만,87.6,749,201506,4,"        23,000",2001,원계증산길
경상남도 창원마산회원구 내서읍 중리,8**,다가구,8m미만,137.73,174,201504,13,"        20,400",1985,죽암동길
경상남도 창원마산회원구 내서읍 중리,1***,다가구,12m미만,324.63,210.1,201505,28,"        56,400",2007,중리1길
경상남도 창원마산회원구 내서읍 중리,1***,다가구,12m미만,217.1,210.5,201504,21,"        37,000",2001,중리1길
경상남도 창원마산회원구 내서읍 중리,3**,단독,8m미만,32.01,67,201503,12,"         7,500",1970,옥정1길
경상남도 창원마산회원구 내서읍 중리,9**,단독,8m미만,49.34,72,201506,10,"         4,200",1990,중리본동길
경상남도 창원마산회원구 내서읍 중리,8**,단독,8m미만,120.66,114,201506,22,"        12,725",1991,죽암동길
경상남도 창원마산회원구 내서읍 중리,9**,단독,8m미만,120.61,147,201502,24,"        10,300",1985,죽암서길
경상남도 창원마산회원구 내서읍 중리,3**,단독,8m미만,69.45,154,201505,6,"        12,250",1981,옥정2길
경상남도 창원마산회원구 내서읍 중리,9**,단독,8m미만,291.33,173,201501,2,"        29,000",1985,죽암서길
경상남도 창원마산회원구 내서읍 중리,1***,단독,25m이상,213.31,181.6,201503,30,"        48,500",1998,광려천서로
경상남도 창원마산회원구 내서읍 중리,1***,단독,12m미만,217.1,210.5,201506,1,"        37,000",2001,중리1길
경상남도 창원마산회원구 내서읍 중리,1***,단독,12m미만,420.27,262.7,201506,13,"        50,500",2002,중리1길
경상남도 창원마산회원구 내서읍 중리,1***,단독,-,35.3,277,201502,4,"         2,000",1980,
경상남도 창원마산회원구 내서읍 중리,1***,단독,8m미만,109.5,277,201502,4,"        18,000",,상동길
경상남도 창원마산회원구 내서읍 중리,8**,단독,8m미만,421.26,429,201502,6,"        58,000",2000,죽암서길
경상남도 창원마산회원구 내서읍 중리,1***,단독,12m미만,890.64,1329.5,201501,26,"       211,700",2000,중리공단로2길
경상남도 창원마산회원구 내서읍 평성리,2**,단독,8m미만,98.1,221,201504,27,"        15,200",2009,평성1길
경상남도 창원마산회원구 내서읍 호계리,2**,다가구,8m미만,279.27,153,201503,12,"        50,200",2011,호원로
경상남도 창원마산회원구 내서읍 호계리,2**,다가구,8m미만,173.43,168,201506,27,"        18,200",1992,구미길
경상남도 창원마산회원구 내서읍 호계리,5**,단독,8m미만,90.6,138,201502,2,"        14,000",2003,호계본동4길
경상남도 창원마산회원구 내서읍 호계리,5**,단독,8m미만,90.6,138,201503,19,"        14,500",2003,호계본동4길
경상남도 창원마산회원구 내서읍 호계리,7**,단독,-,54.83,143,201503,11,"        21,000",1980,호계본동로
경상남도 창원마산회원구 두척동,1***,단독,8m미만,117.45,330,201503,27,"        27,000",1994,두척1길
경상남도 창원마산회원구 두척동,8**,단독,8m미만,212.88,440,201505,11,"        28,000",2008,함마대로
경상남도 창원마산회원구 두척동,5**,단독,25m이상,395.98,1014,201505,27,"       156,750",1995,북성로
경상남도 창원마산회원구 봉암동,4**,다가구,12m미만,120.57,113.6,201504,21,"        15,000",1983,봉덕2길
경상남도 창원마산회원구 봉암동,4**,다가구,12m미만,100.24,114.79,201506,8,"        18,500",2011,봉덕2길
경상남도 창원마산회원구 봉암동,4**,단독,8m미만,107,112,201504,1,"        12,000",1979,봉암북2길
경상남도 창원마산회원구 봉암동,4**,단독,8m미만,111.38,117.6,201505,27,"        11,000",1984,봉암북2길
경상남도 창원마산회원구 봉암동,4**,단독,25m미만,127.63,118.7,201504,17,"        23,000",1981,봉덕2길
경상남도 창원마산회원구 봉암동,4**,단독,8m미만,133.25,121.1,201505,27,"        13,200",1986,봉암북6길
경상남도 창원마산회원구 봉암동,4**,단독,8m미만,117.83,141.4,201503,18,"        17,200",1983,봉양로
경상남도 창원마산회원구 봉암동,4**,단독,12m미만,147.02,147.9,201504,14,"        24,000",1986,봉암북10길
경상남도 창원마산회원구 봉암동,4**,단독,8m미만,155.68,149.5,201504,14,"        17,500",1984,봉암북11길
경상남도 창원마산회원구 봉암동,4**,단독,8m미만,172.65,175,201502,27,"        23,000",1981,봉암북1길
경상남도 창원마산회원구 봉암동,4**,단독,12m미만,200.63,175,201503,24,"        29,500",1988,봉암북10길
경상남도 창원마산회원구 석전동,1*,다가구,12m미만,68.37,64,201501,29,"        12,350",1995,석전남4길
경상남도 창원마산회원구 석전동,1**,다가구,8m미만,117.7,110,201505,20,"        17,600",1985,석전남8길
경상남도 창원마산회원구 석전동,2**,다가구,8m미만,71.68,130.3,201502,3,"        19,200",1997,석전서6길
경상남도 창원마산회원구 석전동,1**,단독,8m미만,23.07,26.35,201502,4,"         2,500",1974,석전남15길
경상남도 창원마산회원구 석전동,1**,단독,12m미만,37.62,36,201505,10,"        13,000",1999,석전남14길
경상남도 창원마산회원구 석전동,2*,단독,12m미만,35.38,43,201501,24,"         9,900",1984,석전남8길
경상남도 창원마산회원구 석전동,1**,단독,8m미만,32.23,53,201502,17,"        10,500",1976,석전남12길
경상남도 창원마산회원구 석전동,1*,단독,12m미만,67.95,57,201506,1,"        11,582",1977,석전남4길
경상남도 창원마산회원구 석전동,1*,단독,12m미만,67.95,57,201503,26,"        11,582",1977,석전남4길
경상남도 창원마산회원구 석전동,1**,단독,8m미만,27.67,60,201502,27,"         8,400",1974,석전남15길
경상남도 창원마산회원구 석전동,2**,단독,12m미만,102.22,68.42,201503,20,"        12,700",1977,석전남8길
경상남도 창원마산회원구 석전동,1**,단독,8m미만,42.22,79,201503,16,"        13,527",1975,석전남15길
경상남도 창원마산회원구 석전동,1*,단독,-,41.76,83,201502,2,"        12,400",1977,석전남7길
경상남도 창원마산회원구 석전동,1**,단독,25m이상,46.88,85,201502,25,"        20,000",1971,석전남2길
경상남도 창원마산회원구 석전동,2**,단독,8m미만,48.14,90,201503,23,"         6,000",1983,석전북19길
경상남도 창원마산회원구 석전동,2**,단독,12m미만,53.39,90.2,201504,18,"        13,000",1976,석전남9길
경상남도 창원마산회원구 석전동,1*,단독,-,38.61,93,201501,27,"        14,300",1974,석전남7길
경상남도 창원마산회원구 석전동,2**,단독,8m미만,96.53,93.6,201506,30,"        14,000",1978,석전동10길
경상남도 창원마산회원구 석전동,1**,단독,8m미만,88.11,94,201502,9,"        16,600",1994,석전남13길
경상남도 창원마산회원구 석전동,2**,단독,12m미만,105.73,96.9,201501,20,"        18,000",1975,석전남8길
경상남도 창원마산회원구 석전동,2**,단독,8m미만,101.97,97.1,201504,2,"        12,000",1993,석전서8길
경상남도 창원마산회원구 석전동,1**,단독,8m미만,81.72,99,201501,28,"        13,700",1979,석전남12길
경상남도 창원마산회원구 석전동,1*,단독,-,46.51,104,201504,17,"        12,900",1976,석전남7길
경상남도 창원마산회원구 석전동,1**,단독,8m미만,46.88,104,201502,14,"        15,900",1970,석전남2길
경상남도 창원마산회원구 석전동,1**,단독,12m미만,117.18,104,201502,7,"        22,400",1986,석전북2길
경상남도 창원마산회원구 석전동,2**,단독,12m미만,116.04,104.3,201502,12,"        16,500",1988,석전동4길
경상남도 창원마산회원구 석전동,2**,단독,8m미만,52.17,105,201503,17,"         9,100",1975,석전북21길
경상남도 창원마산회원구 석전동,1**,단독,8m미만,46.88,106,201502,12,"        14,690",1970,석전남2길
경상남도 창원마산회원구 석전동,2**,단독,8m미만,51.9,106.5,201503,12,"        12,070",1977,삼호로
경상남도 창원마산회원구 석전동,1**,단독,12m미만,107,107,201503,17,"        20,200",1995,석전남15길
경상남도 창원마산회원구 석전동,2**,단독,12m미만,65.32,107.5,201506,2,"        14,300",1970,석전서6길
경상남도 창원마산회원구 석전동,1**,단독,8m미만,107,109,201504,1,"        18,100",1993,석전남15길
경상남도 창원마산회원구 석전동,2**,단독,8m미만,91.87,109.9,201503,21,"        15,348",1977,석전동6길
경상남도 창원마산회원구 석전동,1**,단독,8m미만,46.88,111,201502,6,"        17,300",1970,석전남2길
경상남도 창원마산회원구 석전동,2**,단독,12m미만,194.73,114.5,201504,4,"        28,400",1993,석전서6길
경상남도 창원마산회원구 석전동,2**,단독,12m미만,120.72,115.7,201503,24,"        30,000",1977,석전남10길
경상남도 창원마산회원구 석전동,2**,단독,12m미만,131.67,116,201504,30,"        20,000",1983,석전동9길
경상남도 창원마산회원구 석전동,2**,단독,8m미만,87.63,116.6,201503,17,"        19,000",1983,삼호천길
경상남도 창원마산회원구 석전동,1**,단독,8m미만,186.97,119,201503,20,"        22,200",1990,석전남16길
경상남도 창원마산회원구 석전동,2**,단독,8m미만,67.97,119.5,201502,4,"        10,200",1977,석전동6길
경상남도 창원마산회원구 석전동,2**,단독,8m미만,60.16,120,201505,12,"        15,000",1976,석전동10길
경상남도 창원마산회원구 석전동,2**,단독,12m미만,127.54,120.1,201506,16,"        24,500",1976,석전남9길
경상남도 창원마산회원구 석전동,1*,단독,8m미만,151.85,122,201501,12,"        26,000",2000,석전남4길
경상남도 창원마산회원구 석전동,2**,단독,8m미만,111.8,122.7,201505,6,"         7,000",1977,석전동1길
경상남도 창원마산회원구 석전동,1**,단독,8m미만,39.67,123,201506,25,"        21,200",1970,북성로
경상남도 창원마산회원구 석전동,1**,단독,8m미만,115.37,124,201502,26,"        15,000",1979,석전북11길
경상남도 창원마산회원구 석전동,1*,단독,-,44.63,126,201502,4,"        16,000",1973,석전남7길
경상남도 창원마산회원구 석전동,2**,단독,8m미만,134.14,127.4,201503,17,"        19,000",1978,석전동11길
경상남도 창원마산회원구 석전동,1**,단독,8m미만,64.67,129,201504,17,"         9,700",1970,북성로
경상남도 창원마산회원구 석전동,1**,단독,8m미만,107.06,129,201504,5,"        14,200",1988,석전북7길
경상남도 창원마산회원구 석전동,2**,단독,8m미만,129.6,129.4,201503,26,"        16,700",1978,석전동9길
경상남도 창원마산회원구 석전동,2**,단독,8m미만,65.12,130.3,201503,5,"        11,100",1981,석전서8길
경상남도 창원마산회원구 석전동,2**,단독,8m미만,124.78,134.5,201506,22,"        13,000",1978,석전동11길
경상남도 창원마산회원구 석전동,1**,단독,12m미만,87.51,136,201503,11,"         6,000",1973,석전서5길
경상남도 창원마산회원구 석전동,2**,단독,8m미만,125.73,136.5,201503,5,"        16,800",1997,석전동11길
경상남도 창원마산회원구 석전동,2**,단독,12m미만,145.91,139.4,201504,22,"        24,200",1982,석전남4길
경상남도 창원마산회원구 석전동,2**,단독,8m미만,122.05,142.3,201505,12,"        23,500",1976,석전남10길
경상남도 창원마산회원구 석전동,1**,단독,12m미만,61.75,144,201502,2,"        17,100",1978,석전남4길
경상남도 창원마산회원구 석전동,1**,단독,8m미만,46.88,146,201503,30,"        17,900",1970,석전남2길
경상남도 창원마산회원구 석전동,2**,단독,8m미만,130.25,146.4,201502,16,"        23,500",1979,석전동9길
경상남도 창원마산회원구 석전동,2**,단독,25m미만,142.69,147.8,201502,9,"        17,000",1975,북성로
경상남도 창원마산회원구 석전동,2**,단독,12m미만,130.38,152.1,201504,23,"        39,000",1979,석전남8길
경상남도 창원마산회원구 석전동,2**,단독,8m미만,171.73,155.8,201502,27,"        20,500",1988,석전서8길
경상남도 창원마산회원구 석전동,2**,단독,8m미만,170.22,157.6,201502,8,"        14,800",1988,석전서8길
경상남도 창원마산회원구 석전동,2**,단독,12m미만,184.89,160.7,201504,7,"        24,000",1974,석전남8길
경상남도 창원마산회원구 석전동,9*,단독,12m미만,247,163,201506,15,"        20,000",1989,석전서4길
경상남도 창원마산회원구 석전동,2**,단독,8m미만,94.27,166.9,201502,23,"        36,000",1976,삼호천길
경상남도 창원마산회원구 석전동,1**,단독,8m미만,61.78,171,201502,6,"        12,000",1980,석전북14길
경상남도 창원마산회원구 석전동,2**,단독,12m미만,181.72,173,201503,30,"        23,000",1989,석전동3길
경상남도 창원마산회원구 석전동,2**,단독,12m미만,187.95,177.1,201506,5,"        29,000",1978,석전동9길
경상남도 창원마산회원구 석전동,2**,단독,12m미만,173.98,181.2,201504,15,"        31,750",1979,석전남8길
경상남도 창원마산회원구 석전동,3*,단독,8m미만,163.32,188,201504,28,"        10,000",1990,석전남8길
경상남도 창원마산회원구 석전동,2**,단독,12m미만,136.98,201.4,201506,27,"        50,000",1998,석전남10길
경상남도 창원마산회원구 석전동,2**,단독,8m미만,431.53,214.5,201505,22,"        57,500",1987,석전동17길
경상남도 창원마산회원구 석전동,2**,단독,12m미만,287.47,222.3,201504,8,"        58,000",1993,석전동15길
경상남도 창원마산회원구 석전동,1**,단독,8m미만,106.94,235,201505,16,"        21,500",1970,석전남12길
경상남도 창원마산회원구 석전동,2**,단독,25m이상,137.06,957,201501,5,"       289,000",1982,3·15대로
경상남도 창원마산회원구 양덕동,1*,다가구,12m미만,117.26,109.8,201501,20,"        20,500",1982,양덕북2길
경상남도 창원마산회원구 양덕동,1*,다가구,8m미만,136.8,121.3,201504,28,"         9,000",1976,양덕북21길
경상남도 창원마산회원구 양덕동,5*,다가구,8m미만,125.28,132.2,201502,24,"        21,300",1975,팔용로
경상남도 창원마산회원구 양덕동,4*,다가구,8m미만,105.92,133.2,201502,26,"        27,800",1977,팔용로
경상남도 창원마산회원구 양덕동,2*,다가구,12m미만,130.29,133.2,201502,6,"        20,000",1978,양덕동15길
경상남도 창원마산회원구 양덕동,2*,다가구,12m미만,129.23,134.9,201502,27,"        22,500",1979,양덕동15길
경상남도 창원마산회원구 양덕동,4*,다가구,8m미만,133.39,138,201502,9,"        19,000",1993,양덕천길
경상남도 창원마산회원구 양덕동,9*,다가구,12m미만,131.66,139,201506,4,"        28,500",1984,양덕북4길
경상남도 창원마산회원구 양덕동,3*,다가구,8m미만,228.54,140.7,201504,30,"        37,500",2005,양덕동16길
경상남도 창원마산회원구 양덕동,1**,다가구,8m미만,341.38,165.3,201504,2,"        65,000",2014,양덕북3길
경상남도 창원마산회원구 양덕동,4*,다가구,8m미만,179.46,217.1,201505,10,"        33,100",1982,양덕천길
경상남도 창원마산회원구 양덕동,8**,다가구,12m미만,431.11,221.1,201503,4,"        87,500",2014,양덕북9길
경상남도 창원마산회원구 양덕동,3**,단독,8m미만,21.86,50,201504,4,"         9,000",1983,
경상남도 창원마산회원구 양덕동,3**,단독,8m미만,21.86,50,201506,26,"        10,300",1983,
경상남도 창원마산회원구 양덕동,1*,단독,12m미만,90.11,92.6,201502,28,"        12,000",1975,양덕북2길
경상남도 창원마산회원구 양덕동,1**,단독,12m미만,105.09,95.9,201506,24,"        19,000",1976,양덕동2길
경상남도 창원마산회원구 양덕동,6*,단독,8m미만,52.66,98.5,201501,15,"        12,000",1976,산호천동길
경상남도 창원마산회원구 양덕동,8**,단독,8m미만,83.07,100.1,201503,6,"        10,100",1976,양덕북5길
경상남도 창원마산회원구 양덕동,1**,단독,8m미만,106.15,106.1,201501,3,"        16,500",1978,양덕로
경상남도 창원마산회원구 양덕동,3**,단독,8m미만,71.32,109,201505,29,"        18,150",1995,탑골2길
경상남도 창원마산회원구 양덕동,2*,단독,8m미만,120.24,109.3,201505,27,"         6,300",1973,양덕북3길
경상남도 창원마산회원구 양덕동,1**,단독,12m미만,117.72,109.7,201505,5,"        22,600",1979,양덕북9길
경상남도 창원마산회원구 양덕동,8**,단독,12m미만,92.4,111.7,201503,25,"        18,200",1974,양덕북9길
경상남도 창원마산회원구 양덕동,1**,단독,8m미만,135.74,112.4,201501,23,"        15,000",1974,양덕동4길
경상남도 창원마산회원구 양덕동,3**,단독,8m미만,70.34,116,201505,26,"        22,750",1983,탑골3길
경상남도 창원마산회원구 양덕동,1**,단독,12m미만,103.98,116.4,201504,13,"        19,600",1983,양덕북9길
경상남도 창원마산회원구 양덕동,4*,단독,8m미만,112.47,116.4,201505,19,"        18,000",1980,양덕동12길
경상남도 창원마산회원구 양덕동,3**,단독,8m미만,83.79,119,201504,6,"        19,800",1984,양덕동8길
경상남도 창원마산회원구 양덕동,3**,단독,8m미만,83.79,119,201501,12,"        18,000",1984,양덕동8길
경상남도 창원마산회원구 양덕동,3**,단독,8m미만,83.79,119,201505,29,"        23,400",1984,양덕동8길
경상남도 창원마산회원구 양덕동,9*,단독,12m미만,126.14,120.1,201506,12,"        28,000",1978,양덕북4길
경상남도 창원마산회원구 양덕동,6*,단독,8m미만,119.22,122.6,201501,30,"        36,000",1973,양덕남1길
경상남도 창원마산회원구 양덕동,1*,단독,8m미만,62.87,123.3,201505,14,"        11,800",1976,합성옛길
경상남도 창원마산회원구 양덕동,4*,단독,8m미만,101.48,123.6,201505,14,"        15,000",1976,양덕천길
경상남도 창원마산회원구 양덕동,1**,단독,8m미만,70.64,127.6,201504,8,"        11,500",1977,양덕로
경상남도 창원마산회원구 양덕동,1*,단독,8m미만,126.77,132,201503,6,"        17,500",1978,양덕북2길
경상남도 창원마산회원구 양덕동,4*,단독,8m미만,73.26,133.6,201504,30,"        20,100",1975,양덕천길
경상남도 창원마산회원구 양덕동,8**,단독,8m미만,147.4,135.4,201503,27,"        25,350",1977,양덕북3길
경상남도 창원마산회원구 양덕동,8**,단독,12m미만,128.59,135.8,201503,19,"        23,000",1978,양덕북4길
경상남도 창원마산회원구 양덕동,1**,단독,8m미만,158.43,137.2,201501,21,"        25,000",1977,양덕동5길
경상남도 창원마산회원구 양덕동,1**,단독,8m미만,158.43,137.2,201503,30,"        24,900",1977,양덕동5길
경상남도 창원마산회원구 양덕동,9*,단독,8m미만,82.37,139,201501,26,"        15,900",1983,양덕북12길
경상남도 창원마산회원구 양덕동,8**,단독,8m미만,77.99,139.6,201506,27,"        14,000",1975,양덕북9길
경상남도 창원마산회원구 양덕동,8**,단독,12m미만,148.81,141.3,201501,15,"        29,000",1977,양덕북9길
경상남도 창원마산회원구 양덕동,1**,단독,8m미만,129.68,145.3,201504,29,"        18,800",1976,양덕로
경상남도 창원마산회원구 양덕동,1**,단독,8m미만,150.32,148.3,201502,11,"        23,000",1978,양덕동5길
경상남도 창원마산회원구 양덕동,1**,단독,8m미만,135.14,148.8,201504,25,"        19,600",1974,양덕로
경상남도 창원마산회원구 양덕동,8**,단독,8m미만,154.75,150.6,201503,17,"        25,000",1983,양덕북12길
경상남도 창원마산회원구 양덕동,5*,단독,8m미만,83.4,152,201502,13,"        29,000",1981,양덕남6길
경상남도 창원마산회원구 양덕동,2*,단독,8m미만,99.1,157.7,201502,3,"        20,500",1974,
경상남도 창원마산회원구 양덕동,2*,단독,8m미만,70.64,159,201504,22,"        12,300",1975,양덕북5길
경상남도 창원마산회원구 양덕동,*,단독,12m미만,84.73,159,201504,7,"        18,800",1984,합성남18길
경상남도 창원마산회원구 양덕동,9*,단독,8m미만,130.81,159.4,201504,9,"        21,300",1978,양덕북12길
경상남도 창원마산회원구 양덕동,2*,단독,8m미만,128.46,159.6,201505,11,"        20,000",1970,양덕북4길
경상남도 창원마산회원구 양덕동,8**,단독,8m미만,128.76,161.3,201506,26,"        24,000",1977,양덕북9길
경상남도 창원마산회원구 양덕동,1*,단독,12m미만,160.59,165.8,201501,1,"        26,000",1980,양덕북5길
경상남도 창원마산회원구 양덕동,3**,단독,25m이상,99.18,168,201502,28,"        33,000",1984,양덕로
경상남도 창원마산회원구 양덕동,1*,단독,8m미만,190.08,169.6,201505,28,"        33,000",1976,양덕북21길
경상남도 창원마산회원구 양덕동,9*,단독,12m미만,400.86,171.5,201506,22,"        64,000",1994,양덕북16길
경상남도 창원마산회원구 양덕동,4*,단독,8m미만,112.08,171.7,201503,9,"        22,000",1975,양덕천길
경상남도 창원마산회원구 양덕동,3**,단독,8m미만,97.98,176,201505,27,"        29,680",1974,
경상남도 창원마산회원구 양덕동,1**,단독,8m미만,178.28,182.4,201505,12,"        25,500",1989,양덕북2길
경상남도 창원마산회원구 양덕동,1**,단독,25m이상,377,191.2,201505,22,"        57,000",1984,양덕로
경상남도 창원마산회원구 양덕동,3**,단독,8m미만,93.86,195,201503,31,"        32,450",1983,탑골3길
경상남도 창원마산회원구 양덕동,4*,단독,8m미만,594.81,199.5,201504,16,"        36,500",1990,양덕천길
경상남도 창원마산회원구 양덕동,9*,단독,8m미만,163.98,203.6,201502,26,"        28,800",1977,양덕북17길
경상남도 창원마산회원구 양덕동,1*,단독,12m미만,314.19,221.4,201505,18,"        50,000",1984,합성옛길
경상남도 창원마산회원구 양덕동,6*,단독,25m이상,581.86,258.5,201501,8,"       100,000",1974,양덕로
경상남도 창원마산회원구 양덕동,5*,단독,25m이상,169.27,308.1,201503,29,"        77,000",1988,양덕로
경상남도 창원마산회원구 양덕동,8**,단독,8m미만,538.55,654,201506,15,"       190,000",2001,양덕서5길
경상남도 창원마산회원구 합성동,2**,다가구,12m미만,112.3,105.5,201506,10,"        24,900",1983,합성남11길
경상남도 창원마산회원구 합성동,7*,다가구,12m미만,113.6,118.6,201505,25,"        21,650",1978,합성북18길
경상남도 창원마산회원구 합성동,1**,다가구,12m미만,105.73,118.8,201506,30,"        22,900",1983,합성동11길
경상남도 창원마산회원구 합성동,1**,다가구,8m미만,122.87,126.7,201505,18,"        15,000",1978,합성동5길
경상남도 창원마산회원구 합성동,6*,다가구,8m미만,111.97,127.1,201506,18,"        20,609",1970,
경상남도 창원마산회원구 합성동,8*,다가구,8m미만,119.74,131.4,201502,2,"        15,000",1970,합성서7길
경상남도 창원마산회원구 합성동,8*,다가구,8m미만,131.34,151.9,201505,23,"        22,000",1978,합성서1길
경상남도 창원마산회원구 합성동,8*,다가구,8m미만,125.42,153,201506,19,"        25,600",1979,합성서13길
경상남도 창원마산회원구 합성동,7*,다가구,8m미만,138.46,155.8,201505,26,"        19,500",1981,합성북14길
경상남도 창원마산회원구 합성동,3**,다가구,12m미만,299,156.7,201506,12,"        68,000",2015,합성동13길
경상남도 창원마산회원구 합성동,3**,다가구,12m미만,356.92,170.9,201504,13,"        78,400",2013,합성남11길
경상남도 창원마산회원구 합성동,1**,다가구,8m미만,132.89,200,201506,5,"        27,500",1976,합성동5길
경상남도 창원마산회원구 합성동,8*,다가구,12m미만,476.92,271.2,201505,31,"       122,500",2013,합성서7길
경상남도 창원마산회원구 합성동,6*,단독,25m미만,48.73,85.3,201501,10,"         9,500",1982,합성북16길
경상남도 창원마산회원구 합성동,8*,단독,8m미만,49.2,89.19,201505,30,"         7,000",1975,합성서13길
경상남도 창원마산회원구 합성동,7*,단독,8m미만,88.18,92.4,201502,27,"         7,000",1979,합성북14길
경상남도 창원마산회원구 합성동,7*,단독,12m미만,62.05,100.1,201504,16,"        14,000",1977,합성북15길
경상남도 창원마산회원구 합성동,7*,단독,8m미만,52.36,105,201505,26,"        15,400",1977,합성북6길
경상남도 창원마산회원구 합성동,3**,단독,12m미만,108.2,105.4,201504,23,"        20,000",1973,합성남11길
경상남도 창원마산회원구 합성동,1**,단독,12m미만,76.15,108.2,201506,24,"        20,200",2003,금강로
경상남도 창원마산회원구 합성동,1**,단독,12m미만,135.47,110.7,201504,24,"        23,500",1979,합성서1길
경상남도 창원마산회원구 합성동,1**,단독,8m미만,81.22,112,201503,28,"        14,000",1985,합성남19길
경상남도 창원마산회원구 합성동,8*,단독,8m미만,110.21,112.2,201503,31,"        19,300",1978,합성북3길
경상남도 창원마산회원구 합성동,5**,단독,8m미만,68.59,116,201503,9,"        15,500",1978,합성북9길
경상남도 창원마산회원구 합성동,6*,단독,25m미만,130.46,116.5,201503,4,"        17,700",1990,
경상남도 창원마산회원구 합성동,1**,단독,12m미만,107.38,116.8,201504,20,"        19,000",1983,합성동11길
경상남도 창원마산회원구 합성동,5**,단독,8m미만,76.26,117,201501,24,"        18,000",1981,합성북1길
경상남도 창원마산회원구 합성동,6*,단독,25m미만,123.09,117.6,201504,27,"        22,103",1977,
경상남도 창원마산회원구 합성동,6*,단독,8m미만,116.27,120.7,201504,24,"        14,000",1981,
경상남도 창원마산회원구 합성동,1**,단독,8m미만,66.05,121.5,201503,17,"        12,900",1978,3·15대로
경상남도 창원마산회원구 합성동,7*,단독,8m미만,104.06,122.7,201505,27,"        15,000",1979,합성북15길
경상남도 창원마산회원구 합성동,8*,단독,8m미만,119.77,124,201502,1,"        23,500",1978,합성북3길
경상남도 창원마산회원구 합성동,6*,단독,8m미만,126.09,128.4,201503,2,"        22,000",1979,합포성지길
경상남도 창원마산회원구 합성동,6*,단독,8m미만,126.09,128.4,201504,7,"        22,000",1979,합포성지길
경상남도 창원마산회원구 합성동,2**,단독,12m미만,341.18,128.5,201502,26,"        28,500",1990,합성남9길
경상남도 창원마산회원구 합성동,6*,단독,25m미만,144.8,128.9,201502,27,"        20,400",1979,
경상남도 창원마산회원구 합성동,6*,단독,25m미만,113.12,129.5,201503,23,"        20,000",1979,
경상남도 창원마산회원구 합성동,7*,단독,8m미만,132.09,130.8,201504,4,"        29,500",1977,합성북13길
경상남도 창원마산회원구 합성동,3**,단독,8m미만,61.49,131.2,201501,20,"        20,000",1975,합성동13길
경상남도 창원마산회원구 합성동,3**,단독,8m미만,129.85,131.3,201505,28,"        19,000",1979,팔용로
경상남도 창원마산회원구 합성동,3**,단독,8m미만,115.01,131.5,201503,30,"        16,000",1978,합성동13길
경상남도 창원마산회원구 합성동,5**,단독,8m미만,137.05,132,201502,16,"        27,000",1988,합성북1길
경상남도 창원마산회원구 합성동,1**,단독,8m미만,76.68,136.7,201503,23,"        12,000",1983,합성동8길
경상남도 창원마산회원구 합성동,2**,단독,25m미만,151.19,136.8,201501,15,"        32,500",1983,합성남로
경상남도 창원마산회원구 합성동,6*,단독,25m미만,240.45,137.3,201505,1,"        23,000",1978,금강로
경상남도 창원마산회원구 합성동,7*,단독,8m미만,122.1,137.5,201503,2,"        21,500",1976,합성북4길
경상남도 창원마산회원구 합성동,1**,단독,8m미만,73.53,137.6,201503,17,"        12,000",1977,합성서5길
경상남도 창원마산회원구 합성동,6*,단독,25m미만,163.8,137.6,201504,27,"        22,660",1997,
경상남도 창원마산회원구 합성동,2**,단독,8m미만,133.98,138.8,201503,21,"        25,000",1977,합성남8길
경상남도 창원마산회원구 합성동,1**,단독,8m미만,179.37,139.1,201503,2,"        33,400",1974,양덕북4길
경상남도 창원마산회원구 합성동,1**,단독,8m미만,164.7,145.7,201503,24,"        22,000",1979,합성남7길
경상남도 창원마산회원구 합성동,3**,단독,8m미만,153.47,146.3,201505,20,"        18,480",1979,합성남17길
경상남도 창원마산회원구 합성동,3**,단독,8m미만,71.96,147,201503,28,"        15,800",1977,팔용로
경상남도 창원마산회원구 합성동,3**,단독,12m미만,158.46,148.8,201503,23,"        39,000",1983,합성옛길
경상남도 창원마산회원구 합성동,1**,단독,12m미만,174.35,149.4,201504,10,"        29,850",1987,합포성지길
경상남도 창원마산회원구 합성동,1**,단독,12m미만,155.07,150,201506,30,"        43,000",1984,합성동3길
경상남도 창원마산회원구 합성동,8*,단독,8m미만,79.27,150.7,201503,27,"         9,900",1976,합성서1길
경상남도 창원마산회원구 합성동,8*,단독,8m미만,122.88,151,201503,27,"        20,500",1979,합성서7길
경상남도 창원마산회원구 합성동,1**,단독,12m미만,170.46,151.7,201503,17,"        28,000",1984,합성동3길
경상남도 창원마산회원구 합성동,6*,단독,25m미만,153.17,153.3,201503,27,"        27,300",1978,
경상남도 창원마산회원구 합성동,6*,단독,12m미만,81.63,158.1,201505,27,"        19,898",1971,
경상남도 창원마산회원구 합성동,6*,단독,12m미만,162.01,159.5,201505,20,"        26,524",1978,
경상남도 창원마산회원구 합성동,5**,단독,12m미만,109.83,160,201506,4,"        25,300",2015,합성북1길
경상남도 창원마산회원구 합성동,6*,단독,12m미만,125.32,161.6,201502,14,"        23,000",1981,
경상남도 창원마산회원구 합성동,5*,단독,8m미만,76.03,165.6,201502,24,"        18,700",1979,
경상남도 창원마산회원구 합성동,1**,단독,8m미만,166.32,166.2,201506,22,"        25,000",1986,합성남7길
경상남도 창원마산회원구 합성동,2**,단독,8m미만,131.37,167.1,201506,8,"        16,000",1979,합성남3길
경상남도 창원마산회원구 합성동,3**,단독,12m미만,79.52,167.8,201503,20,"        17,000",1983,합성남17길
경상남도 창원마산회원구 합성동,1**,단독,8m미만,159.69,173.3,201504,21,"        20,000",1976,합성옛길
경상남도 창원마산회원구 합성동,3**,단독,8m미만,147.23,181.2,201504,23,"        24,800",1982,합성동2길
경상남도 창원마산회원구 합성동,5*,단독,8m미만,76.03,184,201503,2,"        22,735",1979,
경상남도 창원마산회원구 합성동,3**,단독,8m미만,135.21,193.6,201504,20,"        10,000",1978,팔용로
경상남도 창원마산회원구 합성동,3**,단독,8m미만,131.5,194.7,201505,4,"        38,000",1979,합성남2길
경상남도 창원마산회원구 합성동,7*,단독,8m미만,121.48,219.9,201501,8,"        22,700",1982,합성북18길
경상남도 창원마산회원구 합성동,6*,단독,12m미만,362.72,222,201505,20,"        52,762",2002,
경상남도 창원마산회원구 합성동,8*,단독,12m미만,642.98,271.2,201504,11,"       105,000",2012,합성서12길
경상남도 창원마산회원구 합성동,1**,단독,25m이상,546.92,420.6,201504,15,"       190,000",2013,3·15대로
경상남도 창원마산회원구 합성동,8*,단독,8m미만,913.17,448.4,201505,15,"        69,200",1981,합성서1길
경상남도 창원마산회원구 합성동,1**,단독,12m미만,1996.63,607.9,201506,24,"       435,000",2012,합성남3길
경상남도 창원마산회원구 회성동,3*,다가구,8m미만,124.4,299,201502,13,"        29,800",1983,회성남1길
경상남도 창원마산회원구 회성동,8*,단독,12m미만,59.2,52,201501,6,"         5,000",1991,회성남18길
경상남도 창원마산회원구 회성동,1**,단독,8m미만,48.18,92.63,201501,9,"         6,100",1983,회성남12길
경상남도 창원마산회원구 회성동,4**,단독,12m미만,121.08,96.6,201506,30,"        13,500",1997,회성남12길
경상남도 창원마산회원구 회성동,4**,단독,8m미만,92.29,103.9,201506,17,"         8,500",1982,회성남12길
경상남도 창원마산회원구 회성동,4**,단독,12m미만,164.88,109.8,201503,27,"        25,000",1988,회성남18길
경상남도 창원마산회원구 회성동,4**,단독,8m미만,112.62,113.1,201505,18,"        14,000",1981,회성남20길
경상남도 창원마산회원구 회성동,4**,단독,8m미만,64.89,113.9,201504,15,"        10,200",1970,회성남13길
경상남도 창원마산회원구 회성동,4**,단독,8m미만,111.66,114.3,201503,12,"        15,600",1982,회성동2길
경상남도 창원마산회원구 회성동,4**,단독,8m미만,133.55,130.4,201505,13,"        13,400",1983,회성시장2길
경상남도 창원마산회원구 회성동,4**,단독,8m미만,66.02,132.7,201503,21,"        15,300",1980,회성시장2길
경상남도 창원마산회원구 회성동,4**,단독,12m미만,144.04,153.4,201503,6,"        12,000",1988,회성남17길
경상남도 창원마산회원구 회성동,3**,단독,8m미만,23.5,162,201501,7,"         9,000",1985,회성북6길
경상남도 창원마산회원구 회성동,4**,단독,25m이상,654.38,892.5,201503,10,"       122,500",1985,북성로
경상남도 창원마산회원구 회원동,4*,다가구,12m미만,365.73,189.9,201504,7,"        52,500",2009,회원동24길
경상남도 창원마산회원구 회원동,5**,단독,8m미만,15,19,201501,27,"         2,800",1985,회원남15길
경상남도 창원마산회원구 회원동,4**,단독,8m미만,14,20,201501,27,"         3,200",1983,회원남9길
경상남도 창원마산회원구 회원동,4**,단독,8m미만,20.78,26,201505,4,"         2,300",1983,회원남9길
경상남도 창원마산회원구 회원동,3**,단독,8m미만,22.71,26,201505,22,"         3,100",1983,회원북10길
경상남도 창원마산회원구 회원동,3**,단독,8m미만,24.02,26,201504,14,"         3,200",1983,회원북3길
경상남도 창원마산회원구 회원동,3**,단독,8m미만,23.66,26.38,201503,27,"         2,300",1985,회원북6길
경상남도 창원마산회원구 회원동,3**,단독,8m미만,31.84,32.98,201503,3,"         4,600",1985,회원북6길
경상남도 창원마산회원구 회원동,5**,단독,8m미만,16.34,33,201501,8,"         4,800",1983,회원남23길
경상남도 창원마산회원구 회원동,4**,단독,8m미만,23.35,33,201501,27,"         4,500",1983,회원남15길
경상남도 창원마산회원구 회원동,5**,단독,8m미만,33.54,36,201504,27,"         4,400",1983,회원남15길
경상남도 창원마산회원구 회원동,3**,단독,8m미만,29.75,36.5,201506,10,"         7,000",1970,회원북10길
경상남도 창원마산회원구 회원동,4**,단독,12m미만,47.36,40,201502,25,"        10,500",1989,회원남14길
경상남도 창원마산회원구 회원동,5**,단독,8m미만,39.66,48,201502,10,"         8,200",1981,회원남20길
경상남도 창원마산회원구 회원동,4**,단독,8m미만,28.11,50,201503,3,"         5,000",,
경상남도 창원마산회원구 회원동,4**,단독,8m미만,29.75,50,201503,3,"         4,800",1970,회원남2길
경상남도 창원마산회원구 회원동,2**,단독,8m미만,18.57,58,201506,24,"         8,400",1977,회원북15길
경상남도 창원마산회원구 회원동,3**,단독,8m미만,27.17,60,201501,7,"         6,300",1974,회원북4길
경상남도 창원마산회원구 회원동,5**,단독,8m미만,41.2,69,201503,4,"         5,067",1970,
경상남도 창원마산회원구 회원동,3**,단독,8m미만,80.76,71,201504,27,"        13,000",1974,회원북3길
경상남도 창원마산회원구 회원동,4**,단독,8m미만,31.9,73,201506,1,"         8,050",1970,회원남17길
경상남도 창원마산회원구 회원동,3**,단독,8m미만,23.05,79,201504,3,"         6,500",1970,회원북6길
경상남도 창원마산회원구 회원동,4**,단독,8m미만,72.49,80,201503,5,"        12,800",1992,회원남3길
경상남도 창원마산회원구 회원동,3*,단독,12m미만,78.94,85.7,201503,30,"        17,000",1974,회원동15길
경상남도 창원마산회원구 회원동,3**,단독,8m미만,38.58,86,201505,6,"         9,500",1984,회원남로
경상남도 창원마산회원구 회원동,6**,단독,8m미만,100.19,90,201506,2,"         8,200",1983,회원북28길
경상남도 창원마산회원구 회원동,*,단독,12m미만,50.02,91.6,201504,24,"         9,700",1974,회원동31길
경상남도 창원마산회원구 회원동,3*,단독,8m미만,50.91,94.2,201504,28,"        11,500",1976,회원동북로
경상남도 창원마산회원구 회원동,5*,단독,12m미만,53.92,94.9,201502,17,"        17,000",1980,회원동5길
경상남도 창원마산회원구 회원동,2*,단독,12m미만,51.17,96.2,201502,16,"         9,300",1973,회원동12길
경상남도 창원마산회원구 회원동,3**,단독,8m미만,32.83,98,201502,12,"        10,600",1970,회원북15길
경상남도 창원마산회원구 회원동,6**,단독,8m미만,39.66,99,201505,13,"        10,500",1970,노산서26길
경상남도 창원마산회원구 회원동,3**,단독,8m미만,48.53,106,201506,4,"        12,000",1974,회원북19길
경상남도 창원마산회원구 회원동,6**,단독,25m이상,113.04,106.1,201503,30,"        16,950",1983,무학로
경상남도 창원마산회원구 회원동,3*,단독,8m미만,50.02,106.8,201503,10,"         9,290",1974,회원동15길
경상남도 창원마산회원구 회원동,3*,단독,8m미만,57.34,108.9,201506,8,"        16,500",1983,회원동32길
경상남도 창원마산회원구 회원동,3*,단독,8m미만,57.34,108.9,201501,17,"        13,500",1983,회원동32길
경상남도 창원마산회원구 회원동,6**,단독,12m미만,114.32,109.9,201501,3,"        17,800",1982,회원천북길
경상남도 창원마산회원구 회원동,4*,단독,12m미만,107.42,110.4,201506,30,"        14,000",1970,회원동12길
경상남도 창원마산회원구 회원동,3**,단독,8m미만,46.55,112,201501,23,"        11,700",1975,회원북13길
경상남도 창원마산회원구 회원동,6**,단독,8m미만,103,114,201506,29,"        16,300",1982,교방시장1길
경상남도 창원마산회원구 회원동,5*,단독,8m미만,110.22,114.1,201506,24,"        19,000",1977,회원동4길
경상남도 창원마산회원구 회원동,4**,단독,8m미만,40.86,116,201501,2,"        10,000",1973,회원남11길
경상남도 창원마산회원구 회원동,3**,단독,8m미만,42.72,116,201501,5,"        12,000",1970,회원북19길
경상남도 창원마산회원구 회원동,5*,단독,8m미만,123.7,116.4,201505,13,"        18,500",1976,회원동5길
경상남도 창원마산회원구 회원동,6*,단독,8m미만,124.6,117.5,201503,2,"        20,000",1977,회원동로
경상남도 창원마산회원구 회원동,5*,단독,8m미만,62.01,117.7,201502,2,"         8,000",1974,회원동11길
경상남도 창원마산회원구 회원동,5*,단독,8m미만,60.06,118.7,201501,14,"        11,700",1974,회원동11길
경상남도 창원마산회원구 회원동,*,단독,8m미만,97.04,118.7,201503,28,"        17,800",1977,회원동북로
경상남도 창원마산회원구 회원동,3**,단독,8m미만,58.01,119,201503,31,"        11,000",1976,회원북2길
경상남도 창원마산회원구 회원동,2**,단독,8m미만,115.17,119,201503,24,"        13,500",1970,북성로
경상남도 창원마산회원구 회원동,2**,단독,8m미만,117.2,119,201505,9,"        16,100",1977,회원북16길
경상남도 창원마산회원구 회원동,3**,단독,8m미만,118.72,119,201506,16,"        15,800",1989,회원북19길
경상남도 창원마산회원구 회원동,6**,단독,12m미만,136.05,119,201506,14,"        16,000",1989,무학로
경상남도 창원마산회원구 회원동,6*,단독,8m미만,65.63,121.7,201503,5,"        14,500",1973,회원동10길
경상남도 창원마산회원구 회원동,6*,단독,8m미만,65.63,121.7,201505,30,"        15,300",1973,회원동10길
경상남도 창원마산회원구 회원동,3**,단독,8m미만,60.7,122,201504,17,"        12,300",1974,회원북3길
경상남도 창원마산회원구 회원동,3**,단독,8m미만,71.34,122,201505,30,"        14,600",1977,회원북16길
경상남도 창원마산회원구 회원동,4*,단독,8m미만,55.44,122.3,201503,2,"         8,200",1975,회원동13길
경상남도 창원마산회원구 회원동,4*,단독,8m미만,55.44,122.3,201506,28,"        16,930",1975,회원동13길
경상남도 창원마산회원구 회원동,4*,단독,8m미만,96.69,123.3,201505,6,"        16,600",1978,회원동13길
경상남도 창원마산회원구 회원동,6**,단독,12m미만,131.86,123.5,201504,2,"        18,569",1986,회원북25길
경상남도 창원마산회원구 회원동,4**,단독,8m미만,52.79,126,201504,6,"        11,000",1985,회원동서로
경상남도 창원마산회원구 회원동,6**,단독,25m미만,175.56,128,201504,15,"        32,500",1987,회원남로
경상남도 창원마산회원구 회원동,4**,단독,8m미만,58.78,129,201501,27,"        10,600",1975,회원남6길
경상남도 창원마산회원구 회원동,1**,단독,8m미만,118.22,129,201503,11,"        11,000",1978,회원동33길
경상남도 창원마산회원구 회원동,6**,단독,12m미만,185.48,129,201504,26,"        21,000",1986,회원북26길
경상남도 창원마산회원구 회원동,5*,단독,12m미만,74.25,131.4,201503,21,"        16,000",1977,회원동4길
경상남도 창원마산회원구 회원동,2*,단독,8m미만,53.79,132.2,201504,10,"        10,400",1973,회원동15길
경상남도 창원마산회원구 회원동,6**,단독,12m미만,156.67,132.7,201501,2,"        21,000",1982,회원북25길
경상남도 창원마산회원구 회원동,6**,단독,8m미만,76.44,133.1,201506,19,"        12,000",1986,교방시장1길
경상남도 창원마산회원구 회원동,6**,단독,25m이상,156.96,135.2,201505,15,"        14,000",1981,회원천북길
경상남도 창원마산회원구 회원동,3*,단독,12m미만,133.76,135.5,201504,17,"        23,700",1977,회원동12길
경상남도 창원마산회원구 회원동,2*,단독,8m미만,158.4,136.6,201506,2,"        30,300",1974,3·15대로
경상남도 창원마산회원구 회원동,6**,단독,12m미만,79.57,137,201506,8,"        18,000",1983,회원북23길
경상남도 창원마산회원구 회원동,6**,단독,12m미만,146.21,139.8,201503,5,"        30,000",1986,회원남25길
경상남도 창원마산회원구 회원동,2*,단독,12m미만,130.32,142.9,201503,27,"        19,500",1977,회원동12길
경상남도 창원마산회원구 회원동,6*,단독,8m미만,129.99,144.1,201502,6,"        17,000",1994,회원동10길
경상남도 창원마산회원구 회원동,6**,단독,8m미만,84.22,146.5,201504,18,"        11,500",1984,교방시장1길
경상남도 창원마산회원구 회원동,*,단독,8m미만,125.05,147.8,201501,28,"        20,000",2000,회원동34길
경상남도 창원마산회원구 회원동,*,단독,25m미만,146.51,148.8,201502,5,"        29,000",1974,회원동북로
경상남도 창원마산회원구 회원동,3**,단독,8m미만,88.75,149,201504,5,"        16,800",1970,회원북3길
경상남도 창원마산회원구 회원동,6**,단독,8m미만,83.36,149.6,201504,14,"        18,500",1983,회원남31길
경상남도 창원마산회원구 회원동,6*,단독,12m미만,61.49,151.7,201503,13,"        18,250",1970,회원천북길
경상남도 창원마산회원구 회원동,*,단독,8m미만,155.41,152.4,201502,20,"        21,000",1977,회원동로
경상남도 창원마산회원구 회원동,3**,단독,8m미만,104.79,154,201506,11,"        17,000",1980,회원북5길
경상남도 창원마산회원구 회원동,6**,단독,8m미만,167.58,157,201506,16,"        25,500",1983,회원북28길
경상남도 창원마산회원구 회원동,6**,단독,8m미만,186.92,158.4,201502,14,"        22,500",1979,회원북21길
경상남도 창원마산회원구 회원동,3*,단독,8m미만,94.05,158.6,201502,25,"         8,500",1973,회원동14길
경상남도 창원마산회원구 회원동,5*,단독,8m미만,93.17,161.8,201501,13,"        12,000",1973,회원동7길
경상남도 창원마산회원구 회원동,*,단독,8m미만,82.31,170.7,201503,30,"        23,800",1977,회원동로
경상남도 창원마산회원구 회원동,3*,단독,12m미만,189.89,172.5,201501,13,"        39,000",1984,회원동12길
경상남도 창원마산회원구 회원동,6**,단독,8m미만,153.54,173.4,201504,21,"        36,000",1987,회원천북길
경상남도 창원마산회원구 회원동,*,단독,12m미만,164.63,175.2,201505,30,"        36,300",1975,회원동31길
경상남도 창원마산회원구 회원동,6**,단독,12m미만,81.79,176.2,201501,29,"        24,000",1983,교방시장3길
경상남도 창원마산회원구 회원동,6*,단독,12m미만,169.32,176.2,201504,5,"        21,000",1977,회원동11길
경상남도 창원마산회원구 회원동,*,단독,12m미만,140.82,177.3,201504,28,"        24,000",1981,회원동31길
경상남도 창원마산회원구 회원동,*,단독,25m미만,153.13,180.6,201506,24,"        31,000",1983,회원동북로
경상남도 창원마산회원구 회원동,6**,단독,8m미만,139.81,182.2,201505,6,"        23,800",1983,회원남31길
경상남도 창원마산회원구 회원동,6**,단독,25m이상,323.2,188.1,201505,19,"        34,000",1989,무학로
경상남도 창원마산회원구 회원동,2*,단독,25m미만,884.88,211.9,201506,18,"        58,000",1990,북성로
경상남도 창원마산회원구 회원동,1**,단독,8m미만,66.43,216,201501,17,"        14,500",1974,회원동북로
경상남도 창원마산회원구 회원동,6**,단독,12m미만,130.98,240.1,201506,10,"        37,000",1983,교방시장3길
경상남도 창원마산회원구 회원동,6*,단독,25m미만,438.72,260,201503,9,"        47,000",1989,회원동로
경상남도 창원마산회원구 회원동,5*,단독,12m미만,277.43,357,201505,21,"        45,500",1990,회원동9길
