□ 본 서비스에서 제공하는 정보는 법적인 효력이 없으므로 참고용으로만 활용하시기 바랍니다.,Unnamed: 1,Unnamed: 2,Unnamed: 3,Unnamed: 4,Unnamed: 5,Unnamed: 6,Unnamed: 7,Unnamed: 8,Unnamed: 9,Unnamed: 10
"□ 신고정보가 실시간 변경, 해제되어 제공시점에 따라 공개건수 및 내용이 상이할 수 있는 점 참고하시기 바랍니다.",,,,,,,,,,
"□ 본 자료는 계약일 기준입니다. (※ 7월 계약, 8월 신고건 → 7월 거래건으로  제공)",,,,,,,,,,
"□ 통계자료 활용시에는 수치가 왜곡될 수 있으니 참고자료로만 활용하시기  바라며,  외부 공개시에는 반드시 신고일 기준으로 집계되는 공식통계를 이용하여 주시기 바랍니다.",,,,,,,,,,
,,,,,,,,,,
* 국토교통부 실거래가 공개시스템의 궁금하신 점이나 문의사항은 콜센터 1588-0149로 연락 주시기 바랍니다.,,,,,,,,,,
□ 검색조건,,,,,,,,,,
계약일자 : 20150101 ~ 20150630,,,,,,,,,,
실거래 구분 : 단독다가구(매매),,,,,,,,,,
주소구분 : 지번주소,,,,,,,,,,
시도 : 경상남도,,,,,,,,,,
시군구 : 창원마산합포구,,,,,,,,,,
읍면동 : 전체,,,,,,,,,,
면적 : 전체,,,,,,,,,,
금액선택 : 전체,,,,,,,,,,
,,,,,,,,,,
시군구,번지,주택유형,도로조건,연면적(㎡),대지면적(㎡),계약년월,계약일,거래금액(만원),건축년도,도로명
경상남도 창원마산합포구 교방동,3**,다가구,8m미만,110.81,180.9,201506,15,"        16,500",1985,교방서1길
경상남도 창원마산합포구 교방동,2**,다가구,12m미만,314.31,183,201504,23,"        59,500",2015,교방서1길
경상남도 창원마산합포구 교방동,1**,단독,8m미만,15.27,26,201505,22,"         5,400",1955,성호북5길
경상남도 창원마산합포구 교방동,*,단독,8m미만,23.82,26,201506,22,"         4,300",1978,교방동13길
경상남도 창원마산합포구 교방동,6*,단독,8m미만,20.52,36,201502,26,"         6,600",1940,교방동18길
경상남도 창원마산합포구 교방동,2**,단독,8m미만,66.03,46,201505,26,"         8,700",1942,교방천남길
경상남도 창원마산합포구 교방동,1**,단독,8m미만,18.23,63,201503,19,"         5,000",1983,교방동20길
경상남도 창원마산합포구 교방동,1**,단독,8m미만,49.59,69,201502,16,"         8,500",1972,교방동16길
경상남도 창원마산합포구 교방동,1**,단독,8m미만,39.67,76,201504,7,"        10,000",1940,교방동16길
경상남도 창원마산합포구 교방동,*,단독,8m미만,30.21,86,201505,3,"        10,000",1950,교방동10길
경상남도 창원마산합포구 교방동,1**,단독,8m미만,41.32,89,201506,29,"        10,750",1976,교방동17길
경상남도 창원마산합포구 교방동,1**,단독,8m미만,50.57,91,201506,10,"        11,000",1978,교방동19길
경상남도 창원마산합포구 교방동,1**,단독,8m미만,45.58,96,201501,13,"        13,000",1976,천하장사로
경상남도 창원마산합포구 교방동,3**,단독,8m미만,60.43,100.2,201504,4,"        12,400",1982,교방천북길
경상남도 창원마산합포구 교방동,3**,단독,8m미만,84.9,104.2,201501,14,"        16,000",1985,교방동1길
경상남도 창원마산합포구 교방동,2**,단독,8m미만,53.58,106,201504,13,"        10,000",1976,교방서7길
경상남도 창원마산합포구 교방동,3**,단독,8m미만,84.9,106.9,201503,3,"        16,000",1985,교방동5길
경상남도 창원마산합포구 교방동,3**,단독,8m미만,99.16,110.5,201505,9,"        13,000",1985,교방동1길
경상남도 창원마산합포구 교방동,1**,단독,8m미만,58.34,112,201505,23,"        13,800",1971,교방동20길
경상남도 창원마산합포구 교방동,1**,단독,8m미만,61.2,112,201506,2,"        12,400",1984,교방동19길
경상남도 창원마산합포구 교방동,3**,단독,8m미만,120.92,124.2,201506,12,"        16,800",1980,교방서7길
경상남도 창원마산합포구 교방동,1**,단독,8m미만,50.84,126,201505,5,"        13,100",1976,교방동20길
경상남도 창원마산합포구 교방동,2**,단독,8m미만,66.68,126,201504,15,"         8,150",1974,교방천북길
경상남도 창원마산합포구 교방동,5**,단독,12m미만,160.89,138.9,201503,13,"        40,500",1985,교방시장1길
경상남도 창원마산합포구 교방동,3**,단독,12m미만,228.6,144,201505,9,"        30,000",1988,교방동1길
경상남도 창원마산합포구 교방동,3**,단독,12m미만,165.27,145.8,201505,1,"        38,000",1982,교방북1길
경상남도 창원마산합포구 교방동,3**,단독,25m이상,171.65,151,201503,26,"        35,500",1987,무학로
경상남도 창원마산합포구 교방동,3**,단독,8m미만,112.24,166.7,201505,10,"        21,200",1986,교방동2길
경상남도 창원마산합포구 교방동,3**,단독,12m미만,142.63,177.4,201506,23,"        27,500",1993,교방서1길
경상남도 창원마산합포구 교방동,2**,단독,8m미만,175.04,202,201505,29,"        18,500",1991,교방동3길
경상남도 창원마산합포구 교원동,2*,단독,8m미만,37.34,45,201502,23,"         2,000",1965,노산서19길
경상남도 창원마산합포구 교원동,2*,단독,8m미만,49.72,99,201501,26,"         4,300",1979,노산서19길
경상남도 창원마산합포구 교원동,1*,단독,8m미만,107.79,119,201501,2,"         9,800",1977,노산서23길
경상남도 창원마산합포구 교원동,1*,단독,12m미만,88.95,130,201503,23,"        16,200",1984,교방동9길
경상남도 창원마산합포구 구산면 구복리,3**,단독,8m미만,33.84,136,201505,14,"         5,000",1953,해양관광로
경상남도 창원마산합포구 구산면 구복리,2**,단독,8m미만,73.8,239,201506,20,"        11,300",1988,해양관광로
경상남도 창원마산합포구 구산면 구복리,2**,단독,8m미만,94.91,440,201502,17,"        22,950",1992,해양관광로
경상남도 창원마산합포구 구산면 내포리,6**,단독,8m미만,118.43,319,201503,2,"        11,000",2002,내포2길
경상남도 창원마산합포구 구산면 내포리,6**,단독,8m미만,108.9,684,201501,23,"        12,800",1935,내포2길
경상남도 창원마산합포구 구산면 마전리,1**,단독,8m미만,62.8,317,201503,20,"        11,300",1951,마전길
경상남도 창원마산합포구 구산면 반동리,3**,단독,8m미만,98.84,443,201505,27,"        21,000",1996,양평길
경상남도 창원마산합포구 구산면 수정리,7*,단독,8m미만,112.57,486,201506,1,"        22,000",2007,수정1길
경상남도 창원마산합포구 구산면 심리,3*,단독,8m미만,43.26,109,201506,22,"         8,000",1925,원전2길
경상남도 창원마산합포구 구산면 심리,7**,단독,8m미만,76.48,140,201501,6,"         8,700",1994,심리2길
경상남도 창원마산합포구 구산면 심리,4*,단독,8m미만,82,400,201505,7,"        12,000",1995,원전2길
경상남도 창원마산합포구 구산면 옥계리,8**,단독,8m미만,46.27,221,201506,12,"         8,000",1989,구산신촌3길
경상남도 창원마산합포구 구산면 옥계리,8**,단독,8m미만,56.19,304,201505,16,"        10,000",1942,구산신촌3길
경상남도 창원마산합포구 구산면 옥계리,4**,단독,8m미만,33.72,668,201506,15,"        13,711",2010,안녕로
경상남도 창원마산합포구 구산면 옥계리,4**,단독,8m미만,33.72,680,201506,15,"        14,397",2010,안녕로
경상남도 창원마산합포구 구산면 옥계리,4**,단독,8m미만,33.72,800,201506,15,"        17,012",2010,안녕로
경상남도 창원마산합포구 구산면 옥계리,9**,단독,8m미만,67.47,940,201506,15,"        24,500",2006,구산로
경상남도 창원마산합포구 남성동,1**,다가구,12m미만,609.55,310.9,201504,24,"       123,000",2014,동서북9길
경상남도 창원마산합포구 남성동,2**,단독,12m미만,182.22,182.22,201505,7,"        17,800",1995,어시장7길
경상남도 창원마산합포구 대내동,*,단독,25m미만,26.05,49.3,201503,28,"        26,500",1942,월영북로
경상남도 창원마산합포구 대성동1가,*,단독,8m미만,103.58,116.2,201503,14,"        15,000",1984,반월북5길
경상남도 창원마산합포구 대성동1가,*,단독,8m미만,46.24,119,201504,30,"         8,000",1970,반월북8길
경상남도 창원마산합포구 대성동2가,*,다가구,8m미만,239.76,148.8,201505,8,"        37,500",2008,중앙서1길
경상남도 창원마산합포구 대성동2가,*,단독,8m미만,26.45,72.7,201506,30,"         4,000",1998,중앙서1길
경상남도 창원마산합포구 대성동2가,*,단독,8m미만,41.75,97.6,201505,19,"         4,810",1966,중앙서1길
경상남도 창원마산합포구 대외동,*,단독,8m미만,17.19,95.9,201506,5,"         6,200",1956,문화남11길
경상남도 창원마산합포구 대창동,1**,다가구,12m미만,249.85,99.2,201502,27,"        25,000",1996,문화서1길
경상남도 창원마산합포구 대창동,3*,다가구,8m미만,496.89,369.9,201506,24,"        59,500",2001,문화서7길
경상남도 창원마산합포구 대창동,*,단독,8m미만,70.49,156,201505,23,"         8,400",1993,문화서7길
경상남도 창원마산합포구 대창동,2**,단독,8m미만,284.16,227.3,201506,2,"        42,500",2002,문화서1길
경상남도 창원마산합포구 덕동동,5*,단독,8m미만,206.27,265,201505,29,"        27,900",2000,비포길
경상남도 창원마산합포구 동성동,*,단독,8m미만,58.9,29.8,201506,28,"         5,000",1972,오동동3길
경상남도 창원마산합포구 동성동,1**,단독,8m미만,174.64,127.9,201504,3,"        24,700",1991,
경상남도 창원마산합포구 두월동2가,*,단독,25m미만,100.86,52.9,201501,8,"        21,000",1939,문화북1길
경상남도 창원마산합포구 두월동2가,*,단독,25m미만,113.55,56.2,201501,8,"        20,000",1939,문화북1길
경상남도 창원마산합포구 두월동3가,*,단독,8m미만,66.37,119,201504,14,"        12,700",1983,
경상남도 창원마산합포구 두월동3가,*,단독,12m미만,113.39,135.5,201504,14,"        25,000",1974,문화남2길
경상남도 창원마산합포구 문화동,1*,다가구,8m미만,72.62,121.9,201506,6,"         9,300",1987,문화서12길
경상남도 창원마산합포구 문화동,1*,단독,8m미만,51.5,97.5,201505,31,"         7,420",1973,문화서8길
경상남도 창원마산합포구 문화동,*,단독,-,48.56,154,201503,24,"        12,000",1973,반월시장1길
경상남도 창원마산합포구 문화동,1*,단독,12m미만,71.37,158.7,201504,20,"        15,000",1978,고운로
경상남도 창원마산합포구 문화동,1*,단독,8m미만,202.24,405.8,201501,21,"        38,000",,문화북9길
경상남도 창원마산합포구 반월동,3*,단독,8m미만,174.99,207.7,201503,18,"        20,000",1990,반월북3길
경상남도 창원마산합포구 반월동,1*,단독,8m미만,55.21,221.8,201506,10,"        12,000",1939,반월북2길
경상남도 창원마산합포구 부림동,8*,단독,8m미만,41.82,62.8,201505,13,"         5,500",1967,
경상남도 창원마산합포구 산호동,3**,다가구,12m미만,123.6,85.3,201506,19,"        14,500",2005,해안대로
경상남도 창원마산합포구 산호동,2*,다가구,8m미만,87.3,111.4,201504,22,"        32,500",1973,산호북18길
경상남도 창원마산합포구 산호동,1*,다가구,8m미만,101.22,113.4,201504,29,"         8,950",1974,산호북11길
경상남도 창원마산합포구 산호동,2*,다가구,8m미만,102.34,127.3,201505,29,"        10,500",1974,산호시장길
경상남도 창원마산합포구 산호동,5*,다가구,12m미만,96.52,135.9,201505,11,"        16,600",1973,산호서4길
경상남도 창원마산합포구 산호동,2*,다가구,8m미만,128.82,145.2,201501,30,"        23,000",1977,산호북11길
경상남도 창원마산합포구 산호동,2*,다가구,12m미만,183.54,210.2,201506,10,"        42,900",1977,산호북1길
경상남도 창원마산합포구 산호동,4*,다가구,12m미만,378.54,228.7,201502,10,"        84,000",2014,산호남8길
경상남도 창원마산합포구 산호동,4**,단독,8m미만,28.83,40,201503,25,"         9,000",1948,합포남1길
경상남도 창원마산합포구 산호동,2*,단독,8m미만,32.86,46.4,201503,11,"         6,000",1974,산호북10길
경상남도 창원마산합포구 산호동,3**,단독,8m미만,26.12,51.2,201506,29,"         3,000",1966,회원천북길
경상남도 창원마산합포구 산호동,5*,단독,8m미만,34.6,52.89,201502,4,"         2,300",1983,산호서6길
경상남도 창원마산합포구 산호동,5**,단독,8m미만,28.5,53,201505,18,"         4,000",1956,합포북9길
경상남도 창원마산합포구 산호동,4**,단독,8m미만,24.99,56,201503,12,"         5,100",1995,합포남5길
경상남도 창원마산합포구 산호동,4**,단독,8m미만,88.7,56,201505,11,"         8,000",1982,합포남8길
경상남도 창원마산합포구 산호동,4**,단독,8m미만,17.85,63,201504,16,"         5,300",1965,합포북10길
경상남도 창원마산합포구 산호동,5**,단독,8m미만,27.4,79,201503,3,"         7,300",1964,회원천북길
경상남도 창원마산합포구 산호동,5**,단독,8m미만,27.4,79,201505,13,"         7,800",1964,회원천북길
경상남도 창원마산합포구 산호동,1*,단독,8m미만,55.01,82.6,201504,24,"         8,300",1974,산호북17길
경상남도 창원마산합포구 산호동,1*,단독,8m미만,84.5,82.6,201504,24,"         8,500",,산호북17길
경상남도 창원마산합포구 산호동,2**,단독,12m미만,86.84,89,201501,24,"        30,500",1969,합포북1길
경상남도 창원마산합포구 산호동,5*,단독,8m미만,91.2,91.2,201506,9,"        12,000",1973,산호서6길
경상남도 창원마산합포구 산호동,5*,단독,8m미만,57.79,92.6,201504,7,"        10,700",1973,산호서3길
경상남도 창원마산합포구 산호동,5*,단독,12m미만,108.5,95.9,201505,14,"        17,200",1978,바냇들1길
경상남도 창원마산합포구 산호동,6**,단독,25m미만,103.7,96,201503,4,"        12,000",1997,용마로
경상남도 창원마산합포구 산호동,5*,단독,8m미만,44.66,96.5,201506,29,"         6,500",1973,산호서6길
경상남도 창원마산합포구 산호동,2*,단독,12m미만,39.77,97.5,201504,27,"         7,500",2001,산호북1길
경상남도 창원마산합포구 산호동,4**,단독,8m미만,29.75,99,201503,5,"        10,000",1960,합포북10길
경상남도 창원마산합포구 산호동,4*,단독,8m미만,39.04,99.2,201503,2,"        10,000",1973,산호서2길
경상남도 창원마산합포구 산호동,2*,단독,12m미만,124.56,99.2,201503,11,"        10,000",1976,산호시장길
경상남도 창원마산합포구 산호동,*,단독,8m미만,110.61,105.5,201503,5,"        11,000",1974,산호북18길
경상남도 창원마산합포구 산호동,4*,단독,8m미만,98.96,105.8,201503,9,"        20,900",1970,산호남5길
경상남도 창원마산합포구 산호동,4*,단독,8m미만,134.48,105.8,201503,2,"        16,700",1992,산호서2길
경상남도 창원마산합포구 산호동,4**,단독,8m미만,48.17,109,201504,4,"        11,200",1973,합포북5길
경상남도 창원마산합포구 산호동,2*,단독,8m미만,99.06,109.1,201504,17,"        23,000",1978,산호북18길
경상남도 창원마산합포구 산호동,4*,단독,8m미만,95.16,112.4,201504,9,"        14,000",1986,산호남3길
경상남도 창원마산합포구 산호동,4*,단독,12m미만,112.15,113.7,201505,10,"        17,000",1973,산호서2길
경상남도 창원마산합포구 산호동,5*,단독,8m미만,65.16,114.7,201502,27,"         9,000",1973,산호서4길
경상남도 창원마산합포구 산호동,3*,단독,25m미만,116.24,115.2,201503,24,"        31,000",1976,산호남로
경상남도 창원마산합포구 산호동,4**,단독,8m미만,66.05,117,201506,25,"        10,600",1956,허당로
경상남도 창원마산합포구 산호동,1*,단독,8m미만,68,125,201503,26,"         5,600",1978,
경상남도 창원마산합포구 산호동,2*,단독,12m미만,127.54,128.9,201503,24,"        37,500",1976,산호북15길
경상남도 창원마산합포구 산호동,1*,단독,8m미만,143.49,132,201503,18,"        24,300",1994,산호북1길
경상남도 창원마산합포구 산호동,4*,단독,8m미만,120.03,132.6,201503,10,"        23,500",1979,산호남3길
경상남도 창원마산합포구 산호동,2*,단독,8m미만,140.14,142.1,201503,9,"        23,000",1974,산호북9길
경상남도 창원마산합포구 산호동,3*,단독,12m미만,156.55,142.5,201506,24,"        32,000",1974,산호북14길
경상남도 창원마산합포구 산호동,2*,단독,8m미만,128.82,145.2,201506,22,"        30,000",1977,산호북11길
경상남도 창원마산합포구 산호동,2*,단독,8m미만,121.85,148.3,201503,16,"        25,000",1977,산호북8길
경상남도 창원마산합포구 산호동,4*,단독,12m미만,129.3,148.8,201503,12,"        24,000",1977,산호남8길
경상남도 창원마산합포구 산호동,4*,단독,8m미만,142.33,149.7,201505,15,"        19,800",1976,용마로
경상남도 창원마산합포구 산호동,1*,단독,8m미만,150.84,158.7,201503,18,"        27,600",1976,산호북2길
경상남도 창원마산합포구 산호동,1*,단독,12m미만,155.66,159.3,201503,26,"        35,500",1993,산호북1길
경상남도 창원마산합포구 산호동,3*,단독,12m미만,59.93,162,201505,14,"        20,000",1973,산호남2길
경상남도 창원마산합포구 산호동,1*,단독,8m미만,152.37,162.2,201504,11,"        22,500",1987,산호북11길
경상남도 창원마산합포구 산호동,2*,단독,8m미만,95.94,163,201504,4,"        14,500",1973,산호북11길
경상남도 창원마산합포구 산호동,2*,단독,8m미만,89.52,165.3,201506,2,"        17,800",1976,산호북16길
경상남도 창원마산합포구 산호동,2*,단독,8m미만,89.52,165.3,201503,20,"        18,500",1976,산호북16길
경상남도 창원마산합포구 산호동,2*,단독,8m미만,189.28,165.3,201504,11,"        20,000",1994,산호북10길
경상남도 창원마산합포구 산호동,1*,단독,8m미만,151.48,166.6,201503,26,"        24,700",1974,산호북2길
경상남도 창원마산합포구 산호동,5*,단독,8m미만,94.85,168.6,201506,6,"        18,000",1983,산호서7길
경상남도 창원마산합포구 산호동,2*,단독,12m미만,193.82,178.5,201502,13,"        56,500",1974,산호북15길
경상남도 창원마산합포구 산호동,3*,단독,12m미만,130.11,184.1,201505,6,"        27,500",1978,산호남2길
경상남도 창원마산합포구 산호동,2*,단독,8m미만,164.89,193.6,201503,13,"        22,900",1978,산호북18길
경상남도 창원마산합포구 산호동,5**,단독,8m미만,113.85,202,201501,9,"        17,000",1977,합포북21길
경상남도 창원마산합포구 산호동,3*,단독,25m미만,280.75,261.5,201504,7,"        52,500",1980,산호남로
경상남도 창원마산합포구 산호동,1*,단독,8m미만,505.78,287.9,201506,4,"        35,400",1971,산호북17길
경상남도 창원마산합포구 산호동,5*,단독,8m미만,462.59,294.8,201503,12,"        42,000",1992,산호서5길
경상남도 창원마산합포구 상남동,1**,다가구,8m미만,59.84,56,201503,23,"         7,800",2004,회원천남길
경상남도 창원마산합포구 상남동,1**,다가구,8m미만,59.84,56,201501,30,"         7,500",2004,회원천남길
경상남도 창원마산합포구 상남동,2**,다가구,8m미만,129.6,106,201505,8,"        13,000",2002,합포서7길
경상남도 창원마산합포구 상남동,1**,단독,8m미만,52.58,30,201506,9,"         2,800",1983,회원천남길
경상남도 창원마산합포구 상남동,2**,단독,8m미만,22.31,38,201505,12,"         4,150",1946,
경상남도 창원마산합포구 상남동,1**,단독,8m미만,39.67,50,201503,2,"         3,400",1940,노산동6길
경상남도 창원마산합포구 상남동,1**,단독,8m미만,15.87,76,201502,6,"         8,000",1939,합포서12길
경상남도 창원마산합포구 상남동,8*,단독,25m미만,157.68,76,201505,4,"        20,500",1971,북성로
경상남도 창원마산합포구 상남동,2**,단독,8m미만,32.5,79,201504,7,"         9,100",1958,합포서7길
경상남도 창원마산합포구 상남동,1**,단독,8m미만,22.02,83,201501,20,"         7,300",1958,합포서11길
경상남도 창원마산합포구 상남동,1**,단독,8m미만,129.54,99,201502,11,"        12,900",1992,노산동5길
경상남도 창원마산합포구 상남동,7*,단독,8m미만,43.24,104,201505,15,"        10,300",1969,노산남2길
경상남도 창원마산합포구 상남동,2**,단독,8m미만,129.6,106,201506,4,"        13,300",2002,합포서7길
경상남도 창원마산합포구 상남동,2*,단독,8m미만,99.18,116,201504,27,"        23,000",2014,노산북1길
경상남도 창원마산합포구 상남동,2**,단독,8m미만,40.26,119,201506,9,"         8,000",1989,
경상남도 창원마산합포구 상남동,3*,단독,8m미만,109.62,124,201504,10,"        13,000",1977,노산북3길
경상남도 창원마산합포구 상남동,7*,단독,8m미만,125.15,128,201506,17,"        15,500",1988,노산북8길
경상남도 창원마산합포구 상남동,5*,단독,8m미만,114.75,129,201506,5,"        15,000",1977,상남시장로
경상남도 창원마산합포구 상남동,5*,단독,8m미만,124.99,131,201503,31,"        16,000",1977,노산동8길
경상남도 창원마산합포구 상남동,1**,단독,8m미만,49.72,142,201506,10,"         7,000",1956,노산동5길
경상남도 창원마산합포구 상남동,4*,단독,8m미만,148.19,149,201501,30,"        12,700",1979,회원천남길
경상남도 창원마산합포구 상남동,6*,단독,8m미만,169.55,156,201506,19,"        25,954",1989,노산동2길
경상남도 창원마산합포구 상남동,5*,단독,25m미만,154.94,166,201503,26,"        28,300",1978,상남시장로
경상남도 창원마산합포구 상남동,1**,단독,8m미만,94.68,175,201501,5,"        20,000",1980,노산동3길
경상남도 창원마산합포구 상남동,5*,단독,25m미만,139.44,197,201506,1,"        19,000",1964,상남시장로
경상남도 창원마산합포구 상남동,1**,단독,8m미만,74.51,199,201506,30,"        16,700",1940,노산남6길
경상남도 창원마산합포구 상남동,1**,단독,8m미만,77.77,542,201506,15,"        51,800",1971,노산남6길
경상남도 창원마산합포구 서성동,8*,단독,-,16.9,23.1,201506,30,"         3,000",1963,동서남3길
경상남도 창원마산합포구 서성동,5*,단독,8m미만,46.44,48.5,201503,7,"         6,400",1972,동서북1길
경상남도 창원마산합포구 서성동,8*,단독,12m미만,91.37,86,201506,25,"        18,500",1987,동서남2길
경상남도 창원마산합포구 서성동,*,단독,12m미만,165.34,122.3,201501,5,"        20,350",1960,남성로
경상남도 창원마산합포구 서성동,*,단독,8m미만,36.43,231.4,201504,14,"        12,000",1946,동서북5길
경상남도 창원마산합포구 성호동,2*,다가구,8m미만,107.52,119,201505,21,"        21,000",1993,성호북3길
경상남도 창원마산합포구 성호동,1*,단독,8m미만,17.19,39,201502,3,"         4,500",1944,
경상남도 창원마산합포구 성호동,9*,단독,-,19.32,56,201506,18,"         4,600",1960,성호서9길
경상남도 창원마산합포구 성호동,3*,단독,8m미만,29.49,79,201501,31,"         9,000",1967,성호북4길
경상남도 창원마산합포구 성호동,*,단독,-,33.06,79,201506,29,"         8,300",1968,성호서11길
경상남도 창원마산합포구 성호동,5*,단독,8m미만,84.35,80,201501,9,"         8,300",2001,성호서5길
경상남도 창원마산합포구 성호동,3*,단독,8m미만,31.74,83,201505,27,"        10,000",1939,천하장사로
경상남도 창원마산합포구 성호동,*,단독,-,55.54,102,201503,18,"         6,000",1974,성호서13길
경상남도 창원마산합포구 성호동,7*,단독,8m미만,111.07,114,201505,19,"        14,500",1972,성호동2길
경상남도 창원마산합포구 성호동,3*,단독,8m미만,41.81,126,201501,8,"        13,800",1950,성호북4길
경상남도 창원마산합포구 성호동,5*,단독,8m미만,80.25,133,201502,4,"        13,500",1999,성호서6길
경상남도 창원마산합포구 성호동,3*,단독,8m미만,57.25,169,201502,12,"        18,300",1967,교방천남길
경상남도 창원마산합포구 성호동,5*,단독,8m미만,453.52,233,201506,10,"        30,000",1987,문신길
경상남도 창원마산합포구 수성동,4*,단독,8m미만,589.88,201.7,201503,19,"        47,000",1992,동서북11길
경상남도 창원마산합포구 신월동,4*,다가구,8m미만,104.17,119,201506,23,"         8,000",1990,반월서11길
경상남도 창원마산합포구 신월동,4*,단독,-,43.85,94,201503,1,"        11,500",1992,반월서10길
경상남도 창원마산합포구 신월동,3*,단독,8m미만,84.06,96,201503,27,"         8,500",1998,반월북7길
경상남도 창원마산합포구 신창동,*,다가구,12m미만,628.77,376.9,201501,20,"       139,500",2014,문화북3길
경상남도 창원마산합포구 신창동,*,단독,8m미만,17.45,23.1,201502,16,"         3,000",1939,반월남2길
경상남도 창원마산합포구 신창동,*,단독,12m미만,217.02,211.6,201504,15,"        37,000",1979,문화북4길
경상남도 창원마산합포구 신창동,*,단독,12m미만,122.24,232.4,201505,24,"        31,200",1967,문화북4길
경상남도 창원마산합포구 신흥동,*,다가구,8m미만,308.72,187,201503,6,"        62,000",2013,중앙남3길
경상남도 창원마산합포구 신흥동,*,단독,-,29.22,40,201503,10,"         3,000",1963,중앙남8길
경상남도 창원마산합포구 신흥동,*,단독,8m미만,28.89,95.9,201502,13,"         6,000",1967,중앙남9길
경상남도 창원마산합포구 예곡동,3**,단독,8m미만,46.28,167,201503,16,"         5,700",2001,예곡길
경상남도 창원마산합포구 예곡동,3**,단독,8m미만,56.2,294,201503,16,"        14,500",1930,예곡길
경상남도 창원마산합포구 예곡동,2**,단독,-,42.98,314,201505,19,"         6,000",1927,예곡길
경상남도 창원마산합포구 예곡동,1***,단독,8m미만,191.32,1021,201501,5,"        35,000",2005,두릉길
경상남도 창원마산합포구 오동동,1**,다가구,8m미만,148.71,76,201505,21,"        19,500",2003,오동북17길
경상남도 창원마산합포구 오동동,2**,다가구,12m미만,112,142.1,201505,28,"        18,500",1989,오동동10길
경상남도 창원마산합포구 오동동,1*,단독,8m미만,30.55,36.4,201502,11,"         6,000",1965,오동동5길
경상남도 창원마산합포구 오동동,1**,단독,8m미만,26.45,43,201505,30,"         3,100",1938,오동북14길
경상남도 창원마산합포구 오동동,2*,단독,8m미만,24.1,56.7,201505,30,"         7,300",1963,오동북5길
경상남도 창원마산합포구 오동동,2*,단독,8m미만,61.39,59.8,201506,5,"         6,000",1975,오동북4길
경상남도 창원마산합포구 오동동,*,단독,8m미만,16.07,62.8,201505,25,"         5,200",1953,오동동8길
경상남도 창원마산합포구 오동동,*,단독,8m미만,238.8,92.6,201505,11,"        22,500",1975,오동동15길
경상남도 창원마산합포구 오동동,1**,단독,8m미만,67.54,99.2,201506,13,"        12,500",1940,오동북10길
경상남도 창원마산합포구 오동동,1**,단독,8m미만,16.53,100.8,201503,8,"         6,950",1936,오동북6길
경상남도 창원마산합포구 오동동,1**,단독,8m미만,186.44,162.3,201503,21,"        18,300",1972,오동북6길
경상남도 창원마산합포구 오동동,1*,단독,12m미만,220.36,171.9,201502,16,"        24,500",1974,오동동2길
경상남도 창원마산합포구 오동동,5*,단독,8m미만,164.49,201.7,201501,10,"        24,700",1978,오동북1길
경상남도 창원마산합포구 완월동,3**,단독,12m미만,109,30.8,201502,26,"        14,850",1940,중앙서1길
경상남도 창원마산합포구 완월동,1**,단독,8m미만,3.31,40,201502,9,"         3,000",1944,완월북9길
경상남도 창원마산합포구 완월동,1**,단독,-,21.88,56,201506,15,"         2,700",1977,완월북6길
경상남도 창원마산합포구 완월동,2**,단독,8m미만,22.81,56,201501,20,"         3,900",1939,완월동4길
경상남도 창원마산합포구 완월동,2**,단독,8m미만,19.83,60,201502,16,"         4,900",1939,완월동3길
경상남도 창원마산합포구 완월동,2**,단독,12m미만,81.94,85,201504,25,"        18,000",2014,완월북2길
경상남도 창원마산합포구 완월동,2**,단독,8m미만,42.08,88,201505,15,"        12,000",1955,완월동10길
경상남도 창원마산합포구 완월동,3**,단독,8m미만,41.32,99,201501,12,"         7,800",2001,완월남1길
경상남도 창원마산합포구 완월동,2**,단독,8m미만,46.76,99,201502,10,"         6,700",1962,완월동10길
경상남도 창원마산합포구 완월동,3**,단독,8m미만,32.76,102,201502,25,"        15,000",1962,완월남14길
경상남도 창원마산합포구 완월동,2*,단독,8m미만,55.24,109,201506,16,"         6,000",1976,완월동19길
경상남도 창원마산합포구 완월동,3**,단독,8m미만,124,113,201502,27,"        19,000",1988,중앙남8길
경상남도 창원마산합포구 완월동,2*,단독,8m미만,72.3,115,201506,8,"         9,100",1968,완월동19길
경상남도 창원마산합포구 완월동,3**,단독,8m미만,64.3,125,201506,7,"         8,800",1977,완월남10길
경상남도 창원마산합포구 완월동,3**,단독,8m미만,81.26,140,201501,27,"        12,900",1978,완월남11길
경상남도 창원마산합포구 완월동,*,단독,8m미만,158,149,201502,4,"        27,700",1984,고운로
경상남도 창원마산합포구 완월동,2**,단독,8m미만,129.52,155,201506,12,"        16,900",1979,완월남로
경상남도 창원마산합포구 완월동,3**,단독,8m미만,126.93,164,201506,24,"        25,000",1997,완월남3길
경상남도 창원마산합포구 완월동,2**,단독,12m미만,37.19,209,201506,3,"        24,000",1954,완월북2길
경상남도 창원마산합포구 완월동,2**,단독,8m미만,71.7,212,201504,30,"         9,600",1947,완월동3길
경상남도 창원마산합포구 완월동,2*,단독,8m미만,266.13,216,201506,16,"        25,000",1990,자산남14길
경상남도 창원마산합포구 월남동1가,1*,단독,25m미만,64.04,106.4,201501,15,"        19,500",1938,3·15대로
경상남도 창원마산합포구 월남동2가,5*,단독,12m미만,27.77,62.8,201503,14,"         6,800",1939,문화동5길
경상남도 창원마산합포구 월남동2가,1*,단독,12m미만,174.66,161,201502,9,"        36,500",1972,문화동4길
경상남도 창원마산합포구 월남동3가,1*,단독,25m미만,58.52,59.5,201502,24,"        14,700",1955,
경상남도 창원마산합포구 월영동,6**,다가구,12m미만,131.05,142,201503,17,"        27,900",1979,월영남18길
경상남도 창원마산합포구 월영동,6**,다가구,8m미만,109.63,148,201504,28,"        15,800",1982,월영남19길
경상남도 창원마산합포구 월영동,*,단독,8m미만,27.15,34,201506,23,"         3,100",1969,문화북6길
경상남도 창원마산합포구 월영동,7*,단독,8m미만,33.8,46,201501,24,"         3,900",1978,문화서13길
경상남도 창원마산합포구 월영동,6**,단독,25m미만,51.94,86,201501,9,"        17,000",1970,가포로
경상남도 창원마산합포구 월영동,4**,단독,8m미만,25.79,89,201504,23,"         8,000",2010,월영북10길
경상남도 창원마산합포구 월영동,6**,단독,8m미만,49.19,93,201505,10,"         9,800",1974,월영남4길
경상남도 창원마산합포구 월영동,3**,단독,8m미만,111.95,96,201503,30,"         8,400",1993,월영북2길
경상남도 창원마산합포구 월영동,5**,단독,8m미만,54.85,104,201505,8,"         6,000",1982,월영남8길
경상남도 창원마산합포구 월영동,4**,단독,8m미만,111.64,116,201504,13,"        25,000",1977,월영북1길
경상남도 창원마산합포구 월영동,5**,단독,25m미만,307.94,129,201504,27,"        40,000",1990,밤밭고개로
경상남도 창원마산합포구 월영동,6**,단독,8m미만,121.65,136,201506,7,"        17,500",1979,월영남18길
경상남도 창원마산합포구 월영동,6**,단독,8m미만,69.6,142,201504,4,"        15,000",1983,월영남17길
경상남도 창원마산합포구 월영동,6**,단독,12m미만,178.58,172,201505,21,"        39,800",1980,월영남18길
경상남도 창원마산합포구 월영동,5**,단독,8m미만,178.38,185,201501,8,"        27,500",1995,월영남3길
경상남도 창원마산합포구 월영동,6**,단독,12m미만,122.02,201,201506,2,"        27,000",1979,월영남14길
경상남도 창원마산합포구 월포동,*,단독,8m미만,42.29,46,201506,8,"         8,350",1978,반월동3길
경상남도 창원마산합포구 월포동,*,단독,8m미만,48,138.8,201502,13,"         7,400",1958,
경상남도 창원마산합포구 월포동,*,단독,8m미만,83.82,142.1,201502,11,"         8,400",1995,3·15대로
경상남도 창원마산합포구 자산동,3**,단독,8m미만,29.75,36,201501,21,"         2,200",1980,
경상남도 창원마산합포구 자산동,1**,단독,8m미만,19.17,46,201506,9,"         3,600",1956,자산서1길
경상남도 창원마산합포구 자산동,3**,단독,25m미만,29.62,46,201506,11,"         7,100",1950,심온길
경상남도 창원마산합포구 자산동,3**,단독,25m미만,29.62,46,201503,25,"         7,000",1950,심온길
경상남도 창원마산합포구 자산동,3**,단독,25m미만,59.24,63,201506,25,"         8,500",1971,자산남10길
경상남도 창원마산합포구 자산동,1**,단독,8m미만,40.13,76,201506,26,"         8,500",1939,자산동1길
경상남도 창원마산합포구 자산동,1**,단독,8m미만,53.19,83,201502,26,"         7,500",1968,자산동3길
경상남도 창원마산합포구 자산동,2**,단독,8m미만,84.54,86,201503,9,"         5,500",1989,자산서9길
경상남도 창원마산합포구 자산동,2**,단독,25m미만,141.89,86,201506,18,"        15,000",1990,심온길
경상남도 창원마산합포구 자산동,3**,단독,25m미만,43,106,201506,4,"        15,000",1968,자산남로
경상남도 창원마산합포구 자산동,2**,단독,8m미만,71.24,106,201503,29,"         9,200",1975,자산서5길
경상남도 창원마산합포구 자산동,3**,단독,25m미만,127.04,114,201502,26,"        39,000",1978,자산삼거리로
경상남도 창원마산합포구 자산동,3**,단독,25m미만,73.55,116,201502,17,"        17,850",2009,심온길
경상남도 창원마산합포구 자산동,3**,단독,8m미만,35.7,120,201501,17,"         7,900",1963,자산남13길
경상남도 창원마산합포구 자산동,2**,단독,8m미만,49.1,129,201504,22,"         7,000",1973,자산서4길
경상남도 창원마산합포구 자산동,2**,단독,25m미만,230.51,152,201503,30,"        49,640",1997,심온길
경상남도 창원마산합포구 자산동,3**,단독,8m미만,293.41,171.6,201503,1,"        34,500",1993,자산서14길
경상남도 창원마산합포구 자산동,3**,단독,25m미만,70.77,172,201503,5,"        16,900",1988,자산남10길
경상남도 창원마산합포구 자산동,4*,단독,8m미만,223.38,185,201506,1,"        22,000",1997,자산동4길
경상남도 창원마산합포구 장군동1가,*,단독,8m미만,45.69,135.5,201502,11,"        12,000",1971,반월북4길
경상남도 창원마산합포구 장군동2가,1*,단독,8m미만,150.13,84.3,201506,19,"        15,000",1988,중앙남9길
경상남도 창원마산합포구 장군동3가,*,단독,12m미만,30.41,62.8,201504,20,"        11,000",1955,중앙서1길
경상남도 창원마산합포구 장군동4가,2*,단독,12m미만,29.75,42,201503,5,"         9,000",,완월동7길
경상남도 창원마산합포구 장군동4가,2*,단독,8m미만,128.4,161.9,201505,28,"        12,000",1977,장장군로
경상남도 창원마산합포구 장군동5가,*,단독,8m미만,37.88,82.8,201502,28,"         5,000",1977,완월동7길
경상남도 창원마산합포구 장군동5가,*,단독,8m미만,85.49,95.1,201503,23,"         9,400",1984,완월동17길
경상남도 창원마산합포구 장군동5가,1*,단독,8m미만,99.44,95.9,201504,17,"        17,900",1971,완월동7길
경상남도 창원마산합포구 장군동5가,1*,단독,8m미만,57.42,99.2,201502,11,"        25,700",1940,완월동7길
경상남도 창원마산합포구 장군동5가,1*,단독,8m미만,95.85,106.4,201504,3,"        13,000",1972,고운로
경상남도 창원마산합포구 장군동5가,1*,단독,8m미만,45.78,168.6,201503,27,"        19,300",1954,고운로
경상남도 창원마산합포구 장군동5가,*,단독,8m미만,137.08,203.3,201503,10,"        25,000",1977,완월동17길
경상남도 창원마산합포구 중성동,1*,단독,8m미만,16.53,52.9,201506,22,"         9,400",1939,오동서17길
경상남도 창원마산합포구 중앙동1가,1*,단독,8m미만,59.77,45.6,201501,28,"         6,050",1982,반월남2길
경상남도 창원마산합포구 중앙동1가,*,단독,8m미만,59.87,118.3,201506,17,"         7,200",1973,반월동2길
경상남도 창원마산합포구 중앙동2가,*,단독,8m미만,22.01,59.5,201501,13,"        14,500",1963,3·15대로
경상남도 창원마산합포구 진동면 고현리,3**,단독,8m미만,41,100.6,201506,9,"         6,000",1952,미더덕로
경상남도 창원마산합포구 진동면 교동리,4*,단독,8m미만,155.04,502,201502,23,"        22,700",2002,교동3길
경상남도 창원마산합포구 진동면 교동리,2*,단독,8m미만,352.81,991,201501,15,"        28,500",1995,교동3길
경상남도 창원마산합포구 진동면 다구리,3*,단독,8m미만,49.5,186,201503,16,"         2,000",1945,도만1길
경상남도 창원마산합포구 진동면 동전리,7**,단독,8m미만,83.1,337,201501,8,"        11,000",,동전길
경상남도 창원마산합포구 진동면 사동리,9*,단독,8m미만,68.53,83,201505,4,"         3,712",1992,사동길
경상남도 창원마산합포구 진동면 신기리,2**,단독,-,39,56,201504,10,"         1,000",1983,신기남산길
경상남도 창원마산합포구 진동면 신기리,4**,단독,8m미만,45.8,126,201501,5,"         5,700",1973,신기남산길
경상남도 창원마산합포구 진동면 신기리,4**,단독,8m미만,70,285,201504,3,"         9,000",1978,신기남산길
경상남도 창원마산합포구 진동면 신기리,3**,단독,8m미만,67.1,433,201501,20,"        12,000",1978,신기남산길
경상남도 창원마산합포구 진동면 신기리,4**,단독,8m미만,14.4,450,201502,6,"        10,500",1962,신기남산길
경상남도 창원마산합포구 진동면 신기리,4**,단독,8m미만,14.4,450,201501,19,"        10,000",1962,신기남산길
경상남도 창원마산합포구 진동면 요장리,3*,단독,8m미만,80.97,208,201502,12,"        13,000",2004,주도해안길
경상남도 창원마산합포구 진동면 요장리,2**,단독,8m미만,128.71,308,201503,25,"         9,000",1988,광암2길
경상남도 창원마산합포구 진동면 요장리,5**,단독,8m미만,210.99,661,201506,6,"        28,000",1997,광암1길
경상남도 창원마산합포구 진동면 요장리,4**,단독,8m미만,99.72,800,201506,22,"        28,000",2007,해양관광로
경상남도 창원마산합포구 진동면 진동리,4**,다가구,12m미만,379.13,197.5,201504,15,"        56,000",2011,신서촌4길
경상남도 창원마산합포구 진동면 진동리,6**,다가구,12m미만,403.73,211.8,201504,7,"        62,700",2013,신서촌1길
경상남도 창원마산합포구 진동면 진동리,6**,다가구,12m미만,403.73,212.6,201506,17,"        64,000",2013,신서촌1길
경상남도 창원마산합포구 진동면 진동리,4**,다가구,12m미만,321.3,215,201506,26,"        56,500",2012,신서촌로
경상남도 창원마산합포구 진동면 진동리,4**,다가구,12m미만,489.21,252.9,201504,2,"        89,000",2014,신서촌2길
경상남도 창원마산합포구 진동면 진동리,8**,다가구,8m미만,434.88,253,201501,21,"        52,800",2010,서촌바다길
경상남도 창원마산합포구 진동면 진동리,8**,다가구,8m미만,417.01,261,201503,3,"        52,000",2010,서촌바다길
경상남도 창원마산합포구 진동면 진동리,6**,다가구,12m미만,479.08,276.7,201502,5,"        87,000",2014,신서촌3길
경상남도 창원마산합포구 진동면 진동리,4**,다가구,12m미만,540.47,344.1,201504,21,"        75,000",2013,신서촌4길
경상남도 창원마산합포구 진동면 진동리,1**,다가구,12m미만,600.53,376,201504,8,"        88,000",2013,신성산3길
경상남도 창원마산합포구 진동면 진동리,5**,단독,8m미만,49.68,83,201503,6,"         8,300",1996,성산안길
경상남도 창원마산합포구 진동면 진동리,4**,단독,12m미만,63.33,108,201502,1,"         9,872",1982,서촌숲끝길
경상남도 창원마산합포구 진동면 진동리,5**,단독,8m미만,70.39,128,201506,13,"         9,000",1983,성산길
경상남도 창원마산합포구 진동면 진동리,3**,단독,8m미만,61,129,201506,25,"         5,500",,서동촌길
경상남도 창원마산합포구 진동면 진동리,6**,단독,12m미만,370.69,155.7,201505,1,"        59,000",2014,신서촌4길
경상남도 창원마산합포구 진동면 진동리,4**,단독,8m미만,69.78,166,201501,30,"         5,000",1980,서촌길
경상남도 창원마산합포구 진동면 진동리,3**,단독,8m미만,37.45,173,201506,30,"         7,200",1975,서동촌길
경상남도 창원마산합포구 진동면 진동리,2**,단독,8m미만,96.68,187,201505,30,"        22,800",2011,성산안길
경상남도 창원마산합포구 진동면 진동리,6**,단독,12m미만,406.8,241.6,201506,19,"        64,500",2013,신서촌4길
경상남도 창원마산합포구 진동면 진동리,6**,단독,12m미만,467.52,258.6,201506,22,"        69,000",2013,신서촌1길
경상남도 창원마산합포구 진동면 진동리,4**,단독,25m미만,536.02,280,201505,4,"        81,500",2013,신서촌2길
경상남도 창원마산합포구 진동면 진동리,4**,단독,8m미만,152.46,282,201504,1,"        21,250",1992,삼진의거대로
경상남도 창원마산합포구 진동면 진동리,6**,단독,12m미만,639.24,356.8,201504,6,"       103,500",2012,신서촌1길
경상남도 창원마산합포구 진동면 진동리,4**,단독,8m미만,989.58,574,201504,29,"        41,000",1994,서촌길
경상남도 창원마산합포구 진동면 진동리,3**,단독,8m미만,119.8,611,201506,18,"        22,000",1996,해양관광로
경상남도 창원마산합포구 진동면 태봉리,6*,단독,8m미만,85.45,329,201501,5,"        12,000",1997,태봉1길
경상남도 창원마산합포구 진동면 태봉리,1**,단독,8m미만,135.21,506,201505,7,"        15,000",1960,오산2길
경상남도 창원마산합포구 진북면 대티리,7**,단독,8m미만,163.82,436,201505,21,"        26,000",2008,대티1길
경상남도 창원마산합포구 진북면 대평리,2**,단독,8m미만,88.62,337,201505,26,"        10,000",1998,대평안길
경상남도 창원마산합포구 진북면 대평리,2**,단독,8m미만,106.45,731,201505,14,"        23,800",2005,대평길
경상남도 창원마산합포구 진북면 망곡리,1**,단독,8m미만,23.8,108,201501,15,"         3,000",1953,연동3길
경상남도 창원마산합포구 진북면 망곡리,1**,단독,8m미만,90.01,343,201504,16,"        16,000",2015,연동로
경상남도 창원마산합포구 진북면 부평리,1**,단독,8m미만,199.63,682,201503,17,"        29,000",2003,진북산업로
경상남도 창원마산합포구 진북면 예곡리,2**,단독,8m미만,92.79,530,201505,26,"        19,000",2011,동삼길
경상남도 창원마산합포구 진북면 이목리,1**,단독,8m미만,11.9,56,201504,4,"         1,500",1960,학동로
경상남도 창원마산합포구 진북면 이목리,9*,단독,8m미만,29.42,891,201504,16,"        16,100",1965,학동로
경상남도 창원마산합포구 진북면 지산리,2**,단독,8m미만,49.08,106,201504,9,"         6,400",1989,지산1길
경상남도 창원마산합포구 진북면 지산리,2**,단독,8m미만,36.36,238,201506,1,"         4,300",1940,지산3길
경상남도 창원마산합포구 진북면 지산리,2**,단독,8m미만,127.86,251,201506,25,"        12,100",1994,지산4길
경상남도 창원마산합포구 진북면 추곡리,4**,단독,8m미만,86.31,304,201502,25,"        11,200",2008,추곡2길
경상남도 창원마산합포구 진북면 추곡리,8**,단독,8m미만,84.44,318,201503,20,"         5,500",1990,추곡1길
경상남도 창원마산합포구 진전면 고사리,1**,단독,8m미만,33.84,277,201501,26,"         2,000",1958,의산삼일로
경상남도 창원마산합포구 진전면 곡안리,1**,단독,8m미만,99.17,545,201502,24,"         8,250",1940,곡안2길
경상남도 창원마산합포구 진전면 동산리,1**,단독,8m미만,121.23,595,201503,10,"        18,000",2013,동산1길
경상남도 창원마산합포구 진전면 시락리,3**,단독,12m미만,809.94,742,201502,4,"        68,000",1995,진전정곡길
경상남도 창원마산합포구 진전면 여양리,4**,단독,8m미만,42.63,304,201506,1,"         4,500",1952,둔덕안담길
경상남도 창원마산합포구 진전면 오서리,6**,단독,12m미만,89.26,426,201506,25,"         5,500",1935,대실로
경상남도 창원마산합포구 진전면 일암리,6**,단독,8m미만,105.79,841,201503,29,"        16,000",1955,적석산길
경상남도 창원마산합포구 진전면 평암리,4**,단독,8m미만,146.64,545,201506,2,"        16,550",2006,평암로
경상남도 창원마산합포구 창동,7*,단독,8m미만,163.05,112.4,201506,16,"        11,000",1988,동서북13길
경상남도 창원마산합포구 창포동3가,*,다가구,12m미만,548.49,371.4,201504,21,"       138,800",,문화동13길
경상남도 창원마산합포구 추산동,6*,단독,8m미만,84.23,77.6,201502,6,"         8,800",1995,성호남2길
경상남도 창원마산합포구 추산동,7*,단독,8m미만,49.16,89.3,201504,14,"         6,500",1982,성호남7길
경상남도 창원마산합포구 추산동,2*,단독,8m미만,103.9,92.4,201506,22,"        11,800",1990,성호동5길
경상남도 창원마산합포구 추산동,7*,단독,8m미만,30.41,122,201504,8,"        12,370",1950,
경상남도 창원마산합포구 추산동,5*,단독,8m미만,110.82,153.7,201505,11,"        23,000",1977,성호남2길
경상남도 창원마산합포구 추산동,7*,단독,8m미만,98.51,267.8,201504,15,"        22,500",1965,성호남4길
경상남도 창원마산합포구 평화동,*,단독,8m미만,46.31,56.5,201502,28,"         8,600",1982,반월시장1길
경상남도 창원마산합포구 평화동,*,단독,-,57.94,69.1,201502,15,"         6,840",1982,반월시장1길
경상남도 창원마산합포구 평화동,1*,단독,8m미만,75.24,98.9,201503,20,"        13,000",1983,문화북5길
경상남도 창원마산합포구 현동,1***,단독,8m미만,117.03,234,201504,20,"        40,000",1995,옥동길
경상남도 창원마산합포구 현동,2**,단독,8m미만,55.4,254.9,201505,7,"        27,000",2014,
경상남도 창원마산합포구 현동,1***,단독,8m미만,176.74,272,201504,27,"        20,700",2007,옥동길
경상남도 창원마산합포구 홍문동,*,다가구,12m미만,451.26,266.1,201506,10,"        95,000",2015,문화남4길
경상남도 창원마산합포구 화영동,*,단독,25m미만,96.6,85.6,201503,2,"         8,000",1997,월영북로
경상남도 창원마산합포구 화영동,*,단독,8m미만,52.4,99.2,201502,6,"         8,500",1940,문화남11길
