NO,시군구,번지,주택유형,도로조건,연면적(㎡),대지면적(㎡),계약년월,계약일,거래금액(만원),매수자,매도자,건축년도,도로명,해제사유발생일,거래유형,중개사소재지
1,경상남도 창원시 진해구 경화동,1***,단독,12m미만,66.18,75.60,202112,30,"9,600",-,-,1967,경화로7번길,-,중개거래,경남 창원성산구 경남 창원진해구
2,경상남도 창원시 진해구 제황산동,2*,단독,8m미만,41.25,106.00,202112,29,"8,218",-,-,1955,벚꽃로50번길,-,직거래,-
3,경상남도 창원시 진해구 마천동,9*,다가구,12m미만,666.24,340.00,202112,28,"95,000",-,-,2003,마천로,-,중개거래,경남 창원진해구
4,경상남도 창원시 진해구 자은동,6**,단독,12m미만,89.37,266.00,202112,27,"85,000",-,-,1985,진해대로979번길,-,직거래,-
5,경상남도 창원시 진해구 안골동,5**,단독,8m미만,33.00,73.00,202112,27,"6,200",-,-,1989,안골로220번가길,20220214,직거래,-
6,경상남도 창원시 진해구 자은동,6**,단독,12m미만,89.37,266.00,202112,27,"86,500",-,-,1985,진해대로979번길,-,직거래,-
7,경상남도 창원시 진해구 남문동,4**,단독,8m미만,91.25,251.00,202112,26,"24,000",-,-,1999,웅천동로49번길,-,중개거래,경남 창원진해구
8,경상남도 창원시 진해구 자은동,7**,단독,8m미만,118.89,478.00,202112,26,"114,200",-,-,2001,진해대로979번길,-,직거래,-
9,경상남도 창원시 진해구 석동,2**,다가구,8m미만,234.33,188.90,202112,25,"30,500",-,-,2004,진해대로802번길,-,중개거래,경남 창원진해구
10,경상남도 창원시 진해구 자은동,8**,단독,8m미만,128.16,214.30,202112,24,"29,000",-,-,1996,자은로28번길,-,중개거래,경남 창원진해구
11,경상남도 창원시 진해구 여좌동,8**,단독,8m미만,23.93,202.30,202112,24,"7,200",-,-,1955,충장로,-,직거래,-
12,경상남도 창원시 진해구 충의동,*,단독,12m미만,63.68,158.70,202112,23,"21,000",-,-,1938,중원로16번길,-,중개거래,경남 창원진해구
13,경상남도 창원시 진해구 여좌동,1**,단독,12m미만,118.34,125.70,202112,23,"14,500",-,-,1978,여좌로58번길,-,중개거래,경남 창원진해구
14,경상남도 창원시 진해구 태평동,8*,단독,12m미만,1593.94,523.40,202112,22,"72,000",-,-,1998,속천로,-,중개거래,경남 창원진해구
15,경상남도 창원시 진해구 이동,6**,단독,8m미만,189.50,269.80,202112,20,"34,000",-,-,1992,충장로426번길,-,직거래,-
16,경상남도 창원시 진해구 숭인동,1*,단독,12m미만,14.78,79.30,202112,19,"4,000",-,-,1965,,-,직거래,-
17,경상남도 창원시 진해구 숭인동,1*,단독,12m미만,81.64,92.60,202112,19,"7,900",-,-,1971,중원로10번길,-,직거래,-
18,경상남도 창원시 진해구 이동,5**,단독,8m미만,67.32,127.00,202112,19,"11,300",-,-,1984,병암로29번길,-,중개거래,경남 창원진해구
19,경상남도 창원시 진해구 경화동,9**,단독,8m미만,174.49,232.00,202112,18,"20,000",-,-,1985,충장로363번길,-,중개거래,경남 창원진해구
20,경상남도 창원시 진해구 여좌동,1**,단독,12m미만,288.10,174.80,202112,15,"38,000",-,-,1996,여좌남로55번길,-,중개거래,경남 창원진해구
21,경상남도 창원시 진해구 제황산동,2*,단독,8m미만,29.75,109.00,202112,13,"3,000",-,-,1979,제황로,-,직거래,-
22,경상남도 창원시 진해구 여좌동,1**,단독,8m미만,103.28,122.80,202112,13,"15,000",-,-,1983,여좌로56번안길,-,직거래,-
23,경상남도 창원시 진해구 태평동,1*,단독,25m이상,848.92,363.50,202112,13,"87,500",-,-,1989,중원로,-,직거래,-
24,경상남도 창원시 진해구 인사동,*,다가구,8m미만,171.41,127.30,202112,13,"9,700",-,-,1975,충장로130번길,-,중개거래,경남 창원진해구
25,경상남도 창원시 진해구 여좌동,7**,단독,12m미만,83.88,138.20,202112,12,"25,500",-,-,2012,여좌남로24번길,-,중개거래,경남 창원진해구
26,경상남도 창원시 진해구 여좌동,*,단독,8m미만,131.58,126.10,202112,11,"10,000",-,-,1993,여좌로,-,중개거래,경남 창원진해구
27,경상남도 창원시 진해구 경화동,9**,단독,8m미만,53.89,73.00,202112,11,"12,900",-,-,1988,충장로363번길,-,직거래,-
28,경상남도 창원시 진해구 이동,6*,단독,25m이상,100.00,86.00,202112,10,"15,000",-,-,1983,충장로455번길,-,직거래,-
29,경상남도 창원시 진해구 경화동,1***,단독,12m미만,173.63,143.70,202112,10,"16,800",-,-,1980,경화로21번길,20220121,중개거래,경남 창원진해구
30,경상남도 창원시 진해구 가주동,5**,단독,8m미만,66.00,167.00,202112,09,"4,800",-,-,1980,가주로,-,직거래,-
31,경상남도 창원시 진해구 두동,1***,단독,8m미만,167.73,549.00,202112,09,"53,000",-,-,2016,남의로116번길,-,중개거래,경남 창원진해구
32,경상남도 창원시 진해구 인사동,*,단독,12m미만,128.46,122.60,202112,08,"16,700",-,-,1977,인사로,-,중개거래,경남 창원진해구
33,경상남도 창원시 진해구 마천동,3*,단독,12m미만,92.55,239.00,202112,08,"18,300",-,-,1910,웅동로121번길,-,중개거래,경남 창원진해구
34,경상남도 창원시 진해구 경화동,1***,단독,8m미만,52.86,119.30,202112,08,"8,700",-,-,1975,충장로263번길,-,직거래,-
35,경상남도 창원시 진해구 이동,6**,단독,12m미만,175.57,178.60,202112,04,"23,500",-,-,1992,이동로28번길,20220105,중개거래,경남 창원진해구
36,경상남도 창원시 진해구 대천동,*,단독,25m이상,45.92,66.10,202112,04,"17,300",-,-,1938,벚꽃로,-,중개거래,경남 창원진해구
37,경상남도 창원시 진해구 여좌동,1**,단독,25m미만,148.86,187.20,202112,03,"22,000",-,-,1983,여명로,-,중개거래,경남 창원진해구
38,경상남도 창원시 진해구 여좌동,4*,단독,25m미만,46.60,46.90,202112,01,"2,850",-,-,1900,여좌로,-,직거래,-
39,경상남도 창원시 진해구 이동,2*,단독,8m미만,72.09,122.00,202111,30,"17,400",-,-,2000,해원로2번길,-,중개거래,경남 창원진해구
40,경상남도 창원시 진해구 가주동,2**,단독,12m미만,98.11,267.00,202111,29,"21,800",-,-,1993,가주로,-,중개거래,부산 강서구
41,경상남도 창원시 진해구 명동,3**,단독,8m미만,47.06,89.00,202111,29,"17,500",-,-,1983,명동로41번길,-,중개거래,경남 창원성산구
42,경상남도 창원시 진해구 경화동,1***,단독,12m미만,173.63,143.70,202111,29,"16,800",-,-,1980,경화로21번길,-,중개거래,경남 창원진해구
43,경상남도 창원시 진해구 석동,3**,단독,8m미만,74.94,185.00,202111,29,"25,500",-,-,2012,돌리로15번길,-,중개거래,경남 창원진해구
44,경상남도 창원시 진해구 여좌동,8**,단독,12m미만,58.76,138.20,202111,29,"26,000",-,-,1980,대야로,-,중개거래,경남 창원진해구
45,경상남도 창원시 진해구 풍호동,2**,단독,8m미만,119.83,105.00,202111,28,"13,400",-,-,1990,천자로373번길,-,중개거래,경남 창원진해구
46,경상남도 창원시 진해구 화천동,*,다가구,12m미만,491.17,223.50,202111,26,"75,000",-,-,2013,충장로52번길,-,중개거래,경남 창원진해구
47,경상남도 창원시 진해구 숭인동,1*,단독,12m미만,40.79,72.70,202111,25,"4,500",-,-,1938,태평로8번길,-,직거래,-
48,경상남도 창원시 진해구 충의동,2*,단독,8m미만,122.13,129.60,202111,24,"20,000",-,-,1989,중원동로10번길,-,직거래,-
49,경상남도 창원시 진해구 안골동,3**,단독,12m미만,259.21,1159.00,202111,22,"200,000",-,-,2012,안골로,-,중개거래,부산 강서구
50,경상남도 창원시 진해구 충무동,3*,단독,8m미만,33.10,33.10,202111,22,"1,500",-,-,2002,,-,직거래,-
51,경상남도 창원시 진해구 경화동,9**,단독,8m미만,67.77,145.00,202111,20,"21,000",-,-,1996,경화로18번길,-,중개거래,경남 창원진해구
52,경상남도 창원시 진해구 여좌동,1**,단독,8m미만,64.47,100.80,202111,19,"10,500",-,-,1980,여좌천로,-,중개거래,경남 창원진해구
53,경상남도 창원시 진해구 자은동,8**,단독,8m미만,131.79,195.00,202111,19,"22,500",-,-,1987,동진로,-,직거래,-
54,경상남도 창원시 진해구 용원동,1***,단독,12m미만,36.00,279.30,202111,18,"29,400",-,-,2007,용원북로5번길,-,중개거래,경남 창원진해구
55,경상남도 창원시 진해구 석동,4**,다가구,12m미만,363.52,196.00,202111,18,"49,500",-,-,2014,돌리로21번길,-,중개거래,경남 창원진해구
56,경상남도 창원시 진해구 경화동,1***,단독,12m미만,72.16,123.70,202111,18,"13,400",-,-,1985,충장로249번길,-,중개거래,경남 창원진해구
57,경상남도 창원시 진해구 이동,6**,단독,25m이상,147.24,247.40,202111,17,"42,600",-,-,1993,충장로,-,직거래,-
58,경상남도 창원시 진해구 자은동,8**,단독,8m미만,128.16,214.20,202111,17,"31,000",-,-,1996,자은로28번길,-,중개거래,경남 창원진해구
59,경상남도 창원시 진해구 북부동,5**,단독,12m미만,64.44,169.00,202111,16,"14,943",-,-,1981,웅천로177번길,-,중개거래,경남 창원진해구
60,경상남도 창원시 진해구 태백동,5*,단독,8m미만,52.40,71.00,202111,16,"3,000",-,-,1984,여좌천로,-,직거래,-
61,경상남도 창원시 진해구 경화동,4**,단독,8m미만,64.98,110.00,202111,15,"12,000",-,-,1988,충장로337번길,-,직거래,-
62,경상남도 창원시 진해구 여좌동,3*,단독,8m미만,94.18,109.20,202111,14,"9,500",-,-,1981,여좌로118번다길,-,직거래,-
63,경상남도 창원시 진해구 이동,6**,단독,8m미만,118.55,200.80,202111,13,"27,000",-,-,1997,충장로442번길,-,중개거래,경남 창원진해구
64,경상남도 창원시 진해구 태평동,1*,단독,25m이상,140.16,66.10,202111,11,"13,800",-,-,1982,충무로,-,중개거래,경남 창원진해구
65,경상남도 창원시 진해구 이동,5**,단독,8m미만,71.04,185.00,202111,11,"17,000",-,-,1978,동진로,-,중개거래,경남 창원의창구
66,경상남도 창원시 진해구 여좌동,9*,단독,8m미만,151.06,216.70,202111,11,"34,000",-,-,1989,여좌로89번길,-,중개거래,경남 창원진해구
67,경상남도 창원시 진해구 여좌동,1**,단독,8m미만,44.26,79.60,202111,09,"4,500",-,-,1966,여좌로40번길,-,직거래,-
68,경상남도 창원시 진해구 경화동,1***,단독,25m이상,131.80,182.70,202111,08,"25,500",-,-,1979,충장로,-,중개거래,경남 창원진해구
69,경상남도 창원시 진해구 충의동,6*,단독,12m미만,62.22,89.30,202111,07,"12,200",-,-,1981,중원동로10번길,-,직거래,-
70,경상남도 창원시 진해구 경화동,1***,단독,12m미만,129.09,142.70,202111,06,"14,000",-,-,1979,경화로45번길,-,중개거래,경남 창원진해구
71,경상남도 창원시 진해구 태백동,6*,단독,8m미만,69.40,109.00,202111,06,"4,000",-,-,1954,여좌천로166번길,-,중개거래,경남 창원진해구
72,경상남도 창원시 진해구 여좌동,9*,단독,8m미만,27.64,48.10,202111,05,"3,000",-,-,1938,여좌로,-,중개거래,경남 창원진해구
73,경상남도 창원시 진해구 서중동,1**,단독,8m미만,56.06,55.00,202111,05,"5,500",-,-,2002,웅천로166번길,-,직거래,-
74,경상남도 창원시 진해구 대흥동,2*,단독,12m미만,417.25,152.10,202111,04,"31,000",-,-,1996,중원로74번길,-,직거래,-
75,경상남도 창원시 진해구 두동,1***,단독,8m미만,167.73,549.00,202111,03,"53,000",-,-,2016,남의로116번길,20211208,중개거래,경남 창원진해구
76,경상남도 창원시 진해구 태평동,1*,단독,12m미만,47.77,119.00,202111,02,"19,600",-,-,1900,중원로16번길,-,직거래,-
77,경상남도 창원시 진해구 북부동,3*,단독,8m미만,80.00,173.00,202111,01,"10,700",-,-,1978,웅천로159번길,-,중개거래,경남 창원진해구
78,경상남도 창원시 진해구 여좌동,9*,단독,12m미만,69.82,111.70,202111,01,"12,500",-,-,1974,여명로83번길,-,직거래,-
79,경상남도 창원시 진해구 태평동,1*,단독,12m미만,31.07,39.70,202111,01,"7,500",-,-,1953,중원로16번길,-,직거래,-
80,경상남도 창원시 진해구 이동,6**,단독,8m미만,108.38,192.20,202110,30,"24,700",-,-,1992,충장로442번길,-,-,-
81,경상남도 창원시 진해구 용원동,1***,다가구,12m미만,471.42,240.20,202110,30,"54,500",-,-,2008,용재로35번길,-,-,-
82,경상남도 창원시 진해구 경화동,1***,단독,8m미만,80.46,154.90,202110,29,"14,000",-,-,1974,중초로,-,-,-
83,경상남도 창원시 진해구 자은동,7**,단독,8m미만,26.45,294.00,202110,28,"75,000",-,-,1938,진해대로979번길,-,-,-
84,경상남도 창원시 진해구 여좌동,1**,단독,8m미만,61.59,116.40,202110,28,"14,000",-,-,1998,여좌남로41번길,-,-,-
85,경상남도 창원시 진해구 자은동,7**,단독,8m미만,119.34,122.00,202110,26,"18,500",-,-,1990,진해대로979번길,-,-,-
86,경상남도 창원시 진해구 자은동,7**,단독,8m미만,58.51,179.00,202110,26,"41,040",-,-,1980,진해대로979번길,-,-,-
87,경상남도 창원시 진해구 자은동,7**,단독,12m미만,117.46,122.00,202110,25,"23,000",-,-,1989,진해대로979번길,-,-,-
88,경상남도 창원시 진해구 제황산동,2*,단독,12m미만,30.45,78.00,202110,25,"8,200",-,-,1960,속천로,-,-,-
89,경상남도 창원시 진해구 이동,2*,단독,8m미만,72.09,122.00,202110,25,"17,900",-,-,2000,해원로2번길,20211221,-,-
90,경상남도 창원시 진해구 여좌동,1**,단독,8m미만,78.94,144.30,202110,22,"8,000",-,-,1976,여좌남로55번길,20211104,-,-
91,경상남도 창원시 진해구 명동,1**,단독,8m미만,38.00,144.00,202110,22,"7,000",-,-,1905,명제로324번길,-,-,-
92,경상남도 창원시 진해구 자은동,8**,단독,8m미만,89.62,214.00,202110,22,"21,000",-,-,1979,덕산로45번길,-,-,-
93,경상남도 창원시 진해구 자은동,7**,단독,8m미만,158.34,231.00,202110,22,"38,000",-,-,1993,진해대로989번길,-,-,-
94,경상남도 창원시 진해구 자은동,7**,단독,8m미만,141.89,442.00,202110,22,"81,000",-,-,1988,진해대로979번길,-,-,-
95,경상남도 창원시 진해구 자은동,7**,단독,8m미만,56.60,340.00,202110,22,"46,350",-,-,1938,진해대로979번길,-,-,-
96,경상남도 창원시 진해구 자은동,7**,단독,12m미만,68.13,163.00,202110,22,"30,500",-,-,1988,진해대로979번길,-,-,-
97,경상남도 창원시 진해구 여좌동,1**,단독,8m미만,78.94,144.30,202110,22,"7,860",-,-,1976,여좌남로55번길,-,-,-
98,경상남도 창원시 진해구 경화동,7**,단독,8m미만,75.53,152.00,202110,22,"19,500",-,-,1978,경화로34번길,-,-,-
99,경상남도 창원시 진해구 자은동,7**,단독,8m미만,84.84,241.00,202110,21,"137,600",-,-,1995,진해대로979번길,-,-,-
100,경상남도 창원시 진해구 자은동,5**,단독,25m이상,135.45,144.00,202110,21,"64,000",-,-,1989,진해대로989번길,20220224,-,-
101,경상남도 창원시 진해구 자은동,7**,단독,12m미만,89.60,199.00,202110,21,"22,500",-,-,1988,진해대로979번길,-,-,-
102,경상남도 창원시 진해구 자은동,5**,단독,8m미만,164.79,480.00,202110,21,"95,700",-,-,1989,,-,-,-
103,경상남도 창원시 진해구 자은동,6**,단독,12m미만,123.93,525.00,202110,21,"90,000",-,-,2009,풍호로63번길,20220115,-,-
104,경상남도 창원시 진해구 자은동,7**,단독,8m미만,59.24,114.00,202110,21,"18,500",-,-,1980,진해대로989번길,-,-,-
105,경상남도 창원시 진해구 자은동,7**,단독,8m미만,61.49,114.00,202110,21,"21,100",-,-,1980,진해대로979번길,-,-,-
106,경상남도 창원시 진해구 자은동,6**,단독,12m미만,89.37,266.00,202110,21,"85,000",-,-,1985,진해대로979번길,20220115,-,-
107,경상남도 창원시 진해구 자은동,7**,단독,8m미만,134.12,254.00,202110,20,"35,000",-,-,1990,진해대로979번길,-,-,-
108,경상남도 창원시 진해구 자은동,7**,단독,8m미만,84.76,149.00,202110,20,"29,000",-,-,1989,진해대로989번길,-,-,-
109,경상남도 창원시 진해구 자은동,7**,단독,8m미만,66.44,116.00,202110,20,"20,500",-,-,1980,진해대로989번길,20220118,-,-
110,경상남도 창원시 진해구 자은동,7**,단독,8m미만,98.28,217.00,202110,20,"30,000",-,-,1993,진해대로979번길,-,-,-
111,경상남도 창원시 진해구 자은동,7**,단독,12m미만,140.50,123.00,202110,20,"29,000",-,-,1990,진해대로979번길,-,-,-
112,경상남도 창원시 진해구 이동,6**,단독,12m미만,195.11,189.80,202110,20,"27,000",-,-,1993,충장로412번길,-,-,-
113,경상남도 창원시 진해구 소사동,1**,단독,8m미만,48.50,339.00,202110,20,"23,000",-,-,1906,소사로59번가길,-,-,-
114,경상남도 창원시 진해구 자은동,7**,단독,8m미만,76.83,119.00,202110,20,"19,600",-,-,1980,진해대로989번길,-,-,-
115,경상남도 창원시 진해구 자은동,5**,단독,8m미만,90.78,201.00,202110,18,"95,000",-,-,1989,진해대로989번길,-,-,-
116,경상남도 창원시 진해구 석동,8*,단독,25m미만,173.83,280.90,202110,18,"51,500",-,-,1995,동진로76번길,-,-,-
117,경상남도 창원시 진해구 인사동,*,단독,12m미만,67.24,136.50,202110,15,"11,000",-,-,1975,제황로,-,-,-
118,경상남도 창원시 진해구 경화동,5**,단독,8m미만,74.74,163.00,202110,14,"15,300",-,-,1977,경화로30번길,-,-,-
119,경상남도 창원시 진해구 여좌동,1**,단독,8m미만,216.94,229.60,202110,13,"31,000",-,-,2003,여명로25번나길,-,-,-
120,경상남도 창원시 진해구 여좌동,1**,단독,8m미만,216.94,353.40,202110,13,"31,000",-,-,2003,여명로25번나길,20211112,-,-
121,경상남도 창원시 진해구 여좌동,8**,단독,8m미만,22.31,49.90,202110,12,"18,785",-,-,1958,대야남로,-,-,-
122,경상남도 창원시 진해구 자은동,3**,단독,8m미만,61.52,229.00,202110,10,"24,900",-,-,1938,자은로88번안길,-,-,-
123,경상남도 창원시 진해구 자은동,6**,단독,12m미만,82.12,182.00,202110,10,"19,000",-,-,1988,진해대로982번길,-,-,-
124,경상남도 창원시 진해구 충의동,*,단독,25m이상,19.00,29.80,202110,09,"3,745",-,-,1970,중원로,-,-,-
125,경상남도 창원시 진해구 충의동,*,단독,8m미만,68.38,99.20,202110,09,"8,656",-,-,1996,중원로,-,-,-
126,경상남도 창원시 진해구 이동,6**,단독,8m미만,117.36,200.40,202110,04,"28,000",-,-,1993,충장로442번길,20211029,-,-
127,경상남도 창원시 진해구 이동,6**,단독,8m미만,117.36,200.40,202110,04,"28,000",-,-,1993,충장로442번길,-,-,-
128,경상남도 창원시 진해구 경화동,1***,단독,8m미만,71.01,127.50,202110,04,"12,900",-,-,1975,중초로29번길,-,-,-
129,경상남도 창원시 진해구 여좌동,8**,단독,12m미만,76.70,50.30,202110,03,"23,050",-,-,1970,대야로,-,-,-
130,경상남도 창원시 진해구 경화동,1***,단독,8m미만,68.76,126.40,202110,03,"12,000",-,-,1993,진해대로,-,-,-
131,경상남도 창원시 진해구 자은동,7**,단독,8m미만,86.04,72.00,202110,02,"22,790",-,-,1997,진해대로989번길,-,-,-
132,경상남도 창원시 진해구 자은동,5**,단독,8m미만,488.64,175.00,202110,02,"135,000",-,-,2015,풍호로79번길,-,-,-
133,경상남도 창원시 진해구 여좌동,1**,단독,8m미만,58.38,111.50,202110,01,"8,700",-,-,1978,여좌남로55번안길,-,-,-
134,경상남도 창원시 진해구 태평동,8*,단독,12m미만,69.28,121.90,202109,30,"13,500",-,-,2011,태평로92번길,-,-,-
135,경상남도 창원시 진해구 여좌동,9*,단독,8m미만,55.67,101.50,202109,28,"5,600",-,-,1940,여좌로,-,-,-
136,경상남도 창원시 진해구 여좌동,9*,단독,8m미만,98.45,97.80,202109,28,"11,500",-,-,1996,여좌로95번길,-,-,-
137,경상남도 창원시 진해구 충무동,2*,단독,8m미만,196.92,203.30,202109,28,"15,900",-,-,1993,제황로80번길,-,-,-
138,경상남도 창원시 진해구 경화동,2**,단독,12m미만,109.85,91.00,202109,28,"14,500",-,-,1973,충장로329번길,-,-,-
139,경상남도 창원시 진해구 이동,6*,단독,12m미만,112.18,127.00,202109,27,"32,900",-,-,2012,냉천로26번길,-,-,-
140,경상남도 창원시 진해구 태평동,9*,단독,8m미만,94.86,96.20,202109,26,"6,000",-,-,1999,태평로91번길,-,-,-
141,경상남도 창원시 진해구 여좌동,9**,단독,8m미만,247.73,172.30,202109,24,"38,900",-,-,1989,대야남로51번길,-,-,-
142,경상남도 창원시 진해구 안골동,3**,단독,12m미만,276.91,192.20,202109,23,"24,000",-,-,2001,안골로281번길,-,-,-
143,경상남도 창원시 진해구 이동,6**,단독,8m미만,182.73,173.80,202109,23,"20,500",-,-,1992,충장로406번길,-,-,-
144,경상남도 창원시 진해구 여좌동,9*,단독,12m미만,42.18,51.00,202109,23,"4,000",-,-,1955,여좌로58번길,-,-,-
145,경상남도 창원시 진해구 여좌동,8**,단독,8m미만,95.82,119.60,202109,19,"21,826",-,-,1990,대야남로45번길,-,-,-
146,경상남도 창원시 진해구 태평동,8*,단독,12m미만,1593.94,523.40,202109,18,"72,000",-,-,1998,속천로,20211222,-,-
147,경상남도 창원시 진해구 성내동,1**,단독,8m미만,98.04,373.00,202109,17,"12,320",-,-,1975,웅천로159번길,-,-,-
148,경상남도 창원시 진해구 경화동,1***,단독,8m미만,134.85,160.60,202109,17,"12,800",-,-,1979,중초로,-,-,-
149,경상남도 창원시 진해구 경화동,1***,단독,25m이상,255.68,181.20,202109,16,"37,000",-,-,1990,진해대로,-,-,-
150,경상남도 창원시 진해구 경화동,1***,단독,8m미만,61.72,141.50,202109,14,"15,800",-,-,1977,충장로285번길,-,-,-
151,경상남도 창원시 진해구 여좌동,7**,단독,8m미만,160.56,116.80,202109,14,"15,800",-,-,1990,여좌로15번길,-,-,-
152,경상남도 창원시 진해구 태백동,1*,단독,8m미만,36.52,50.00,202109,11,"19,300",-,-,1990,대야남로67번길,-,-,-
153,경상남도 창원시 진해구 여좌동,1**,단독,8m미만,65.04,141.90,202109,10,"14,500",-,-,2002,여좌로56번길,-,-,-
154,경상남도 창원시 진해구 제황산동,2*,단독,8m미만,42.31,79.00,202109,10,"5,000",-,-,1972,충장로168번길,-,-,-
155,경상남도 창원시 진해구 여좌동,9**,단독,8m미만,24.10,95.00,202109,10,"24,269",-,-,1958,대야로,-,-,-
156,경상남도 창원시 진해구 여좌동,1**,단독,8m미만,58.90,91.50,202109,09,"9,100",-,-,1967,여좌로40번길,-,-,-
157,경상남도 창원시 진해구 석동,1**,다가구,25m미만,218.32,211.80,202109,08,"58,500",-,-,2006,동진로49번길,-,-,-
158,경상남도 창원시 진해구 경화동,1***,단독,8m미만,84.14,163.30,202109,08,"15,800",-,-,1984,충장로245번길,-,-,-
159,경상남도 창원시 진해구 경화동,1***,단독,8m미만,84.35,154.20,202109,07,"14,750",-,-,2000,충장로,20220104,-,-
160,경상남도 창원시 진해구 여좌동,8**,단독,8m미만,50.94,113.40,202109,07,"22,600",-,-,1981,대야남로45번길,-,-,-
161,경상남도 창원시 진해구 이동,6**,단독,12m미만,171.77,191.20,202109,04,"31,800",-,-,1996,충장로426번길,-,-,-
162,경상남도 창원시 진해구 북부동,5**,단독,25m미만,336.37,231.00,202109,02,"43,462",-,-,1998,웅천로,-,-,-
163,경상남도 창원시 진해구 석동,6**,다가구,12m미만,357.48,226.20,202108,31,"55,000",-,-,2011,석동로59번길,-,-,-
164,경상남도 창원시 진해구 자은동,1**,다가구,12m미만,458.88,265.00,202108,31,"84,800",-,-,2017,냉천로,-,-,-
165,경상남도 창원시 진해구 충의동,1*,단독,12m미만,33.39,86.00,202108,31,"5,500",-,-,1938,중원로16번길,-,-,-
166,경상남도 창원시 진해구 용원동,1***,다가구,25m미만,434.72,210.20,202108,30,"53,500",-,-,2006,용원로90번길,-,-,-
167,경상남도 창원시 진해구 여좌동,1**,단독,25m미만,193.14,198.00,202108,28,"24,500",-,-,1986,여명로,-,-,-
168,경상남도 창원시 진해구 명동,5**,다가구,8m미만,84.90,186.00,202108,27,"14,900",-,-,2003,명동로41번길,-,-,-
169,경상남도 창원시 진해구 풍호동,2**,단독,8m미만,122.80,225.00,202108,27,"26,000",-,-,1900,충장로597번길,-,-,-
170,경상남도 창원시 진해구 용원동,7**,단독,8m미만,33.00,93.00,202108,26,"8,000",-,-,1932,용원남로17번안길,-,-,-
171,경상남도 창원시 진해구 경화동,1***,단독,8m미만,207.70,199.90,202108,26,"35,548",-,-,1993,충장로,-,-,-
172,경상남도 창원시 진해구 여좌동,9**,단독,12m미만,140.80,138.70,202108,25,"36,146",-,-,1994,대야로48번길,-,-,-
173,경상남도 창원시 진해구 여좌동,1**,단독,8m미만,38.80,82.60,202108,25,"1,750",-,-,2002,여좌로118번다길,-,-,-
174,경상남도 창원시 진해구 이동,5**,단독,8m미만,79.67,137.00,202108,21,"24,000",-,-,1990,충장로364번나길,-,-,-
175,경상남도 창원시 진해구 석동,6**,다가구,12m미만,343.84,218.90,202108,20,"54,000",-,-,2009,석동로73번길,-,-,-
176,경상남도 창원시 진해구 여좌동,3*,단독,8m미만,109.64,131.80,202108,20,"11,000",-,-,1989,여좌로118번길,-,-,-
177,경상남도 창원시 진해구 경화동,8**,단독,12m미만,99.56,100.00,202108,20,"14,000",-,-,2005,조천북로146번길,-,-,-
178,경상남도 창원시 진해구 행암동,3**,단독,25m미만,1195.07,424.00,202108,20,"180,000",-,-,2017,행암로,-,-,-
179,경상남도 창원시 진해구 석동,6**,다가구,25m미만,349.09,211.10,202108,20,"64,000",-,-,2008,진해대로801번길,-,-,-
180,경상남도 창원시 진해구 용원동,1***,단독,25m미만,485.64,273.10,202108,19,"64,000",-,-,2003,용재로,-,-,-
181,경상남도 창원시 진해구 자은동,1***,단독,12m미만,47.81,184.00,202108,18,"24,300",-,-,1991,냉천로129번길,-,-,-
182,경상남도 창원시 진해구 북부동,5**,단독,8m미만,95.08,493.00,202108,16,"31,000",-,-,1972,웅천북로,-,-,-
183,경상남도 창원시 진해구 경화동,1***,단독,8m미만,68.86,156.80,202108,14,"11,500",-,-,1977,진해대로614번길,-,-,-
184,경상남도 창원시 진해구 경화동,1***,단독,12m미만,94.68,111.60,202108,14,"15,500",-,-,1979,충장로245번길,-,-,-
185,경상남도 창원시 진해구 경화동,1***,단독,8m미만,58.84,110.00,202108,14,"9,256",-,-,1977,태백로,-,-,-
186,경상남도 창원시 진해구 경화동,1***,단독,8m미만,80.57,150.00,202108,13,"22,840",-,-,1989,조천로,-,-,-
187,경상남도 창원시 진해구 안골동,3**,단독,12m미만,197.49,261.40,202108,13,"39,000",-,-,2003,안골로318번길,-,-,-
188,경상남도 창원시 진해구 여좌동,1**,단독,8m미만,70.48,132.80,202108,13,"10,000",-,-,1975,여좌로40번길,-,-,-
189,경상남도 창원시 진해구 창선동,*,단독,25m이상,90.84,67.20,202108,12,"7,000",-,-,1938,벚꽃로,-,-,-
190,경상남도 창원시 진해구 덕산동,2*,단독,8m미만,128.30,116.00,202108,11,"21,500",-,-,1989,덕산로,-,-,-
191,경상남도 창원시 진해구 대장동,6*,단독,12m미만,37.40,160.00,202108,11,"11,800",-,-,2002,대장로,-,-,-
192,경상남도 창원시 진해구 남문동,1***,단독,25m미만,423.68,253.60,202108,09,"46,000",-,-,2017,웅천동로1번길,-,-,-
193,경상남도 창원시 진해구 이동,6**,단독,12m미만,99.86,178.10,202108,09,"23,900",-,-,1997,충장로450번길,-,-,-
194,경상남도 창원시 진해구 경화동,1***,단독,8m미만,164.43,187.80,202108,06,"20,200",-,-,1992,태백로13번길,-,-,-
195,경상남도 창원시 진해구 제황산동,2*,단독,12m미만,81.45,165.00,202108,06,"16,200",-,-,1973,인사로17번길,-,-,-
196,경상남도 창원시 진해구 익선동,*,단독,8m미만,45.62,89.20,202108,06,"7,900",-,-,1938,편백로14번길,-,-,-
197,경상남도 창원시 진해구 용원동,1***,다가구,12m미만,493.18,281.10,202108,05,"80,000",-,-,2017,용원북로5번길,-,-,-
198,경상남도 창원시 진해구 경화동,1***,단독,8m미만,84.13,171.60,202108,05,"15,800",-,-,1978,진해대로,-,-,-
199,경상남도 창원시 진해구 태평동,4*,단독,25m이상,150.08,79.30,202108,04,"23,000",-,-,1972,백구로,-,-,-
200,경상남도 창원시 진해구 제황산동,2*,단독,8m미만,78.97,162.00,202108,03,"10,100",-,-,1992,인사로30번길,-,-,-
201,경상남도 창원시 진해구 석동,8*,다가구,12m미만,436.08,217.10,202108,03,"65,500",-,-,2012,동진로35번길,-,-,-
202,경상남도 창원시 진해구 태백동,1*,단독,8m미만,35.75,79.00,202107,31,"14,460",-,-,1983,대야로,-,-,-
203,경상남도 창원시 진해구 이동,6**,단독,8m미만,192.33,183.10,202107,31,"23,500",-,-,1995,충장로406번길,-,-,-
204,경상남도 창원시 진해구 숭인동,*,단독,25m이상,91.70,119.00,202107,30,"8,400",-,-,1992,중원로,20220104,-,-
205,경상남도 창원시 진해구 마천동,5*,단독,8m미만,76.77,235.00,202107,30,"12,300",-,-,1987,웅동로111번길,-,-,-
206,경상남도 창원시 진해구 여좌동,8**,단독,8m미만,34.81,94.90,202107,29,"16,380",-,-,1954,대야남로45번길,-,-,-
207,경상남도 창원시 진해구 여좌동,8**,단독,12m미만,58.76,138.20,202107,29,"30,888",-,-,1980,대야로,20211201,-,-
208,경상남도 창원시 진해구 자은동,5**,단독,8m미만,79.07,241.00,202107,28,"70,000",-,-,1988,진해대로989번길,-,-,-
209,경상남도 창원시 진해구 용원동,1***,다가구,25m이상,494.11,253.50,202107,28,"77,500",-,-,2011,용원중로26번길,-,-,-
210,경상남도 창원시 진해구 이동,6**,단독,8m미만,93.87,196.40,202107,28,"26,000",-,-,1997,충장로426번길,-,-,-
211,경상남도 창원시 진해구 여좌동,9*,단독,8m미만,67.14,128.60,202107,26,"10,500",-,-,1979,여좌로89번길,-,-,-
212,경상남도 창원시 진해구 이동,6**,단독,8m미만,99.28,224.90,202107,25,"23,000",-,-,1994,충장로468번길,-,-,-
213,경상남도 창원시 진해구 안골동,3**,다가구,12m미만,438.48,205.70,202107,21,"54,500",-,-,2012,안청남로22번길,-,-,-
214,경상남도 창원시 진해구 자은동,9**,다가구,12m미만,428.41,235.00,202107,21,"59,000",-,-,2011,자은로64번길,-,-,-
215,경상남도 창원시 진해구 여좌동,8**,단독,8m미만,50.94,113.40,202107,21,"22,100",-,-,1981,대야남로45번길,20210903,-,-
216,경상남도 창원시 진해구 여좌동,7**,단독,8m미만,48.03,91.90,202107,21,"10,000",-,-,1974,여좌로15번길,-,-,-
217,경상남도 창원시 진해구 경화동,1***,단독,8m미만,57.67,106.00,202107,20,"12,800",-,-,1984,조천북로,-,-,-
218,경상남도 창원시 진해구 경화동,1***,단독,8m미만,72.64,138.40,202107,20,"8,000",-,-,1985,충장로289번길,-,-,-
219,경상남도 창원시 진해구 이동,5**,단독,8m미만,68.30,120.00,202107,20,"13,600",-,-,1978,충장로364번나길,-,-,-
220,경상남도 창원시 진해구 여좌동,9*,단독,25m미만,75.81,120.50,202107,19,"11,300",-,-,1976,여좌로,-,-,-
221,경상남도 창원시 진해구 경화동,1***,단독,8m미만,91.70,162.00,202107,19,"17,400",-,-,1974,충장로245번길,-,-,-
222,경상남도 창원시 진해구 석동,6**,다가구,12m미만,416.48,252.80,202107,17,"66,000",-,-,2008,석동로75번길,-,-,-
223,경상남도 창원시 진해구 경화동,1***,단독,8m미만,79.47,212.00,202107,17,"18,300",-,-,1995,조천북로85번길,-,-,-
224,경상남도 창원시 진해구 태백동,1*,단독,8m미만,64.56,142.00,202107,16,"21,078",-,-,1974,대야남로51번길,-,-,-
225,경상남도 창원시 진해구 경화동,1***,단독,8m미만,27.61,43.20,202107,15,"2,900",-,-,1968,중초로15번길,-,-,-
226,경상남도 창원시 진해구 여좌동,1**,단독,8m미만,25.79,27.70,202107,13,"2,000",-,-,1960,여좌로56번길,-,-,-
227,경상남도 창원시 진해구 여좌동,1**,단독,12m미만,130.91,141.10,202107,12,"18,500",-,-,1979,여좌남로41번길,-,-,-
228,경상남도 창원시 진해구 태백동,1*,단독,8m미만,42.25,99.00,202107,12,"9,500",-,-,1970,대야남로51번길,-,-,-
229,경상남도 창원시 진해구 경화동,1***,단독,12m미만,87.90,235.00,202107,06,"26,500",-,-,2002,진해대로660번길,-,-,-
230,경상남도 창원시 진해구 자은동,6**,단독,25m이상,815.70,418.00,202107,06,"242,000",-,-,2012,풍호로,-,-,-
231,경상남도 창원시 진해구 소사동,*,단독,8m미만,109.78,427.00,202107,05,"20,000",-,-,1991,소사천로18번길,20210723,-,-
232,경상남도 창원시 진해구 소사동,*,단독,8m미만,109.78,245.00,202107,05,"15,500",-,-,1991,소사천로18번길,-,-,-
233,경상남도 창원시 진해구 남문동,1***,다가구,12m미만,418.67,279.00,202107,04,"98,000",-,-,2017,웅천동로1번길,-,-,-
234,경상남도 창원시 진해구 안골동,3**,다가구,12m미만,457.48,198.70,202107,03,"56,000",-,-,2005,안청로34번길,-,-,-
235,경상남도 창원시 진해구 태백동,1*,단독,8m미만,75.30,155.00,202107,03,"26,340",-,-,1978,대야남로,-,-,-
236,경상남도 창원시 진해구 풍호동,1**,단독,12m미만,94.54,109.00,202107,03,"18,000",-,-,2005,천자로373번길,-,-,-
237,경상남도 창원시 진해구 대영동,*,단독,25m이상,34.20,39.70,202107,02,"2,600",-,-,2002,중원로,-,-,-
238,경상남도 창원시 진해구 여좌동,7**,단독,8m미만,65.79,47.30,202106,30,"2,300",-,-,1962,충장로43번길,-,-,-
239,경상남도 창원시 진해구 여좌동,9**,단독,12m미만,95.16,142.80,202106,29,"31,657",-,-,1969,대야로36번길,-,-,-
240,경상남도 창원시 진해구 속천동,*,단독,12m미만,150.35,123.20,202106,29,"14,000",-,-,1994,속천로52번길,-,-,-
241,경상남도 창원시 진해구 여좌동,9**,단독,8m미만,62.07,61.50,202106,28,"7,200",-,-,2009,대야남로51번길,-,-,-
242,경상남도 창원시 진해구 경화동,1***,다가구,8m미만,305.97,163.30,202106,28,"26,000",-,-,2006,충장로,-,-,-
243,경상남도 창원시 진해구 여좌동,9**,단독,8m미만,20.54,35.90,202106,26,"5,200",-,-,1991,대야남로51번길,-,-,-
244,경상남도 창원시 진해구 경화동,1***,단독,12m미만,121.66,119.00,202106,25,"12,500",-,-,1993,조천로13번길,-,-,-
245,경상남도 창원시 진해구 여좌동,9**,단독,12m미만,110.92,123.50,202106,25,"29,168",-,-,1988,대야로,-,-,-
246,경상남도 창원시 진해구 여좌동,7**,단독,8m미만,52.89,125.60,202106,24,"5,000",-,-,1969,여명로,-,-,-
247,경상남도 창원시 진해구 이동,6**,단독,12m미만,109.08,208.60,202106,22,"26,200",-,-,1992,이동로28번길,-,-,-
248,경상남도 창원시 진해구 경화동,1***,단독,12m미만,149.22,161.80,202106,21,"16,300",-,-,1989,충장로245번길,-,-,-
249,경상남도 창원시 진해구 이동,3**,다가구,8m미만,365.68,193.00,202106,19,"62,000",-,-,2012,해원로8번길,-,-,-
250,경상남도 창원시 진해구 경화동,8**,다가구,12m미만,371.65,217.00,202106,16,"50,000",-,-,2012,경화시장로45번길,-,-,-
251,경상남도 창원시 진해구 여좌동,7**,단독,12m미만,119.76,126.00,202106,16,"21,000",-,-,1998,여좌남로16번길,-,-,-
252,경상남도 창원시 진해구 남문동,1***,단독,12m미만,84.81,227.70,202106,15,"34,000",-,-,2014,웅천서로82번길,-,-,-
253,경상남도 창원시 진해구 여좌동,*,단독,12m미만,115.70,273.30,202106,14,"48,000",-,-,1954,여좌천로,-,-,-
254,경상남도 창원시 진해구 경화동,1***,단독,12m미만,51.40,70.70,202106,14,"5,000",-,-,1938,경화로7번길,-,-,-
255,경상남도 창원시 진해구 여좌동,8**,단독,8m미만,42.98,99.50,202106,11,"17,500",-,-,1960,대야남로45번길,-,-,-
256,경상남도 창원시 진해구 이동,6**,다가구,25m미만,264.39,177.60,202106,10,"59,900",-,-,2012,동진로,-,-,-
257,경상남도 창원시 진해구 장천동,*,단독,8m미만,231.69,529.00,202106,09,"90,000",-,-,1985,진해대로1099번길,-,-,-
258,경상남도 창원시 진해구 충무동,2*,단독,8m미만,199.23,185.10,202106,07,"22,000",-,-,1989,충장로176번길,-,-,-
259,경상남도 창원시 진해구 여좌동,*,단독,12m미만,42.15,241.40,202106,07,"27,500",-,-,1944,여좌로99번라길,-,-,-
260,경상남도 창원시 진해구 청안동,2**,단독,8m미만,77.14,172.00,202106,07,"9,000",-,-,1973,청안로233번길,-,-,-
261,경상남도 창원시 진해구 석동,4**,단독,8m미만,68.63,147.00,202106,03,"21,500",-,-,1982,돌리로15번길,-,-,-
262,경상남도 창원시 진해구 경화동,9**,단독,8m미만,103.10,419.00,202106,01,"29,000",-,-,2002,경화로26번길,-,-,-
263,경상남도 창원시 진해구 경화동,1***,단독,8m미만,89.99,571.00,202106,01,"68,500",-,-,2019,조천북로85번길,-,-,-
264,경상남도 창원시 진해구 대죽동,2*,단독,8m미만,55.40,145.00,202105,31,"6,500",-,-,1960,태평로92번안길,-,-,-
265,경상남도 창원시 진해구 숭인동,1*,단독,12m미만,121.51,148.80,202105,26,"14,200",-,-,1938,태평로8번길,-,-,-
266,경상남도 창원시 진해구 경화동,8**,단독,8m미만,164.97,264.00,202105,26,"26,500",-,-,1989,진해대로660번길,-,-,-
267,경상남도 창원시 진해구 제황산동,2*,단독,8m미만,78.03,228.00,202105,25,"6,250",-,-,1997,백구로6번길,-,-,-
268,경상남도 창원시 진해구 여좌동,9**,단독,12m미만,48.33,165.00,202105,25,"17,584",-,-,1971,,-,-,-
269,경상남도 창원시 진해구 여좌동,9**,단독,8m미만,51.74,155.40,202105,24,"24,500",-,-,1955,대야남로51번길,-,-,-
270,경상남도 창원시 진해구 남양동,2**,단독,12m미만,49.39,145.10,202105,24,"26,000",-,-,1987,남영로452번길,-,-,-
271,경상남도 창원시 진해구 태백동,1*,단독,8m미만,29.70,60.00,202105,23,"18,000",-,-,1970,대야남로67번길,-,-,-
272,경상남도 창원시 진해구 경화동,1***,단독,12m미만,53.41,90.10,202105,22,"10,800",-,-,1975,충장로297번길,-,-,-
273,경상남도 창원시 진해구 제덕동,1**,단독,8m미만,79.37,201.00,202105,21,"16,500",-,-,1999,제덕로179번길,-,-,-
274,경상남도 창원시 진해구 남양동,2**,단독,8m미만,99.93,704.00,202105,21,"37,300",-,-,2010,남영로467번길,-,-,-
275,경상남도 창원시 진해구 경화동,1***,단독,8m미만,61.95,111.40,202105,21,"5,300",-,-,1977,충장로,-,-,-
276,경상남도 창원시 진해구 소사동,1**,단독,8m미만,85.68,362.00,202105,20,"26,800",-,-,2008,소사천로26번길,-,-,-
277,경상남도 창원시 진해구 경화동,1***,단독,25m이상,58.51,112.40,202105,20,"10,000",-,-,1977,태백로,-,-,-
278,경상남도 창원시 진해구 자은동,7**,단독,8m미만,141.35,430.00,202105,20,"67,000",-,-,1989,진해대로989번길,-,-,-
279,경상남도 창원시 진해구 경화동,1***,단독,8m미만,58.97,102.90,202105,20,"9,700",-,-,1982,경화로29번길,-,-,-
280,경상남도 창원시 진해구 여좌동,9**,단독,8m미만,31.24,179.70,202105,19,"22,500",-,-,1960,대야남로35번길,-,-,-
281,경상남도 창원시 진해구 여좌동,7**,단독,12m미만,71.39,119.00,202105,17,"7,000",-,-,1974,여명로16번길,-,-,-
282,경상남도 창원시 진해구 남양동,1**,단독,8m미만,173.13,314.00,202105,17,"32,500",-,-,1999,월남로30번길,-,-,-
283,경상남도 창원시 진해구 경화동,1***,단독,8m미만,78.75,163.80,202105,16,"12,000",-,-,1977,중초로,20210518,-,-
284,경상남도 창원시 진해구 충의동,5*,단독,12m미만,197.85,392.10,202105,14,"35,000",-,-,1973,중원동로10번길,-,-,-
285,경상남도 창원시 진해구 이동,6**,다가구,8m미만,342.13,228.40,202105,13,"48,500",-,-,2009,충장로468번길,-,-,-
286,경상남도 창원시 진해구 청안동,4**,단독,8m미만,60.96,137.00,202105,12,"12,200",-,-,1986,청안로170번길,-,-,-
287,경상남도 창원시 진해구 청안동,4**,단독,8m미만,69.75,248.00,202105,11,"12,500",-,-,2000,청안로170번길,-,-,-
288,경상남도 창원시 진해구 경화동,3**,단독,8m미만,37.42,152.00,202105,11,"14,800",-,-,1973,충장로305번길,-,-,-
289,경상남도 창원시 진해구 용원동,1***,단독,25m미만,512.84,282.20,202105,11,"61,000",-,-,2014,용원북로11번길,-,-,-
290,경상남도 창원시 진해구 경화동,6*,단독,8m미만,113.74,142.00,202105,10,"8,500",-,-,1994,충장로337번길,-,-,-
291,경상남도 창원시 진해구 이동,5**,단독,8m미만,79.25,139.00,202105,10,"13,000",-,-,1988,충장로364번나길,-,-,-
292,경상남도 창원시 진해구 안곡동,*,단독,8m미만,92.91,189.00,202105,09,"23,500",-,-,1991,속천로,-,-,-
293,경상남도 창원시 진해구 경화동,6**,단독,8m미만,78.74,162.00,202105,08,"17,000",-,-,1938,경화로33번길,-,-,-
294,경상남도 창원시 진해구 이동,5**,단독,8m미만,49.59,106.00,202105,07,"7,000",-,-,1973,충장로467번길,-,-,-
295,경상남도 창원시 진해구 경화동,1***,단독,8m미만,49.18,139.00,202105,07,"19,300",-,-,2014,진해대로,-,-,-
296,경상남도 창원시 진해구 여좌동,9**,단독,12m미만,76.29,106.40,202105,06,"23,000",-,-,1952,대야남로,-,-,-
297,경상남도 창원시 진해구 경화동,9**,단독,12m미만,90.54,93.00,202105,05,"16,000",-,-,1999,충장로345번길,-,-,-
298,경상남도 창원시 진해구 대죽동,1*,단독,8m미만,78.81,169.00,202105,04,"15,500",-,-,2015,속천로84번길,-,-,-
299,경상남도 창원시 진해구 태백동,1*,단독,8m미만,72.66,63.00,202105,04,"22,564",-,-,1993,대야로66번길,-,-,-
300,경상남도 창원시 진해구 북부동,9*,단독,8m미만,82.76,332.00,202105,04,"26,500",-,-,1990,웅천로159번길,-,-,-
301,경상남도 창원시 진해구 경화동,1***,단독,12m미만,146.93,145.20,202105,04,"21,800",-,-,1977,진해대로624번길,-,-,-
302,경상남도 창원시 진해구 청안동,4**,단독,8m미만,62.93,223.00,202105,03,"13,200",-,-,1930,청안로170번길,-,-,-
303,경상남도 창원시 진해구 안골동,1**,단독,8m미만,74.02,410.00,202105,03,"34,000",-,-,1987,안골로220번나길,-,-,-
304,경상남도 창원시 진해구 제황산동,2*,단독,8m미만,165.71,162.00,202105,01,"20,000",-,-,1976,인사로30번길,-,-,-
305,경상남도 창원시 진해구 안골동,3**,다가구,12m미만,431.73,209.10,202105,01,"64,000",-,-,2014,안청로4번길,-,-,-
306,경상남도 창원시 진해구 덕산동,6*,단독,12m미만,180.57,185.00,202104,30,"28,000",-,-,1987,덕산로40번길,-,-,-
307,경상남도 창원시 진해구 여좌동,1**,단독,25m미만,86.01,148.80,202104,28,"18,800",-,-,1958,여좌남로,-,-,-
308,경상남도 창원시 진해구 여좌동,*,단독,8m미만,62.68,167.50,202104,28,"6,800",-,-,1977,여좌로118번다길,-,-,-
309,경상남도 창원시 진해구 남문동,8**,단독,12m미만,107.44,203.00,202104,28,"26,500",-,-,2009,웅천중로45번길,-,-,-
310,경상남도 창원시 진해구 속천동,*,단독,12m미만,39.67,19.90,202104,28,"2,750",-,-,1955,속천로52번길,-,-,-
311,경상남도 창원시 진해구 경화동,1***,단독,8m미만,66.91,141.30,202104,26,"14,000",-,-,1976,경화로37번길,-,-,-
312,경상남도 창원시 진해구 이동,5**,단독,8m미만,69.82,130.00,202104,23,"11,500",-,-,1978,충장로364번나길,-,-,-
313,경상남도 창원시 진해구 여좌동,9*,단독,8m미만,51.67,92.80,202104,22,"8,000",-,-,1973,여좌로83번길,-,-,-
314,경상남도 창원시 진해구 경화동,1***,단독,8m미만,65.59,90.50,202104,22,"5,800",-,-,1977,경화로37번길,-,-,-
315,경상남도 창원시 진해구 경화동,9**,단독,8m미만,83.87,186.00,202104,22,"17,500",-,-,1989,병암로7번길,-,-,-
316,경상남도 창원시 진해구 여좌동,7**,단독,12m미만,159.05,124.30,202104,17,"27,500",-,-,1996,여명로16번길,-,-,-
317,경상남도 창원시 진해구 태백동,6*,단독,8m미만,93.00,184.00,202104,17,"12,000",-,-,2002,여좌천로166번길,-,-,-
318,경상남도 창원시 진해구 경화동,3**,단독,8m미만,84.95,159.00,202104,15,"14,000",-,-,1987,경화로15번길,-,-,-
319,경상남도 창원시 진해구 여좌동,9**,단독,8m미만,51.74,155.40,202104,15,"24,500",-,-,1955,대야남로51번길,20210527,-,-
320,경상남도 창원시 진해구 이동,6*,단독,25m미만,60.65,139.00,202104,13,"10,700",-,-,1990,충장로455번길,-,-,-
321,경상남도 창원시 진해구 제덕동,6**,단독,8m미만,50.07,212.00,202104,12,"10,500",-,-,1926,제덕로,-,-,-
322,경상남도 창원시 진해구 대장동,6*,단독,8m미만,68.60,344.00,202104,11,"19,000",-,-,1993,대장로,-,-,-
323,경상남도 창원시 진해구 경화동,2**,단독,8m미만,77.22,152.00,202104,11,"13,500",-,-,1973,경화로16번길,-,-,-
324,경상남도 창원시 진해구 태백동,1*,단독,8m미만,17.80,78.00,202104,11,"10,756",-,-,2002,대야로66번길,-,-,-
325,경상남도 창원시 진해구 경화동,8**,단독,8m미만,145.19,186.00,202104,10,"30,000",-,-,1989,진해대로650번길,-,-,-
326,경상남도 창원시 진해구 여좌동,4**,단독,8m미만,100.47,416.30,202104,10,"35,000",-,-,1991,여좌천로120번길,-,-,-
327,경상남도 창원시 진해구 태백동,1*,단독,8m미만,56.41,132.00,202104,09,"20,368",-,-,1982,대야로66번길,-,-,-
328,경상남도 창원시 진해구 대흥동,2*,단독,8m미만,130.50,115.60,202104,09,"12,000",-,-,1993,벚꽃로50번안길,-,-,-
329,경상남도 창원시 진해구 여좌동,9**,단독,8m미만,45.49,74.70,202104,07,"3,000",-,-,1973,대야로,-,-,-
330,경상남도 창원시 진해구 석동,1**,단독,12m미만,149.74,205.60,202104,07,"46,000",-,-,2008,동진로35번길,-,-,-
331,경상남도 창원시 진해구 여좌동,8**,단독,8m미만,45.00,119.40,202104,03,"14,300",-,-,1990,대야남로45번길,-,-,-
332,경상남도 창원시 진해구 여좌동,9*,단독,8m미만,27.11,50.60,202104,03,"2,000",-,-,1938,여좌로58번길,-,-,-
333,경상남도 창원시 진해구 이동,6**,단독,8m미만,99.27,188.50,202104,03,"18,700",-,-,1992,충장로450번길,-,-,-
334,경상남도 창원시 진해구 석동,6**,다가구,12m미만,392.55,237.10,202104,02,"71,500",-,-,2012,석동로67번길,-,-,-
335,경상남도 창원시 진해구 자은동,8**,단독,8m미만,65.67,120.00,202104,01,"12,500",-,-,1985,덕산로,-,-,-
336,경상남도 창원시 진해구 태백동,6*,단독,8m미만,30.30,100.00,202104,01,"4,500",-,-,1971,여좌천로174번길,-,-,-
337,경상남도 창원시 진해구 석동,2**,단독,12m미만,135.30,213.00,202104,01,"44,900",-,-,2004,동진로35번길,-,-,-
338,경상남도 창원시 진해구 태백동,6*,단독,8m미만,46.30,100.00,202104,01,"6,000",-,-,1972,여좌천로166번길,-,-,-
339,경상남도 창원시 진해구 충의동,4*,단독,12m미만,62.81,148.80,202103,31,"7,200",-,-,1940,중원동로10번길,-,-,-
340,경상남도 창원시 진해구 명동,4**,단독,25m미만,70.73,310.30,202103,30,"90,000",-,-,1930,명동로,-,-,-
341,경상남도 창원시 진해구 경화동,3**,단독,8m미만,120.78,155.00,202103,29,"17,500",-,-,1988,경화로15번길,-,-,-
342,경상남도 창원시 진해구 이동,6**,단독,12m미만,189.18,207.20,202103,24,"40,000",-,-,1994,충장로468번길,-,-,-
343,경상남도 창원시 진해구 경화동,1***,단독,8m미만,86.12,215.10,202103,23,"16,200",-,-,1979,충장로273번길,-,-,-
344,경상남도 창원시 진해구 여좌동,7**,단독,8m미만,141.89,168.60,202103,22,"23,250",-,-,1987,여좌로15번길,-,-,-
345,경상남도 창원시 진해구 여좌동,3*,단독,8m미만,47.51,146.60,202103,22,"5,500",-,-,1945,여좌로118번나길,-,-,-
346,경상남도 창원시 진해구 경화동,1***,단독,8m미만,132.79,247.60,202103,22,"22,000",-,-,1979,중초로29번길,-,-,-
347,경상남도 창원시 진해구 제덕동,5**,단독,8m미만,127.87,433.00,202103,22,"15,500",-,-,1991,제덕로234번길,-,-,-
348,경상남도 창원시 진해구 가주동,5*,단독,12m미만,161.21,960.00,202103,22,"70,000",-,-,1996,가주로,-,-,-
349,경상남도 창원시 진해구 석동,6**,다가구,12m미만,390.94,236.60,202103,20,"52,000",-,-,2010,석동로59번길,-,-,-
350,경상남도 창원시 진해구 안골동,3**,다가구,12m미만,422.74,198.20,202103,19,"55,000",-,-,2011,안청로34번길,-,-,-
351,경상남도 창원시 진해구 남문동,4**,단독,8m미만,72.73,93.00,202103,19,"13,700",-,-,1972,웅천동로49번길,-,-,-
352,경상남도 창원시 진해구 태평동,8*,단독,8m미만,62.25,101.50,202103,19,"5,200",-,-,1974,태평로,-,-,-
353,경상남도 창원시 진해구 청안동,2**,단독,8m미만,49.82,205.00,202103,18,"13,500",-,-,2009,청안로,-,-,-
354,경상남도 창원시 진해구 용원동,1***,단독,12m미만,175.15,294.40,202103,17,"37,500",-,-,2006,,-,-,-
355,경상남도 창원시 진해구 풍호동,7**,단독,8m미만,38.02,122.00,202103,17,"5,077",-,-,1938,덕산로46번길,-,-,-
356,경상남도 창원시 진해구 석동,1**,단독,25m미만,231.06,199.90,202103,17,"42,000",-,-,1996,석동로30번길,-,-,-
357,경상남도 창원시 진해구 안골동,3**,단독,12m미만,83.00,276.20,202103,16,"34,800",-,-,1999,안골로298번길,-,-,-
358,경상남도 창원시 진해구 충의동,*,단독,12m미만,63.68,158.70,202103,16,"18,000",-,-,1938,중원로16번길,20211205,-,-
359,경상남도 창원시 진해구 경화동,2**,단독,8m미만,22.21,152.00,202103,13,"12,000",-,-,1945,경화로16번길,-,-,-
360,경상남도 창원시 진해구 여좌동,3*,단독,8m미만,112.28,221.80,202103,13,"18,000",-,-,1979,여좌로118번나길,-,-,-
361,경상남도 창원시 진해구 자은동,1***,단독,12m미만,49.25,241.00,202103,11,"18,000",-,-,1988,냉천로129번길,-,-,-
362,경상남도 창원시 진해구 경화동,1***,단독,12m미만,88.37,174.00,202103,11,"22,000",-,-,1997,조천로31번길,-,-,-
363,경상남도 창원시 진해구 북부동,5**,단독,8m미만,50.80,119.00,202103,10,"9,600",-,-,2018,웅천로159번길,-,-,-
364,경상남도 창원시 진해구 여좌동,9**,단독,8m미만,38.54,79.50,202103,09,"17,157",-,-,1970,대야남로,-,-,-
365,경상남도 창원시 진해구 여좌동,9**,단독,8m미만,63.60,99.20,202103,09,"16,225",-,-,2002,대야남로,-,-,-
366,경상남도 창원시 진해구 경화동,1***,단독,8m미만,66.86,133.00,202103,08,"17,000",-,-,2012,조천북로80번길,-,-,-
367,경상남도 창원시 진해구 여좌동,9**,단독,12m미만,115.08,150.00,202103,07,"23,104",-,-,1985,대야로,-,-,-
368,경상남도 창원시 진해구 이동,5**,단독,25m미만,67.82,106.00,202103,06,"19,000",-,-,1999,병암로,-,-,-
369,경상남도 창원시 진해구 경화동,1***,단독,8m미만,97.62,171.40,202103,05,"16,000",-,-,2001,충장로,-,-,-
370,경상남도 창원시 진해구 여좌동,9*,단독,8m미만,75.34,130.90,202103,05,"17,700",-,-,1977,여좌로89번길,-,-,-
371,경상남도 창원시 진해구 용원동,1***,단독,12m미만,234.62,213.00,202103,04,"45,000",-,-,1998,용원중로37번길,-,-,-
372,경상남도 창원시 진해구 여좌동,7**,단독,12m미만,194.09,128.90,202103,04,"25,000",-,-,2019,여좌남로24번길,-,-,-
373,경상남도 창원시 진해구 제황산동,2*,단독,12m미만,59.34,116.00,202103,02,"7,800",-,-,1977,제황로,-,-,-
374,경상남도 창원시 진해구 여좌동,8**,단독,8m미만,137.01,142.90,202102,28,"14,000",-,-,1991,태백서로13번길,-,-,-
375,경상남도 창원시 진해구 충의동,4*,단독,12m미만,99.00,89.30,202102,27,"14,800",-,-,2002,중원동로10번길,-,-,-
376,경상남도 창원시 진해구 경화동,6**,단독,8m미만,46.35,76.00,202102,26,"7,500",-,-,1970,경화로29번길,-,-,-
377,경상남도 창원시 진해구 경화동,1***,단독,8m미만,181.03,168.80,202102,25,"27,000",-,-,2003,진해대로583번길,-,-,-
378,경상남도 창원시 진해구 안골동,3**,다가구,25m미만,464.48,211.70,202102,24,"87,000",-,-,2017,안청로,-,-,-
379,경상남도 창원시 진해구 석동,6**,단독,12m미만,233.24,209.10,202102,24,"53,000",-,-,2005,석동로59번길,-,-,-
380,경상남도 창원시 진해구 경화동,1***,단독,12m미만,119.89,115.20,202102,24,"15,000",-,-,1990,중초로23번길,-,-,-
381,경상남도 창원시 진해구 충무동,2*,단독,8m미만,79.17,136.70,202102,24,"5,500",-,-,1976,인사로,-,-,-
382,경상남도 창원시 진해구 여좌동,8**,단독,12m미만,42.15,118.70,202102,22,"13,700",-,-,1970,태백서로14번길,-,-,-
383,경상남도 창원시 진해구 대영동,1*,단독,12m미만,29.09,62.80,202102,20,"4,650",-,-,1938,태평로8번길,-,-,-
384,경상남도 창원시 진해구 태백동,*,단독,12m미만,93.24,187.00,202102,19,"13,300",-,-,1981,태백서로,-,-,-
385,경상남도 창원시 진해구 여좌동,9*,단독,12m미만,67.80,58.20,202102,17,"8,000",-,-,1975,여좌천로,-,-,-
386,경상남도 창원시 진해구 여좌동,1**,단독,12m미만,149.46,137.80,202102,17,"15,000",-,-,1990,여좌남로67번길,-,-,-
387,경상남도 창원시 진해구 장천동,1**,단독,8m미만,172.47,466.00,202102,16,"43,800",-,-,1980,진해대로1162번길,-,-,-
388,경상남도 창원시 진해구 여좌동,7**,단독,8m미만,99.42,208.60,202102,11,"30,900",-,-,2015,여좌로21번길,-,-,-
389,경상남도 창원시 진해구 경화동,5**,단독,8m미만,100.02,155.00,202102,10,"15,300",-,-,1976,경화로25번길,-,-,-
390,경상남도 창원시 진해구 태백동,1*,단독,8m미만,57.20,101.80,202102,10,"15,100",-,-,1987,대야남로67번길,-,-,-
391,경상남도 창원시 진해구 제황산동,2*,단독,8m미만,72.16,162.00,202102,10,"7,000",-,-,1978,인사로36번길,-,-,-
392,경상남도 창원시 진해구 대죽동,3*,단독,12m미만,72.56,137.00,202102,10,"14,000",-,-,1989,태평로48번길,-,-,-
393,경상남도 창원시 진해구 안골동,3**,다가구,25m미만,455.90,211.60,202102,10,"62,000",-,-,2003,안청로,-,-,-
394,경상남도 창원시 진해구 가주동,6**,단독,8m미만,39.00,297.00,202102,09,"11,000",-,-,1935,가주로,-,-,-
395,경상남도 창원시 진해구 태백동,1*,단독,8m미만,57.20,101.80,202102,09,"15,100",-,-,1987,대야남로67번길,20210305,-,-
396,경상남도 창원시 진해구 안골동,3**,다가구,12m미만,437.46,203.30,202102,09,"41,500",-,-,2005,안청남로40번길,-,-,-
397,경상남도 창원시 진해구 안골동,3**,다가구,12m미만,493.78,287.80,202102,08,"78,000",-,-,2015,안골로318번길,-,-,-
398,경상남도 창원시 진해구 마천동,5*,단독,8m미만,194.93,430.00,202102,08,"25,400",-,-,1988,웅동로111번길,-,-,-
399,경상남도 창원시 진해구 여좌동,8**,단독,8m미만,36.30,138.90,202102,08,"17,000",-,-,2002,대야로,-,-,-
400,경상남도 창원시 진해구 경화동,1***,단독,8m미만,55.14,105.00,202102,07,"13,300",-,-,1976,진해대로597번길,-,-,-
401,경상남도 창원시 진해구 태백동,1*,단독,12m미만,74.53,145.00,202102,06,"20,145",-,-,1977,대야남로67번길,-,-,-
402,경상남도 창원시 진해구 경화동,1***,단독,8m미만,129.56,125.10,202102,05,"12,500",-,-,1985,태백로13번길,-,-,-
403,경상남도 창원시 진해구 여좌동,8**,단독,8m미만,146.70,143.10,202102,04,"24,685",-,-,1992,대야남로51번길,-,-,-
404,경상남도 창원시 진해구 여좌동,3*,단독,8m미만,73.14,279.00,202102,03,"15,800",-,-,1988,여좌로118번가길,-,-,-
405,경상남도 창원시 진해구 경화동,6*,단독,12m미만,63.17,89.00,202102,03,"8,750",-,-,1980,경화로8번길,-,-,-
406,경상남도 창원시 진해구 여좌동,8**,단독,12m미만,47.21,115.00,202101,30,"14,970",-,-,1957,대야로24번길,-,-,-
407,경상남도 창원시 진해구 이동,6**,단독,8m미만,182.73,173.80,202101,29,"20,000",-,-,1992,충장로406번길,-,-,-
408,경상남도 창원시 진해구 이동,6**,다가구,25m미만,495.48,589.80,202101,25,"100,000",-,-,2012,이동로2번길,-,-,-
409,경상남도 창원시 진해구 경화동,1***,단독,8m미만,50.45,84.80,202101,25,"10,000",-,-,2011,충장로249번길,-,-,-
410,경상남도 창원시 진해구 여좌동,9*,단독,12m미만,95.04,97.90,202101,24,"13,000",-,-,1979,여명로83번길,-,-,-
411,경상남도 창원시 진해구 용원동,1***,다가구,12m미만,493.47,245.30,202101,23,"57,500",-,-,2010,용재로89번길,-,-,-
412,경상남도 창원시 진해구 남양동,2**,단독,8m미만,91.90,272.00,202101,22,"12,000",-,-,2002,남영로452번길,-,-,-
413,경상남도 창원시 진해구 태백동,1*,단독,8m미만,33.41,93.00,202101,21,"13,500",-,-,1972,대야남로67번길,-,-,-
414,경상남도 창원시 진해구 덕산동,7*,단독,12m미만,75.04,139.00,202101,20,"15,000",-,-,1974,충장로505번길,-,-,-
415,경상남도 창원시 진해구 여좌동,8**,단독,25m이상,79.21,275.40,202101,19,"57,000",-,-,1938,충장로,-,-,-
416,경상남도 창원시 진해구 여좌동,7**,단독,25m이상,351.53,332.70,202101,19,"100,000",-,-,2012,충장로,-,-,-
417,경상남도 창원시 진해구 이동,6**,단독,8m미만,80.64,187.50,202101,19,"17,500",-,-,1993,충장로468번길,-,-,-
418,경상남도 창원시 진해구 경화동,7**,단독,8m미만,81.56,149.00,202101,18,"15,500",-,-,1996,경화로34번길,-,-,-
419,경상남도 창원시 진해구 이동,6**,단독,8m미만,96.38,172.20,202101,16,"20,000",-,-,2000,충장로468번길,-,-,-
420,경상남도 창원시 진해구 여좌동,7**,단독,25m이상,151.04,92.70,202101,14,"17,700",-,-,1999,여좌남로,-,-,-
421,경상남도 창원시 진해구 여좌동,7**,단독,8m미만,55.87,50.60,202101,12,"2,800",-,-,1969,충장로43번길,-,-,-
422,경상남도 창원시 진해구 안골동,3**,다가구,12m미만,400.16,192.60,202101,11,"48,700",-,-,2004,안골로285번길,-,-,-
423,경상남도 창원시 진해구 경화동,1**,단독,12m미만,181.57,178.00,202101,11,"20,000",-,-,1960,경화로7번길,-,-,-
424,경상남도 창원시 진해구 덕산동,7*,단독,12m미만,46.48,57.00,202101,11,"8,000",-,-,1967,덕산로14번길,-,-,-
425,경상남도 창원시 진해구 이동,6**,단독,8m미만,168.21,194.00,202101,09,"23,000",-,-,1992,충장로442번길,-,-,-
426,경상남도 창원시 진해구 북부동,9**,단독,8m미만,99.58,452.00,202101,08,"17,000",-,-,2015,웅천북로,20210303,-,-
427,경상남도 창원시 진해구 자은동,9**,단독,8m미만,208.98,194.70,202101,07,"25,000",-,-,1996,자은로40번길,-,-,-
428,경상남도 창원시 진해구 덕산동,7*,단독,25m미만,357.28,155.00,202101,06,"60,000",-,-,1992,충장로505번길,-,-,-
429,경상남도 창원시 진해구 두동,1***,단독,8m미만,104.70,1340.00,202101,06,"50,000",-,-,1950,웅동로,-,-,-
430,경상남도 창원시 진해구 여좌동,7**,단독,8m미만,29.62,47.30,202101,04,"2,990",-,-,1969,충장로43번길,-,-,-
431,경상남도 창원시 진해구 석동,1**,다가구,8m미만,455.62,235.00,202101,03,"64,000",-,-,2011,충장로449번길,-,-,-
432,경상남도 창원시 진해구 이동,8*,단독,8m미만,164.66,173.00,202101,02,"30,300",-,-,1989,냉천로30번길,-,-,-
